$MeshFormat
2.2 0 8
$EndMeshFormat
$Nodes
8160
1 0 0 0
2 250 0 0
3 250 250 0
4 0 250 0
5 0 500 0
6 250 500 0
7 500 500 0
8 500 250 0
9 3.164556962023652 0 0
10 6.32911392404754 0 0
11 9.493670886070898 0 0
12 12.65822784809296 0 0
13 15.82278481011547 0 0
14 18.98734177214101 0 0
15 22.1518987341675 0 0
16 25.31645569619399 0 0
17 28.48101265822047 0 0
18 31.64556962024556 0 0
19 34.81012658226472 0 0
20 37.9746835442822 0 0
21 41.13924050629969 0 0
22 44.30379746831719 0 0
23 47.46835443033467 0 0
24 50.63291139235216 0 0
25 53.79746835436966 0 0
26 56.96202531638714 0 0
27 60.12658227840463 0 0
28 63.29113924042325 0 0
29 66.45569620244807 0 0
30 69.62025316447456 0 0
31 72.78481012650106 0 0
32 75.94936708852752 0 0
33 79.11392405055402 0 0
34 82.2784810125805 0 0
35 85.44303797460698 0 0
36 88.60759493663348 0 0
37 91.77215189865994 0 0
38 94.93670886068644 0 0
39 98.10126582271293 0 0
40 101.2658227847394 0 0
41 104.4303797467659 0 0
42 107.5949367087924 0 0
43 110.7594936708189 0 0
44 113.9240506328454 0 0
45 117.0886075948718 0 0
46 120.2531645568983 0 0
47 123.4177215189253 0 0
48 126.5822784809608 0 0
49 129.7468354429944 0 0
50 132.9113924050208 0 0
51 136.0759493670473 0 0
52 139.2405063290738 0 0
53 142.4050632911002 0 0
54 145.5696202531267 0 0
55 148.7341772151532 0 0
56 151.8987341771796 0 0
57 155.0632911392061 0 0
58 158.2278481012326 0 0
59 161.392405063259 0 0
60 164.5569620252855 0 0
61 167.721518987312 0 0
62 170.8860759493384 0 0
63 174.0506329113649 0 0
64 177.2151898733913 0 0
65 180.3797468354178 0 0
66 183.5443037974442 0 0
67 186.7088607594707 0 0
68 189.8734177214972 0 0
69 193.0379746835236 0 0
70 196.2025316455501 0 0
71 199.3670886075766 0 0
72 202.531645569603 0 0
73 205.6962025316295 0 0
74 208.8607594936559 0 0
75 212.0253164556824 0 0
76 215.1898734177089 0 0
77 218.3544303797353 0 0
78 221.5189873417618 0 0
79 224.6835443037883 0 0
80 227.8481012658147 0 0
81 231.0126582278412 0 0
82 234.1772151898676 0 0
83 237.3417721518941 0 0
84 240.5063291139206 0 0
85 243.670886075947 0 0
86 246.8354430379735 0 0
87 250 58.5628655885896 0
88 250 104.315104413369 0
89 250 140.0590409756992 0
90 250 167.98399151276 0
91 250 189.8003589120646 0
92 250 206.8443957808944 0
93 250 220.1600497736206 0
94 250 230.5629045494451 0
95 250 238.6901344390048 0
96 250 245.0395327127352 0
97 246.8354430379749 250 0
98 243.6708860759498 250 0
99 240.5063291139247 250 0
100 237.3417721518996 250 0
101 234.1772151898745 250 0
102 231.0126582278494 250 0
103 227.8481012658242 250 0
104 224.6835443037991 250 0
105 221.518987341774 250 0
106 218.3544303797489 250 0
107 215.1898734177238 250 0
108 212.0253164556987 250 0
109 208.8607594936736 250 0
110 205.6962025316485 250 0
111 202.5316455696234 250 0
112 199.3670886075983 250 0
113 196.2025316455732 250 0
114 193.0379746835481 250 0
115 189.873417721523 250 0
116 186.7088607594979 250 0
117 183.5443037974728 250 0
118 180.3797468354476 250 0
119 177.2151898734226 250 0
120 174.0506329113974 250 0
121 170.8860759493723 250 0
122 167.7215189873472 250 0
123 164.5569620253221 250 0
124 161.392405063297 250 0
125 158.2278481012719 250 0
126 155.0632911392468 250 0
127 151.8987341772217 250 0
128 148.7341772151966 250 0
129 145.5696202531715 250 0
130 142.4050632911464 250 0
131 139.2405063291213 250 0
132 136.0759493670962 250 0
133 132.9113924050711 250 0
134 129.746835443046 250 0
135 126.5822784810203 250 0
136 123.4177215189862 250 0
137 120.253164556954 250 0
138 117.0886075949289 250 0
139 113.9240506329037 250 0
140 110.7594936708787 250 0
141 107.5949367088536 250 0
142 104.4303797468285 250 0
143 101.2658227848034 250 0
144 98.10126582277826 250 0
145 94.93670886075316 250 0
146 91.77215189872803 250 0
147 88.60759493670292 250 0
148 85.44303797467782 250 0
149 82.27848101265272 250 0
150 79.11392405062762 250 0
151 75.94936708860254 250 0
152 72.78481012657741 250 0
153 69.62025316455231 250 0
154 66.45569620252721 250 0
155 63.29113924050208 250 0
156 60.126582278477 250 0
157 56.9620253164519 250 0
158 53.79746835442677 250 0
159 50.63291139240167 250 0
160 47.46835443037656 250 0
161 44.30379746835146 250 0
162 41.13924050632636 250 0
163 37.97468354430126 250 0
164 34.81012658227615 250 0
165 31.64556962025105 250 0
166 28.48101265822595 250 0
167 25.31645569620085 250 0
168 22.15189873417572 250 0
169 18.98734177215061 250 0
170 15.82278481012551 250 0
171 12.65822784810041 250 0
172 9.493670886075336 250 0
173 6.329113924050233 250 0
174 3.164556962025102 250 0
175 0 245.0395321839049 0
176 0 238.6901338717354 0
177 0 230.562903868998 0
178 0 220.1600490216811 0
179 0 206.8443949707735 0
180 0 189.8003580701329 0
181 0 167.983990684717 0
182 0 140.0590402353299 0
183 0 104.3151038746895 0
184 0 58.56286542257567 0
185 250 253.1645569620253 0
186 250 256.3291139240506 0
187 250 259.4936708860759 0
188 250 262.6582278481012 0
189 250 265.8227848101266 0
190 250 268.9873417721519 0
191 250 272.1518987341772 0
192 250 275.3164556962025 0
193 250 278.4810126582278 0
194 250 281.6455696202531 0
195 250 284.8101265822784 0
196 250 287.9746835443037 0
197 250 291.139240506329 0
198 250 294.3037974683543 0
199 250 297.4683544303796 0
200 250 300.6329113924049 0
201 250 303.7974683544302 0
202 250 306.9620253164555 0
203 250 310.1265822784808 0
204 250 313.2911392405061 0
205 250 316.4556962025315 0
206 250 319.6202531645568 0
207 250 322.7848101265821 0
208 250 325.9493670886075 0
209 250 329.1139240506328 0
210 250 332.2784810126581 0
211 250 335.4430379746834 0
212 250 338.6075949367087 0
213 250 341.772151898734 0
214 250 344.9367088607594 0
215 250 348.1012658227847 0
216 250 351.26582278481 0
217 250 354.4303797468353 0
218 250 357.5949367088606 0
219 250 360.7594936708859 0
220 250 363.9240506329113 0
221 250 367.0886075949366 0
222 250 370.2531645569619 0
223 250 373.4177215189873 0
224 250 376.5822784810126 0
225 250 379.7468354430379 0
226 250 382.9113924050632 0
227 250 386.0759493670885 0
228 250 389.2405063291138 0
229 250 392.4050632911392 0
230 250 395.5696202531644 0
231 250 398.7341772151898 0
232 250 401.8987341772151 0
233 250 405.0632911392404 0
234 250 408.2278481012657 0
235 250 411.3924050632911 0
236 250 414.5569620253164 0
237 250 417.7215189873417 0
238 250 420.8860759493671 0
239 250 424.0506329113923 0
240 250 427.2151898734177 0
241 250 430.379746835443 0
242 250 433.5443037974683 0
243 250 436.7088607594936 0
244 250 439.8734177215189 0
245 250 443.0379746835443 0
246 250 446.2025316455696 0
247 250 449.3670886075949 0
248 250 452.5316455696202 0
249 250 455.6962025316456 0
250 250 458.8607594936709 0
251 250 462.0253164556962 0
252 250 465.1898734177215 0
253 250 468.3544303797469 0
254 250 471.5189873417721 0
255 250 474.6835443037975 0
256 250 477.8481012658228 0
257 250 481.0126582278481 0
258 250 484.1772151898734 0
259 250 487.3417721518987 0
260 250 490.506329113924 0
261 250 493.6708860759494 0
262 250 496.8354430379747 0
263 246.8354430379749 500 0
264 243.6708860759498 500 0
265 240.5063291139247 500 0
266 237.3417721518996 500 0
267 234.1772151898745 500 0
268 231.0126582278494 500 0
269 227.8481012658242 500 0
270 224.6835443037991 500 0
271 221.518987341774 500 0
272 218.3544303797489 500 0
273 215.1898734177238 500 0
274 212.0253164556987 500 0
275 208.8607594936736 500 0
276 205.6962025316485 500 0
277 202.5316455696234 500 0
278 199.3670886075983 500 0
279 196.2025316455732 500 0
280 193.0379746835481 500 0
281 189.873417721523 500 0
282 186.7088607594979 500 0
283 183.5443037974728 500 0
284 180.3797468354476 500 0
285 177.2151898734226 500 0
286 174.0506329113974 500 0
287 170.8860759493723 500 0
288 167.7215189873472 500 0
289 164.5569620253221 500 0
290 161.392405063297 500 0
291 158.2278481012719 500 0
292 155.0632911392468 500 0
293 151.8987341772217 500 0
294 148.7341772151966 500 0
295 145.5696202531715 500 0
296 142.4050632911464 500 0
297 139.2405063291213 500 0
298 136.0759493670962 500 0
299 132.9113924050711 500 0
300 129.746835443046 500 0
301 126.5822784810203 500 0
302 123.4177215189862 500 0
303 120.253164556954 500 0
304 117.0886075949289 500 0
305 113.9240506329037 500 0
306 110.7594936708787 500 0
307 107.5949367088536 500 0
308 104.4303797468285 500 0
309 101.2658227848034 500 0
310 98.10126582277826 500 0
311 94.93670886075316 500 0
312 91.77215189872803 500 0
313 88.60759493670292 500 0
314 85.44303797467782 500 0
315 82.27848101265272 500 0
316 79.11392405062762 500 0
317 75.94936708860254 500 0
318 72.78481012657741 500 0
319 69.62025316455231 500 0
320 66.45569620252721 500 0
321 63.29113924050208 500 0
322 60.126582278477 500 0
323 56.9620253164519 500 0
324 53.79746835442677 500 0
325 50.63291139240167 500 0
326 47.46835443037656 500 0
327 44.30379746835146 500 0
328 41.13924050632636 500 0
329 37.97468354430126 500 0
330 34.81012658227615 500 0
331 31.64556962025105 500 0
332 28.48101265822595 500 0
333 25.31645569620085 500 0
334 22.15189873417572 500 0
335 18.98734177215061 500 0
336 15.82278481012551 500 0
337 12.65822784810041 500 0
338 9.493670886075336 500 0
339 6.329113924050233 500 0
340 3.164556962025102 500 0
341 0 496.8354430379747 0
342 0 493.6708860759494 0
343 0 490.5063291139241 0
344 0 487.3417721518988 0
345 0 484.1772151898734 0
346 0 481.0126582278481 0
347 0 477.8481012658228 0
348 0 474.6835443037975 0
349 0 471.5189873417722 0
350 0 468.3544303797469 0
351 0 465.1898734177216 0
352 0 462.0253164556963 0
353 0 458.860759493671 0
354 0 455.6962025316457 0
355 0 452.5316455696204 0
356 0 449.3670886075951 0
357 0 446.2025316455698 0
358 0 443.0379746835445 0
359 0 439.8734177215192 0
360 0 436.7088607594939 0
361 0 433.5443037974685 0
362 0 430.3797468354432 0
363 0 427.2151898734179 0
364 0 424.0506329113925 0
365 0 420.8860759493672 0
366 0 417.7215189873419 0
367 0 414.5569620253166 0
368 0 411.3924050632913 0
369 0 408.227848101266 0
370 0 405.0632911392406 0
371 0 401.8987341772153 0
372 0 398.73417721519 0
373 0 395.5696202531647 0
374 0 392.4050632911394 0
375 0 389.2405063291141 0
376 0 386.0759493670887 0
377 0 382.9113924050634 0
378 0 379.7468354430381 0
379 0 376.5822784810127 0
380 0 373.4177215189874 0
381 0 370.2531645569621 0
382 0 367.0886075949368 0
383 0 363.9240506329115 0
384 0 360.7594936708862 0
385 0 357.5949367088608 0
386 0 354.4303797468356 0
387 0 351.2658227848102 0
388 0 348.1012658227849 0
389 0 344.9367088607596 0
390 0 341.7721518987343 0
391 0 338.6075949367089 0
392 0 335.4430379746836 0
393 0 332.2784810126583 0
394 0 329.1139240506329 0
395 0 325.9493670886077 0
396 0 322.7848101265823 0
397 0 319.620253164557 0
398 0 316.4556962025317 0
399 0 313.2911392405064 0
400 0 310.1265822784811 0
401 0 306.9620253164557 0
402 0 303.7974683544304 0
403 0 300.6329113924051 0
404 0 297.4683544303798 0
405 0 294.3037974683544 0
406 0 291.1392405063291 0
407 0 287.9746835443038 0
408 0 284.8101265822785 0
409 0 281.6455696202531 0
410 0 278.4810126582279 0
411 0 275.3164556962025 0
412 0 272.1518987341772 0
413 0 268.9873417721519 0
414 0 265.8227848101266 0
415 0 262.6582278481013 0
416 0 259.493670886076 0
417 0 256.3291139240506 0
418 0 253.1645569620253 0
419 254.9604678160954 250 0
420 261.3098661282652 250 0
421 269.437096131003 250 0
422 279.8399509783208 250 0
423 293.1556050292293 250 0
424 310.1996419298715 250 0
425 332.0160093152896 250 0
426 359.9409597646797 250 0
427 395.6848961253055 250 0
428 441.4371345774207 250 0
429 500 253.1645569620253 0
430 500 256.3291139240506 0
431 500 259.4936708860759 0
432 500 262.6582278481012 0
433 500 265.8227848101266 0
434 500 268.9873417721519 0
435 500 272.1518987341772 0
436 500 275.3164556962025 0
437 500 278.4810126582278 0
438 500 281.6455696202531 0
439 500 284.8101265822784 0
440 500 287.9746835443037 0
441 500 291.139240506329 0
442 500 294.3037974683543 0
443 500 297.4683544303796 0
444 500 300.6329113924049 0
445 500 303.7974683544302 0
446 500 306.9620253164555 0
447 500 310.1265822784808 0
448 500 313.2911392405061 0
449 500 316.4556962025315 0
450 500 319.6202531645568 0
451 500 322.7848101265821 0
452 500 325.9493670886075 0
453 500 329.1139240506328 0
454 500 332.2784810126581 0
455 500 335.4430379746834 0
456 500 338.6075949367087 0
457 500 341.772151898734 0
458 500 344.9367088607594 0
459 500 348.1012658227847 0
460 500 351.26582278481 0
461 500 354.4303797468353 0
462 500 357.5949367088606 0
463 500 360.7594936708859 0
464 500 363.9240506329113 0
465 500 367.0886075949366 0
466 500 370.2531645569619 0
467 500 373.4177215189873 0
468 500 376.5822784810126 0
469 500 379.7468354430379 0
470 500 382.9113924050632 0
471 500 386.0759493670885 0
472 500 389.2405063291138 0
473 500 392.4050632911392 0
474 500 395.5696202531644 0
475 500 398.7341772151898 0
476 500 401.8987341772151 0
477 500 405.0632911392404 0
478 500 408.2278481012657 0
479 500 411.3924050632911 0
480 500 414.5569620253164 0
481 500 417.7215189873417 0
482 500 420.8860759493671 0
483 500 424.0506329113923 0
484 500 427.2151898734177 0
485 500 430.379746835443 0
486 500 433.5443037974683 0
487 500 436.7088607594936 0
488 500 439.8734177215189 0
489 500 443.0379746835443 0
490 500 446.2025316455696 0
491 500 449.3670886075949 0
492 500 452.5316455696202 0
493 500 455.6962025316456 0
494 500 458.8607594936709 0
495 500 462.0253164556962 0
496 500 465.1898734177215 0
497 500 468.3544303797469 0
498 500 471.5189873417721 0
499 500 474.6835443037975 0
500 500 477.8481012658228 0
501 500 481.0126582278481 0
502 500 484.1772151898734 0
503 500 487.3417721518987 0
504 500 490.506329113924 0
505 500 493.6708860759494 0
506 500 496.8354430379747 0
507 441.4371344113346 500 0
508 395.684895586565 500 0
509 359.9409590242679 500 0
510 332.0160084872174 500 0
511 310.1996410879203 500 0
512 293.1556042190957 500 0
513 279.8399502263732 500 0
514 269.4370954505513 500 0
515 261.3098655609936 500 0
516 254.9604672872641 500 0
517 3.164556962023992 58.56286542467711 0
518 3.164556962024258 104.3151038815083 0
519 3.164556962024466 140.0590402447017 0
520 3.164556962024628 167.9839906951986 0
521 3.164556962024753 189.8003580807902 0
522 3.164556962024852 206.8443949810282 0
523 3.164556962024929 220.1600490311992 0
524 3.16455696202499 230.5629038776113 0
525 3.164556962025038 238.6901338789161 0
526 3.164556962025074 245.0395321905989 0
527 6.329113924048172 58.56286542677856 0
528 6.329113924048665 104.315103888327 0
529 6.329113924049048 140.0590402540735 0
530 6.32911392404935 167.9839907056802 0
531 6.329113924049585 189.8003580914476 0
532 6.32911392404977 206.8443949912829 0
533 6.329113924049912 220.1600490407175 0
534 6.329113924050025 230.5629038862245 0
535 6.329113924050111 238.6901338860966 0
536 6.32911392405018 245.039532197293 0
537 9.493670886071939 58.56286542888 0
538 9.493670886072749 104.3151038951457 0
539 9.493670886073382 140.0590402634453 0
540 9.493670886073879 167.9839907161617 0
541 9.493670886074266 189.800358102105 0
542 9.49367088607457 206.8443950015377 0
543 9.493670886074806 220.1600490502358 0
544 9.493670886074987 230.5629038948377 0
545 9.493670886075137 238.6901338932773 0
546 9.493670886075249 245.039532203987 0
547 12.65822784809471 58.56286543098143 0
548 12.65822784809607 104.3151039019645 0
549 12.65822784809713 140.059040272817 0
550 12.65822784809796 167.9839907266432 0
551 12.65822784809862 189.8003581127623 0
552 12.65822784809912 206.8443950117923 0
553 12.65822784809952 220.160049059754 0
554 12.65822784809983 230.562903903451 0
555 12.65822784810007 238.6901339004579 0
556 12.65822784810026 245.0395322106811 0
557 15.82278481011782 58.56286543308288 0
558 15.82278481011966 104.3151039087832 0
559 15.8227848101211 140.0590402821888 0
560 15.82278481012222 167.9839907371249 0
561 15.82278481012309 189.8003581234197 0
562 15.82278481012378 206.844395022047 0
563 15.82278481012431 220.1600490692722 0
564 15.82278481012473 230.5629039120643 0
565 15.82278481012506 238.6901339076385 0
566 15.82278481012531 245.0395322173751 0
567 18.98734177214326 58.56286543518434 0
568 18.98734177214502 104.3151039156019 0
569 18.98734177214639 140.0590402915605 0
570 18.98734177214747 167.9839907476064 0
571 18.98734177214831 189.8003581340771 0
572 18.98734177214896 206.8443950323017 0
573 18.98734177214947 220.1600490787904 0
574 18.98734177214987 230.5629039206775 0
575 18.98734177215018 238.6901339148192 0
576 18.98734177215042 245.0395322240692 0
577 22.15189873416943 58.56286543728577 0
578 22.15189873417093 104.3151039224206 0
579 22.1518987341721 140.0590403009323 0
580 22.15189873417302 167.983990758088 0
581 22.15189873417374 189.8003581447344 0
582 22.1518987341743 206.8443950425564 0
583 22.15189873417474 220.1600490883086 0
584 22.15189873417508 230.5629039292908 0
585 22.15189873417535 238.6901339219997 0
586 22.15189873417555 245.0395322307633 0
587 25.31645569619559 58.56286543938721 0
588 25.31645569619684 104.3151039292393 0
589 25.31645569619783 140.059040310304 0
590 25.3164556961986 167.9839907685695 0
591 25.3164556961992 189.8003581553918 0
592 25.31645569619966 206.8443950528111 0
593 25.31645569620002 220.1600490978269 0
594 25.31645569620031 230.562903937904 0
595 25.31645569620053 238.6901339291804 0
596 25.31645569620071 245.0395322374573 0
597 28.48101265822176 58.56286544148864 0
598 28.48101265822275 104.3151039360581 0
599 28.48101265822354 140.0590403196758 0
600 28.48101265822415 167.9839907790511 0
601 28.48101265822463 189.8003581660492 0
602 28.481012658225 206.8443950630658 0
603 28.48101265822529 220.1600491073451 0
604 28.48101265822552 230.5629039465173 0
605 28.4810126582257 238.690133936361 0
606 28.48101265822584 245.0395322441514 0
607 31.64556962024685 58.56286544359008 0
608 31.64556962024785 104.3151039428768 0
609 31.64556962024864 140.0590403290476 0
610 31.64556962024925 167.9839907895327 0
611 31.64556962024973 189.8003581767065 0
612 31.6455696202501 206.8443950733205 0
613 31.6455696202504 220.1600491168633 0
614 31.64556962025063 230.5629039551305 0
615 31.6455696202508 238.6901339435417 0
616 31.64556962025094 245.0395322508454 0
617 34.8101265822674 58.56286544569153 0
618 34.81012658226949 104.3151039496955 0
619 34.81012658227112 140.0590403384194 0
620 34.8101265822724 167.9839908000142 0
621 34.81012658227339 189.8003581873639 0
622 34.81012658227417 206.8443950835752 0
623 34.81012658227479 220.1600491263815 0
624 34.81012658227527 230.5629039637438 0
625 34.81012658227564 238.6901339507223 0
626 34.81012658227593 245.0395322575395 0
627 37.97468354428665 58.56286544779297 0
628 37.97468354429014 104.3151039565142 0
629 37.97468354429287 140.0590403477911 0
630 37.974683544295 167.9839908104957 0
631 37.97468354429667 189.8003581980212 0
632 37.97468354429795 206.8443950938299 0
633 37.97468354429898 220.1600491358997 0
634 37.97468354429978 230.562903972357 0
635 37.9746835443004 238.6901339579029 0
636 37.97468354430088 245.0395322642335 0
637 41.13924050630595 58.56286544989442 0
638 41.13924050631081 104.315103963333 0
639 41.13924050631464 140.0590403571629 0
640 41.13924050631761 167.9839908209773 0
641 41.13924050631994 189.8003582086786 0
642 41.13924050632176 206.8443951040846 0
643 41.13924050632318 220.160049145418 0
644 41.13924050632431 230.5629039809703 0
645 41.13924050632515 238.6901339650835 0
646 41.13924050632584 245.0395322709276 0
647 44.30379746832521 58.56286545199586 0
648 44.3037974683315 104.3151039701517 0
649 44.30379746833638 140.0590403665346 0
650 44.30379746834022 167.9839908314589 0
651 44.30379746834321 189.800358219336 0
652 44.30379746834554 206.8443951143392 0
653 44.30379746834738 220.1600491549361 0
654 44.3037974683488 230.5629039895836 0
655 44.30379746834991 238.6901339722642 0
656 44.30379746835078 245.0395322776216 0
657 47.46835443034448 58.56286545409731 0
658 47.46835443035215 104.3151039769704 0
659 47.46835443035813 140.0590403759064 0
660 47.46835443036282 167.9839908419404 0
661 47.46835443036647 189.8003582299933 0
662 47.46835443036933 206.844395124594 0
663 47.46835443037158 220.1600491644544 0
664 47.4683544303733 230.5629039981968 0
665 47.46835443037467 238.6901339794448 0
666 47.46835443037573 245.0395322843157 0
667 50.63291139236377 58.56286545619874 0
668 50.63291139237282 104.3151039837891 0
669 50.6329113923799 140.0590403852782 0
670 50.63291139238542 167.983990852422 0
671 50.63291139238974 189.8003582406507 0
672 50.63291139239313 206.8443951348486 0
673 50.63291139239577 220.1600491739726 0
674 50.63291139239781 230.56290400681 0
675 50.63291139239942 238.6901339866254 0
676 50.63291139240069 245.0395322910097 0
677 53.79746835438301 58.56286545830019 0
678 53.79746835439349 104.3151039906079 0
679 53.79746835440164 140.0590403946499 0
680 53.79746835440802 167.9839908629035 0
681 53.79746835441303 189.800358251308 0
682 53.79746835441691 206.8443951451033 0
683 53.79746835441997 220.1600491834908 0
684 53.79746835442232 230.5629040154233 0
685 53.79746835442418 238.6901339938061 0
686 53.79746835442563 245.0395322977038 0
687 56.9620253164023 58.56286546040164 0
688 56.96202531641416 104.3151039974266 0
689 56.96202531642342 140.0590404040217 0
690 56.96202531643065 167.9839908733851 0
691 56.9620253164363 189.8003582619654 0
692 56.96202531644072 206.844395155358 0
693 56.96202531644417 220.160049193009 0
694 56.96202531644687 230.5629040240366 0
695 56.96202531644897 238.6901340009866 0
696 56.96202531645061 245.0395323043978 0
697 60.12658227842159 58.56286546250308 0
698 60.12658227843482 104.3151040042453 0
699 60.12658227844516 140.0590404133934 0
700 60.12658227845327 167.9839908838666 0
701 60.12658227845958 189.8003582726228 0
702 60.12658227846451 206.8443951656128 0
703 60.12658227846836 220.1600492025273 0
704 60.12658227847137 230.5629040326498 0
705 60.12658227847373 238.6901340081673 0
706 60.12658227847557 245.0395323110919 0
707 63.29113924044171 58.56286546460451 0
708 63.29113924045616 104.3151040110641 0
709 63.2911392404674 140.0590404227652 0
710 63.29113924047623 167.9839908943482 0
711 63.2911392404831 189.8003582832802 0
712 63.29113924048848 206.8443951758674 0
713 63.29113924049267 220.1600492120455 0
714 63.29113924049594 230.5629040412631 0
715 63.2911392404985 238.6901340153479 0
716 63.29113924050053 245.039532317786 0
717 66.45569620246661 58.56286546670594 0
718 66.45569620248111 104.3151040178828 0
719 66.45569620249242 140.059040432137 0
720 66.45569620250126 167.9839909048297 0
721 66.45569620250814 189.8003582939375 0
722 66.45569620251356 206.8443951861221 0
723 66.45569620251777 220.1600492215638 0
724 66.45569620252107 230.5629040498764 0
725 66.45569620252363 238.6901340225286 0
726 66.45569620252564 245.03953232448 0
727 69.62025316449279 58.5628654688074 0
728 69.62025316450699 104.3151040247015 0
729 69.62025316451812 140.0590404415088 0
730 69.6202531645268 167.9839909153113 0
731 69.62025316453361 189.8003583045949 0
732 69.62025316453888 206.8443951963769 0
733 69.62025316454303 220.1600492310819 0
734 69.62025316454628 230.5629040584896 0
735 69.62025316454879 238.6901340297092 0
736 69.62025316455076 245.0395323311741 0
737 72.78481012651895 58.56286547090883 0
738 72.78481012653293 104.3151040315202 0
739 72.78481012654385 140.0590404508805 0
740 72.78481012655237 167.9839909257929 0
741 72.78481012655902 189.8003583152522 0
742 72.78481012656422 206.8443952066315 0
743 72.78481012656829 220.1600492406001 0
744 72.78481012657147 230.5629040671028 0
745 72.78481012657397 238.6901340368898 0
746 72.78481012657591 245.0395323378681 0
747 75.94936708854512 58.56286547301028 0
748 75.94936708855883 104.315104038339 0
749 75.94936708856955 140.0590404602523 0
750 75.94936708857794 167.9839909362744 0
751 75.94936708858447 189.8003583259096 0
752 75.94936708858958 206.8443952168862 0
753 75.94936708859359 220.1600492501184 0
754 75.94936708859672 230.5629040757161 0
755 75.94936708859916 238.6901340440704 0
756 75.94936708860104 245.0395323445622 0
757 79.11392405057127 58.56286547511172 0
758 79.11392405058471 104.3151040451577 0
759 79.11392405059526 140.059040469624 0
760 79.11392405060347 167.983990946756 0
761 79.1139240506099 189.800358336567 0
762 79.11392405061488 206.8443952271409 0
763 79.11392405061882 220.1600492596367 0
764 79.11392405062189 230.5629040843294 0
765 79.11392405062428 238.6901340512511 0
766 79.11392405062617 245.0395323512562 0
767 82.27848101259741 58.56286547721316 0
768 82.27848101261063 104.3151040519764 0
769 82.27848101262094 140.0590404789957 0
770 82.27848101262902 167.9839909572376 0
771 82.27848101263532 189.8003583472243 0
772 82.27848101264028 206.8443952373956 0
773 82.27848101264408 220.1600492691548 0
774 82.27848101264711 230.5629040929426 0
775 82.27848101264945 238.6901340584317 0
776 82.2784810126513 245.0395323579503 0
777 85.44303797462359 58.56286547931461 0
778 85.44303797463651 104.3151040587952 0
779 85.44303797464669 140.0590404883675 0
780 85.44303797465459 167.9839909677191 0
781 85.44303797466078 189.8003583578817 0
782 85.44303797466561 206.8443952476503 0
783 85.44303797466938 220.1600492786731 0
784 85.44303797467232 230.5629041015559 0
785 85.4430379746746 238.6901340656122 0
786 85.44303797467641 245.0395323646443 0
787 88.60759493664972 58.56286548141605 0
788 88.60759493666245 104.3151040656139 0
789 88.6075949366724 140.0590404977393 0
790 88.60759493668013 167.9839909782006 0
791 88.60759493668621 189.8003583685391 0
792 88.60759493669093 206.844395257905 0
793 88.60759493669462 220.1600492881913 0
794 88.60759493669752 230.5629041101691 0
795 88.6075949366998 238.6901340727929 0
796 88.60759493670155 245.0395323713384 0
797 91.77215189867589 58.56286548351749 0
798 91.77215189868834 104.3151040724326 0
799 91.77215189869808 140.0590405071111 0
800 91.77215189870567 167.9839909886822 0
801 91.77215189871166 189.8003583791964 0
802 91.77215189871626 206.8443952681597 0
803 91.7721518987199 220.1600492977095 0
804 91.77215189872273 230.5629041187824 0
805 91.77215189872494 238.6901340799735 0
806 91.77215189872668 245.0395323780324 0
807 94.93670886070205 58.56286548561893 0
808 94.93670886071428 104.3151040792513 0
809 94.93670886072383 140.0590405164829 0
810 94.93670886073127 167.9839909991638 0
811 94.9367088607371 189.8003583898538 0
812 94.93670886074162 206.8443952784144 0
813 94.9367088607452 220.1600493072277 0
814 94.93670886074798 230.5629041273956 0
815 94.93670886075013 238.6901340871542 0
816 94.93670886075185 245.0395323847265 0
817 98.10126582272821 58.56286548772037 0
818 98.1012658227402 104.31510408607 0
819 98.10126582274953 140.0590405258546 0
820 98.1012658227568 167.9839910096453 0
821 98.10126582276254 189.8003584005111 0
822 98.10126582276698 206.8443952886691 0
823 98.10126582277044 220.160049316746 0
824 98.10126582277319 230.5629041360089 0
825 98.1012658227753 238.6901340943348 0
826 98.10126582277698 245.0395323914205 0
827 101.2658227847544 58.56286548982182 0
828 101.2658227847661 104.3151040928888 0
829 101.2658227847752 140.0590405352264 0
830 101.2658227847824 167.9839910201268 0
831 101.2658227847879 189.8003584111685 0
832 101.2658227847923 206.8443952989238 0
833 101.2658227847957 220.1600493262642 0
834 101.2658227847984 230.5629041446221 0
835 101.2658227848004 238.6901341015154 0
836 101.2658227848021 245.0395323981146 0
837 104.4303797467805 58.56286549192325 0
838 104.430379746792 104.3151040997075 0
839 104.430379746801 140.0590405445981 0
840 104.4303797468079 167.9839910306084 0
841 104.4303797468134 189.8003584218259 0
842 104.4303797468177 206.8443953091785 0
843 104.430379746821 220.1600493357824 0
844 104.4303797468236 230.5629041532354 0
845 104.4303797468256 238.690134108696 0
846 104.4303797468272 245.0395324048087 0
847 107.5949367088067 58.56286549402471 0
848 107.5949367088179 104.3151041065262 0
849 107.5949367088267 140.0590405539699 0
850 107.5949367088335 167.98399104109 0
851 107.5949367088388 189.8003584324833 0
852 107.594936708843 206.8443953194332 0
853 107.5949367088463 220.1600493453006 0
854 107.5949367088488 230.5629041618487 0
855 107.5949367088508 238.6901341158767 0
856 107.5949367088524 245.0395324115028 0
857 110.7594936708329 58.56286549612615 0
858 110.7594936708438 104.315104113345 0
859 110.7594936708524 140.0590405633416 0
860 110.7594936708591 167.9839910515715 0
861 110.7594936708643 189.8003584431406 0
862 110.7594936708684 206.8443953296879 0
863 110.7594936708715 220.1600493548188 0
864 110.759493670874 230.5629041704618 0
865 110.7594936708759 238.6901341230572 0
866 110.7594936708775 245.0395324181968 0
867 113.924050632859 58.56286549822758 0
868 113.9240506328697 104.3151041201637 0
869 113.9240506328781 140.0590405727134 0
870 113.9240506328846 167.9839910620531 0
871 113.9240506328897 189.8003584537979 0
872 113.9240506328937 206.8443953399426 0
873 113.9240506328968 220.160049364337 0
874 113.9240506328992 230.5629041790751 0
875 113.9240506329011 238.6901341302379 0
876 113.9240506329026 245.0395324248909 0
877 117.0886075948852 58.56286550032902 0
878 117.0886075948956 104.3151041269824 0
879 117.0886075949038 140.0590405820851 0
880 117.0886075949102 167.9839910725346 0
881 117.0886075949151 189.8003584644553 0
882 117.088607594919 206.8443953501972 0
883 117.0886075949221 220.1600493738553 0
884 117.0886075949245 230.5629041876884 0
885 117.0886075949263 238.6901341374185 0
886 117.0886075949278 245.0395324315849 0
887 120.2531645569113 58.56286550243047 0
888 120.2531645569215 104.3151041338012 0
889 120.2531645569295 140.0590405914569 0
890 120.2531645569357 167.9839910830162 0
891 120.2531645569406 189.8003584751127 0
892 120.2531645569444 206.8443953604519 0
893 120.2531645569474 220.1600493833735 0
894 120.2531645569497 230.5629041963016 0
895 120.2531645569514 238.6901341445991 0
896 120.2531645569529 245.0395324382789 0
897 123.4177215189396 58.56286550453191 0
898 123.4177215189508 104.3151041406199 0
899 123.4177215189594 140.0590406008287 0
900 123.4177215189663 167.9839910934978 0
901 123.4177215189716 189.8003584857701 0
902 123.4177215189757 206.8443953707067 0
903 123.417721518979 220.1600493928918 0
904 123.4177215189815 230.5629042049149 0
905 123.4177215189834 238.6901341517798 0
906 123.417721518985 245.039532444973 0
907 126.5822784809747 58.56286550663336 0
908 126.5822784809857 104.3151041474386 0
909 126.5822784809941 140.0590406102005 0
910 126.5822784810008 167.9839911039793 0
911 126.582278481006 189.8003584964274 0
912 126.5822784810101 206.8443953809613 0
913 126.5822784810132 220.1600494024099 0
914 126.5822784810157 230.5629042135282 0
915 126.5822784810176 238.6901341589604 0
916 126.5822784810192 245.0395324516671 0
917 129.7468354430065 58.5628655087348 0
918 129.7468354430159 104.3151041542573 0
919 129.7468354430233 140.0590406195722 0
920 129.746835443029 167.9839911144609 0
921 129.7468354430336 189.8003585070848 0
922 129.7468354430371 206.844395391216 0
923 129.7468354430398 220.1600494119282 0
924 129.746835443042 230.5629042221414 0
925 129.7468354430437 238.6901341661411 0
926 129.7468354430449 245.0395324583611 0
927 132.9113924050326 58.56286551083625 0
928 132.9113924050418 104.3151041610761 0
929 132.911392405049 140.059040628944 0
930 132.9113924050546 167.9839911249425 0
931 132.911392405059 189.8003585177421 0
932 132.9113924050624 206.8443954014707 0
933 132.9113924050651 220.1600494214464 0
934 132.9113924050672 230.5629042307547 0
935 132.9113924050688 238.6901341733217 0
936 132.9113924050701 245.0395324650552 0
937 136.0759493670587 58.56286551293769 0
938 136.0759493670677 104.3151041678948 0
939 136.0759493670747 140.0590406383158 0
940 136.0759493670802 167.983991135424 0
941 136.0759493670843 189.8003585283995 0
942 136.0759493670877 206.8443954117255 0
943 136.0759493670903 220.1600494309646 0
944 136.0759493670924 230.5629042393679 0
945 136.0759493670939 238.6901341805023 0
946 136.0759493670952 245.0395324717492 0
947 139.240506329085 58.56286551503912 0
948 139.2405063290936 104.3151041747135 0
949 139.2405063291004 140.0590406476875 0
950 139.2405063291057 167.9839911459055 0
951 139.2405063291098 189.8003585390569 0
952 139.240506329113 206.8443954219801 0
953 139.2405063291156 220.1600494404829 0
954 139.2405063291176 230.5629042479812 0
955 139.2405063291191 238.6901341876829 0
956 139.2405063291203 245.0395324784433 0
957 142.405063291111 58.56286551714057 0
958 142.4050632911195 104.3151041815322 0
959 142.4050632911261 140.0590406570593 0
960 142.4050632911312 167.9839911563871 0
961 142.4050632911353 189.8003585497142 0
962 142.4050632911384 206.8443954322348 0
963 142.4050632911409 220.1600494500011 0
964 142.4050632911428 230.5629042565944 0
965 142.4050632911443 238.6901341948636 0
966 142.4050632911455 245.0395324851373 0
967 145.5696202531372 58.56286551924201 0
968 145.5696202531453 104.315104188351 0
969 145.5696202531518 140.059040666431 0
970 145.5696202531568 167.9839911668687 0
971 145.5696202531607 189.8003585603716 0
972 145.5696202531637 206.8443954424895 0
973 145.5696202531661 220.1600494595193 0
974 145.569620253168 230.5629042652077 0
975 145.5696202531694 238.6901342020442 0
976 145.5696202531706 245.0395324918314 0
977 148.7341772151634 58.56286552134344 0
978 148.7341772151713 104.3151041951697 0
979 148.7341772151775 140.0590406758028 0
980 148.7341772151824 167.9839911773502 0
981 148.7341772151862 189.8003585710289 0
982 148.7341772151891 206.8443954527442 0
983 148.7341772151915 220.1600494690375 0
984 148.7341772151932 230.5629042738209 0
985 148.7341772151946 238.6901342092248 0
986 148.7341772151958 245.0395324985254 0
987 151.8987341771895 58.56286552344488 0
988 151.8987341771972 104.3151042019884 0
989 151.8987341772032 140.0590406851746 0
990 151.8987341772079 167.9839911878317 0
991 151.8987341772115 189.8003585816863 0
992 151.8987341772144 206.8443954629989 0
993 151.8987341772167 220.1600494785557 0
994 151.8987341772184 230.5629042824342 0
995 151.8987341772198 238.6901342164054 0
996 151.8987341772209 245.0395325052195 0
997 155.0632911392156 58.56286552554633 0
998 155.0632911392231 104.3151042088072 0
999 155.0632911392289 140.0590406945463 0
1000 155.0632911392335 167.9839911983133 0
1001 155.063291139237 189.8003585923436 0
1002 155.0632911392398 206.8443954732535 0
1003 155.063291139242 220.160049488074 0
1004 155.0632911392437 230.5629042910474 0
1005 155.0632911392449 238.690134223586 0
1006 155.063291139246 245.0395325119135 0
1007 158.2278481012418 58.56286552764777 0
1008 158.227848101249 104.3151042156259 0
1009 158.2278481012546 140.0590407039181 0
1010 158.227848101259 167.9839912087949 0
1011 158.2278481012624 189.8003586030011 0
1012 158.2278481012651 206.8443954835083 0
1013 158.2278481012672 220.1600494975922 0
1014 158.2278481012689 230.5629042996607 0
1015 158.2278481012701 238.6901342307667 0
1016 158.2278481012711 245.0395325186076 0
1017 161.3924050632679 58.56286552974922 0
1018 161.3924050632749 104.3151042224446 0
1019 161.3924050632803 140.0590407132899 0
1020 161.3924050632845 167.9839912192765 0
1021 161.3924050632879 189.8003586136584 0
1022 161.3924050632904 206.844395493763 0
1023 161.3924050632924 220.1600495071104 0
1024 161.392405063294 230.5629043082739 0
1025 161.3924050632953 238.6901342379473 0
1026 161.3924050632963 245.0395325253016 0
1027 164.5569620252941 58.56286553185066 0
1028 164.5569620253008 104.3151042292633 0
1029 164.556962025306 140.0590407226616 0
1030 164.5569620253101 167.983991229758 0
1031 164.5569620253133 189.8003586243158 0
1032 164.5569620253158 206.8443955040177 0
1033 164.5569620253177 220.1600495166286 0
1034 164.5569620253193 230.5629043168872 0
1035 164.5569620253205 238.690134245128 0
1036 164.5569620253214 245.0395325319957 0
1037 167.7215189873203 58.56286553395211 0
1038 167.7215189873266 104.315104236082 0
1039 167.7215189873317 140.0590407320334 0
1040 167.7215189873357 167.9839912402396 0
1041 167.7215189873388 189.8003586349732 0
1042 167.7215189873412 206.8443955142723 0
1043 167.721518987343 220.1600495261468 0
1044 167.7215189873445 230.5629043255004 0
1045 167.7215189873457 238.6901342523086 0
1046 167.7215189873465 245.0395325386898 0
1047 170.8860759493464 58.56286553605355 0
1048 170.8860759493525 104.3151042429008 0
1049 170.8860759493573 140.0590407414051 0
1050 170.8860759493612 167.9839912507211 0
1051 170.8860759493641 189.8003586456305 0
1052 170.8860759493664 206.844395524527 0
1053 170.8860759493683 220.160049535665 0
1054 170.8860759493697 230.5629043341137 0
1055 170.8860759493708 238.6901342594892 0
1056 170.8860759493716 245.0395325453838 0
1057 174.0506329113725 58.56286553815499 0
1058 174.0506329113785 104.3151042497195 0
1059 174.0506329113831 140.0590407507769 0
1060 174.0506329113867 167.9839912612027 0
1061 174.0506329113896 189.8003586562878 0
1062 174.0506329113918 206.8443955347818 0
1063 174.0506329113936 220.1600495451833 0
1064 174.0506329113949 230.5629043427269 0
1065 174.050632911396 238.6901342666698 0
1066 174.0506329113967 245.0395325520779 0
1067 177.2151898733986 58.56286554025644 0
1068 177.2151898734044 104.3151042565382 0
1069 177.2151898734088 140.0590407601487 0
1070 177.2151898734123 167.9839912716842 0
1071 177.2151898734151 189.8003586669452 0
1072 177.2151898734172 206.8443955450365 0
1073 177.2151898734188 220.1600495547015 0
1074 177.2151898734201 230.5629043513402 0
1075 177.2151898734212 238.6901342738504 0
1076 177.215189873422 245.039532558772 0
1077 180.3797468354248 58.56286554235788 0
1078 180.3797468354302 104.315104263357 0
1079 180.3797468354345 140.0590407695204 0
1080 180.3797468354379 167.9839912821658 0
1081 180.3797468354405 189.8003586776026 0
1082 180.3797468354425 206.8443955552911 0
1083 180.3797468354441 220.1600495642197 0
1084 180.3797468354453 230.5629043599534 0
1085 180.3797468354463 238.690134281031 0
1086 180.3797468354471 245.039532565466 0
1087 183.5443037974509 58.56286554445933 0
1088 183.5443037974561 104.3151042701757 0
1089 183.5443037974602 140.0590407788922 0
1090 183.5443037974634 167.9839912926474 0
1091 183.5443037974659 189.80035868826 0
1092 183.5443037974678 206.8443955655459 0
1093 183.5443037974694 220.160049573738 0
1094 183.5443037974705 230.5629043685667 0
1095 183.5443037974715 238.6901342882117 0
1096 183.5443037974722 245.03953257216 0
1097 186.7088607594771 58.56286554656076 0
1098 186.708860759482 104.3151042769944 0
1099 186.7088607594859 140.059040788264 0
1100 186.708860759489 167.9839913031289 0
1101 186.7088607594913 189.8003586989173 0
1102 186.7088607594932 206.8443955758006 0
1103 186.7088607594946 220.1600495832561 0
1104 186.7088607594958 230.56290437718 0
1105 186.7088607594966 238.6901342953923 0
1106 186.7088607594973 245.0395325788541 0
1107 189.8734177215033 58.5628655486622 0
1108 189.8734177215079 104.3151042838131 0
1109 189.8734177215116 140.0590407976357 0
1110 189.8734177215145 167.9839913136104 0
1111 189.8734177215168 189.8003587095747 0
1112 189.8734177215185 206.8443955860552 0
1113 189.8734177215198 220.1600495927743 0
1114 189.873417721521 230.5629043857932 0
1115 189.8734177215218 238.6901343025729 0
1116 189.8734177215225 245.0395325855482 0
1117 193.0379746835293 58.56286555076365 0
1118 193.0379746835338 104.3151042906319 0
1119 193.0379746835374 140.0590408070075 0
1120 193.0379746835401 167.983991324092 0
1121 193.0379746835422 189.800358720232 0
1122 193.0379746835439 206.8443955963099 0
1123 193.0379746835451 220.1600496022927 0
1124 193.0379746835462 230.5629043944065 0
1125 193.037974683547 238.6901343097536 0
1126 193.0379746835476 245.0395325922422 0
1127 196.2025316455555 58.56286555286509 0
1128 196.2025316455597 104.3151042974506 0
1129 196.202531645563 140.0590408163793 0
1130 196.2025316455656 167.9839913345736 0
1131 196.2025316455676 189.8003587308894 0
1132 196.2025316455692 206.8443956065647 0
1133 196.2025316455704 220.1600496118108 0
1134 196.2025316455714 230.5629044030197 0
1135 196.2025316455721 238.6901343169341 0
1136 196.2025316455727 245.0395325989363 0
1137 199.3670886075816 58.56286555496652 0
1138 199.3670886075856 104.3151043042693 0
1139 199.3670886075888 140.0590408257511 0
1140 199.3670886075911 167.9839913450552 0
1141 199.3670886075931 189.8003587415468 0
1142 199.3670886075946 206.8443956168194 0
1143 199.3670886075957 220.1600496213291 0
1144 199.3670886075966 230.562904411633 0
1145 199.3670886075973 238.6901343241148 0
1146 199.3670886075978 245.0395326056303 0
1147 202.5316455696078 58.56286555706797 0
1148 202.5316455696115 104.315104311088 0
1149 202.5316455696144 140.0590408351228 0
1150 202.5316455696167 167.9839913555367 0
1151 202.5316455696184 189.8003587522041 0
1152 202.5316455696199 206.844395627074 0
1153 202.5316455696209 220.1600496308473 0
1154 202.5316455696218 230.5629044202462 0
1155 202.5316455696225 238.6901343312954 0
1156 202.531645569623 245.0395326123244 0
1157 205.696202531634 58.56286555916941 0
1158 205.6962025316374 104.3151043179068 0
1159 205.6962025316402 140.0590408444945 0
1160 205.6962025316422 167.9839913660183 0
1161 205.6962025316439 189.8003587628615 0
1162 205.6962025316452 206.8443956373287 0
1163 205.6962025316462 220.1600496403655 0
1164 205.696202531647 230.5629044288595 0
1165 205.6962025316477 238.690134338476 0
1166 205.6962025316481 245.0395326190184 0
1167 208.8607594936601 58.56286556127085 0
1168 208.8607594936633 104.3151043247255 0
1169 208.8607594936658 140.0590408538663 0
1170 208.8607594936678 167.9839913764998 0
1171 208.8607594936693 189.8003587735189 0
1172 208.8607594936706 206.8443956475834 0
1173 208.8607594936715 220.1600496498837 0
1174 208.8607594936722 230.5629044374728 0
1175 208.8607594936727 238.6901343456567 0
1176 208.8607594936732 245.0395326257125 0
1177 212.0253164556862 58.5628655633723 0
1178 212.0253164556892 104.3151043315442 0
1179 212.0253164556916 140.059040863238 0
1180 212.0253164556933 167.9839913869814 0
1181 212.0253164556948 189.8003587841763 0
1182 212.0253164556959 206.8443956578381 0
1183 212.0253164556968 220.1600496594019 0
1184 212.0253164556974 230.562904446086 0
1185 212.025316455698 238.6901343528373 0
1186 212.0253164556984 245.0395326324065 0
1187 215.1898734177123 58.56286556547374 0
1188 215.1898734177151 104.315104338363 0
1189 215.1898734177173 140.0590408726098 0
1190 215.1898734177189 167.9839913974629 0
1191 215.1898734177202 189.8003587948336 0
1192 215.1898734177213 206.8443956680928 0
1193 215.189873417722 220.1600496689202 0
1194 215.1898734177226 230.5629044546993 0
1195 215.1898734177231 238.690134360018 0
1196 215.1898734177235 245.0395326391006 0
1197 218.3544303797386 58.56286556757519 0
1198 218.354430379741 104.3151043451817 0
1199 218.354430379743 140.0590408819816 0
1200 218.3544303797444 167.9839914079445 0
1201 218.3544303797457 189.800358805491 0
1202 218.3544303797466 206.8443956783475 0
1203 218.3544303797473 220.1600496784384 0
1204 218.3544303797479 230.5629044633125 0
1205 218.3544303797483 238.6901343671985 0
1206 218.3544303797486 245.0395326457946 0
1207 221.5189873417647 58.56286556967662 0
1208 221.5189873417669 104.3151043520004 0
1209 221.5189873417686 140.0590408913534 0
1210 221.51898734177 167.9839914184261 0
1211 221.5189873417711 189.8003588161484 0
1212 221.5189873417719 206.8443956886022 0
1213 221.5189873417726 220.1600496879566 0
1214 221.5189873417731 230.5629044719258 0
1215 221.5189873417735 238.6901343743792 0
1216 221.5189873417738 245.0395326524887 0
1217 224.6835443037908 58.56286557177806 0
1218 224.6835443037928 104.3151043588191 0
1219 224.6835443037943 140.0590409007251 0
1220 224.6835443037955 167.9839914289076 0
1221 224.6835443037965 189.8003588268057 0
1222 224.6835443037972 206.8443956988569 0
1223 224.6835443037978 220.1600496974748 0
1224 224.6835443037983 230.562904480539 0
1225 224.6835443037986 238.6901343815598 0
1226 224.6835443037989 245.0395326591828 0
1227 227.8481012658169 58.56286557387951 0
1228 227.8481012658187 104.3151043656379 0
1229 227.84810126582 140.0590409100969 0
1230 227.8481012658211 167.9839914393891 0
1231 227.848101265822 189.8003588374631 0
1232 227.8481012658225 206.8443957091116 0
1233 227.8481012658231 220.160049706993 0
1234 227.8481012658235 230.5629044891523 0
1235 227.8481012658238 238.6901343887404 0
1236 227.848101265824 245.0395326658768 0
1237 231.0126582278431 58.56286557598095 0
1238 231.0126582278446 104.3151043724566 0
1239 231.0126582278458 140.0590409194687 0
1240 231.0126582278467 167.9839914498707 0
1241 231.0126582278474 189.8003588481204 0
1242 231.0126582278479 206.8443957193662 0
1243 231.0126582278484 220.1600497165114 0
1244 231.0126582278487 230.5629044977655 0
1245 231.012658227849 238.6901343959211 0
1246 231.0126582278492 245.0395326725708 0
1247 234.1772151898692 58.56286557808238 0
1248 234.1772151898705 104.3151043792753 0
1249 234.1772151898714 140.0590409288404 0
1250 234.1772151898722 167.9839914603523 0
1251 234.1772151898728 189.8003588587777 0
1252 234.1772151898733 206.844395729621 0
1253 234.1772151898737 220.1600497260295 0
1254 234.1772151898739 230.5629045063788 0
1255 234.1772151898741 238.6901344031017 0
1256 234.1772151898743 245.0395326792649 0
1257 237.3417721518954 58.56286558018383 0
1258 237.3417721518964 104.315104386094 0
1259 237.3417721518971 140.0590409382122 0
1260 237.3417721518978 167.9839914708338 0
1261 237.3417721518982 189.8003588694352 0
1262 237.3417721518986 206.8443957398757 0
1263 237.3417721518989 220.1600497355477 0
1264 237.3417721518992 230.5629045149921 0
1265 237.3417721518993 238.6901344102823 0
1266 237.3417721518995 245.039532685959 0
1267 240.5063291139215 58.56286558228526 0
1268 240.5063291139223 104.3151043929127 0
1269 240.5063291139228 140.0590409475839 0
1270 240.5063291139233 167.9839914813154 0
1271 240.5063291139236 189.8003588800925 0
1272 240.506329113924 206.8443957501304 0
1273 240.5063291139242 220.1600497450659 0
1274 240.5063291139244 230.5629045236053 0
1275 240.5063291139244 238.6901344174629 0
1276 240.5063291139246 245.039532692653 0
1277 243.6708860759477 58.56286558438671 0
1278 243.6708860759482 104.3151043997315 0
1279 243.6708860759485 140.0590409569557 0
1280 243.6708860759489 167.983991491797 0
1281 243.6708860759491 189.8003588907499 0
1282 243.6708860759493 206.844395760385 0
1283 243.6708860759495 220.1600497545842 0
1284 243.6708860759496 230.5629045322186 0
1285 243.6708860759497 238.6901344246436 0
1286 243.6708860759497 245.0395326993471 0
1287 246.8354430379738 58.56286558648815 0
1288 246.835443037974 104.3151044065502 0
1289 246.8354430379743 140.0590409663274 0
1290 246.8354430379744 167.9839915022785 0
1291 246.8354430379745 189.8003589014072 0
1292 246.8354430379746 206.8443957706397 0
1293 246.8354430379747 220.1600497641024 0
1294 246.8354430379748 230.5629045408318 0
1295 246.8354430379749 238.6901344318241 0
1296 246.8354430379749 245.0395327060411 0
1297 3.164556962025102 253.1645569620253 0
1298 3.164556962025102 256.3291139240506 0
1299 3.164556962025102 259.493670886076 0
1300 3.164556962025102 262.6582278481014 0
1301 3.164556962025103 265.8227848101266 0
1302 3.164556962025102 268.987341772152 0
1303 3.164556962025102 272.1518987341772 0
1304 3.164556962025102 275.3164556962026 0
1305 3.164556962025102 278.481012658228 0
1306 3.164556962025102 281.6455696202532 0
1307 3.164556962025102 284.8101265822785 0
1308 3.164556962025102 287.9746835443039 0
1309 3.164556962025102 291.1392405063291 0
1310 3.164556962025102 294.3037974683545 0
1311 3.164556962025102 297.4683544303797 0
1312 3.164556962025102 300.632911392405 0
1313 3.164556962025102 303.7974683544305 0
1314 3.164556962025102 306.9620253164557 0
1315 3.164556962025103 310.1265822784811 0
1316 3.164556962025102 313.2911392405064 0
1317 3.164556962025102 316.4556962025317 0
1318 3.164556962025102 319.620253164557 0
1319 3.164556962025102 322.7848101265823 0
1320 3.164556962025102 325.9493670886077 0
1321 3.164556962025102 329.113924050633 0
1322 3.164556962025102 332.2784810126582 0
1323 3.164556962025102 335.4430379746835 0
1324 3.164556962025102 338.607594936709 0
1325 3.164556962025102 341.7721518987343 0
1326 3.164556962025102 344.9367088607596 0
1327 3.164556962025102 348.101265822785 0
1328 3.164556962025102 351.2658227848103 0
1329 3.164556962025102 354.4303797468356 0
1330 3.164556962025102 357.5949367088607 0
1331 3.164556962025102 360.7594936708862 0
1332 3.164556962025102 363.9240506329116 0
1333 3.164556962025102 367.0886075949369 0
1334 3.164556962025102 370.2531645569621 0
1335 3.164556962025102 373.4177215189874 0
1336 3.164556962025102 376.5822784810127 0
1337 3.164556962025102 379.7468354430382 0
1338 3.164556962025102 382.9113924050634 0
1339 3.164556962025102 386.0759493670888 0
1340 3.164556962025102 389.2405063291141 0
1341 3.164556962025102 392.4050632911393 0
1342 3.164556962025102 395.5696202531645 0
1343 3.164556962025102 398.73417721519 0
1344 3.164556962025102 401.8987341772153 0
1345 3.164556962025102 405.0632911392407 0
1346 3.164556962025102 408.2278481012659 0
1347 3.164556962025102 411.3924050632913 0
1348 3.164556962025102 414.5569620253166 0
1349 3.164556962025102 417.7215189873418 0
1350 3.164556962025102 420.8860759493672 0
1351 3.164556962025102 424.0506329113925 0
1352 3.164556962025102 427.215189873418 0
1353 3.164556962025102 430.3797468354432 0
1354 3.164556962025102 433.5443037974685 0
1355 3.164556962025102 436.7088607594939 0
1356 3.164556962025102 439.8734177215192 0
1357 3.164556962025102 443.0379746835443 0
1358 3.164556962025102 446.2025316455698 0
1359 3.164556962025102 449.3670886075952 0
1360 3.164556962025102 452.5316455696204 0
1361 3.164556962025102 455.6962025316456 0
1362 3.164556962025102 458.8607594936709 0
1363 3.164556962025102 462.0253164556963 0
1364 3.164556962025102 465.1898734177217 0
1365 3.164556962025102 468.3544303797469 0
1366 3.164556962025102 471.5189873417723 0
1367 3.164556962025102 474.6835443037976 0
1368 3.164556962025102 477.8481012658229 0
1369 3.164556962025102 481.0126582278481 0
1370 3.164556962025102 484.1772151898734 0
1371 3.164556962025102 487.3417721518989 0
1372 3.164556962025102 490.506329113924 0
1373 3.164556962025102 493.6708860759494 0
1374 3.164556962025102 496.8354430379747 0
1375 6.329113924050235 253.1645569620253 0
1376 6.329113924050232 256.3291139240506 0
1377 6.329113924050234 259.493670886076 0
1378 6.329113924050234 262.6582278481014 0
1379 6.329113924050233 265.8227848101266 0
1380 6.329113924050235 268.9873417721519 0
1381 6.329113924050231 272.1518987341771 0
1382 6.329113924050233 275.3164556962025 0
1383 6.329113924050233 278.4810126582279 0
1384 6.329113924050232 281.6455696202531 0
1385 6.329113924050234 284.8101265822784 0
1386 6.329113924050234 287.9746835443039 0
1387 6.329113924050233 291.1392405063291 0
1388 6.329113924050233 294.3037974683545 0
1389 6.329113924050233 297.4683544303799 0
1390 6.329113924050233 300.632911392405 0
1391 6.329113924050234 303.7974683544305 0
1392 6.329113924050233 306.9620253164557 0
1393 6.329113924050233 310.126582278481 0
1394 6.329113924050233 313.2911392405064 0
1395 6.329113924050233 316.4556962025317 0
1396 6.329113924050233 319.6202531645571 0
1397 6.329113924050234 322.7848101265823 0
1398 6.329113924050233 325.9493670886077 0
1399 6.329113924050233 329.113924050633 0
1400 6.329113924050233 332.2784810126583 0
1401 6.329113924050233 335.4430379746838 0
1402 6.329113924050233 338.6075949367089 0
1403 6.329113924050233 341.7721518987342 0
1404 6.329113924050233 344.9367088607595 0
1405 6.329113924050234 348.101265822785 0
1406 6.329113924050233 351.2658227848102 0
1407 6.329113924050233 354.4303797468356 0
1408 6.329113924050233 357.5949367088609 0
1409 6.329113924050233 360.7594936708862 0
1410 6.329113924050233 363.9240506329115 0
1411 6.329113924050233 367.0886075949368 0
1412 6.329113924050233 370.2531645569621 0
1413 6.329113924050233 373.4177215189874 0
1414 6.329113924050233 376.5822784810127 0
1415 6.329113924050233 379.7468354430381 0
1416 6.329113924050233 382.9113924050633 0
1417 6.329113924050233 386.0759493670887 0
1418 6.329113924050233 389.2405063291142 0
1419 6.329113924050233 392.4050632911392 0
1420 6.329113924050233 395.5696202531648 0
1421 6.329113924050233 398.73417721519 0
1422 6.329113924050233 401.8987341772154 0
1423 6.329113924050233 405.0632911392407 0
1424 6.329113924050233 408.2278481012659 0
1425 6.329113924050233 411.3924050632912 0
1426 6.329113924050233 414.5569620253165 0
1427 6.329113924050233 417.7215189873419 0
1428 6.329113924050234 420.8860759493672 0
1429 6.329113924050233 424.0506329113925 0
1430 6.329113924050233 427.2151898734179 0
1431 6.329113924050233 430.3797468354431 0
1432 6.329113924050233 433.5443037974685 0
1433 6.329113924050233 436.7088607594939 0
1434 6.329113924050233 439.8734177215191 0
1435 6.329113924050233 443.0379746835446 0
1436 6.329113924050234 446.2025316455697 0
1437 6.329113924050233 449.3670886075951 0
1438 6.329113924050233 452.5316455696203 0
1439 6.329113924050233 455.6962025316457 0
1440 6.329113924050233 458.8607594936709 0
1441 6.329113924050234 462.0253164556963 0
1442 6.329113924050233 465.1898734177216 0
1443 6.329113924050233 468.3544303797471 0
1444 6.329113924050233 471.5189873417722 0
1445 6.329113924050233 474.6835443037977 0
1446 6.329113924050233 477.8481012658228 0
1447 6.329113924050233 481.012658227848 0
1448 6.329113924050234 484.1772151898734 0
1449 6.329113924050234 487.3417721518988 0
1450 6.329113924050233 490.506329113924 0
1451 6.329113924050233 493.6708860759494 0
1452 6.329113924050233 496.8354430379746 0
1453 9.493670886075336 253.1645569620253 0
1454 9.493670886075334 256.3291139240506 0
1455 9.493670886075332 259.493670886076 0
1456 9.493670886075337 262.6582278481013 0
1457 9.493670886075339 265.8227848101266 0
1458 9.493670886075336 268.9873417721519 0
1459 9.493670886075337 272.1518987341771 0
1460 9.493670886075336 275.3164556962026 0
1461 9.493670886075336 278.481012658228 0
1462 9.493670886075336 281.6455696202532 0
1463 9.493670886075336 284.8101265822784 0
1464 9.493670886075339 287.9746835443039 0
1465 9.493670886075336 291.139240506329 0
1466 9.493670886075336 294.3037974683545 0
1467 9.493670886075336 297.4683544303799 0
1468 9.493670886075336 300.6329113924051 0
1469 9.493670886075336 303.7974683544305 0
1470 9.493670886075336 306.9620253164557 0
1471 9.493670886075336 310.1265822784811 0
1472 9.493670886075336 313.2911392405064 0
1473 9.493670886075336 316.4556962025317 0
1474 9.493670886075336 319.6202531645571 0
1475 9.493670886075336 322.7848101265823 0
1476 9.493670886075336 325.9493670886077 0
1477 9.493670886075336 329.113924050633 0
1478 9.493670886075336 332.2784810126583 0
1479 9.493670886075336 335.4430379746836 0
1480 9.493670886075336 338.6075949367089 0
1481 9.493670886075336 341.7721518987343 0
1482 9.493670886075336 344.9367088607595 0
1483 9.493670886075336 348.101265822785 0
1484 9.493670886075336 351.2658227848102 0
1485 9.493670886075336 354.4303797468356 0
1486 9.493670886075336 357.5949367088609 0
1487 9.493670886075336 360.7594936708862 0
1488 9.493670886075336 363.9240506329115 0
1489 9.493670886075336 367.0886075949369 0
1490 9.493670886075336 370.2531645569621 0
1491 9.493670886075336 373.4177215189874 0
1492 9.493670886075336 376.5822784810127 0
1493 9.493670886075336 379.7468354430381 0
1494 9.493670886075336 382.9113924050634 0
1495 9.493670886075336 386.0759493670887 0
1496 9.493670886075336 389.2405063291139 0
1497 9.493670886075336 392.4050632911394 0
1498 9.493670886075336 395.5696202531647 0
1499 9.493670886075336 398.73417721519 0
1500 9.493670886075336 401.8987341772153 0
1501 9.493670886075336 405.0632911392407 0
1502 9.493670886075336 408.227848101266 0
1503 9.493670886075336 411.3924050632913 0
1504 9.493670886075336 414.5569620253166 0
1505 9.493670886075336 417.7215189873419 0
1506 9.493670886075336 420.8860759493672 0
1507 9.493670886075336 424.0506329113925 0
1508 9.493670886075336 427.2151898734179 0
1509 9.493670886075336 430.3797468354432 0
1510 9.493670886075336 433.5443037974684 0
1511 9.493670886075336 436.7088607594939 0
1512 9.493670886075336 439.8734177215192 0
1513 9.493670886075336 443.0379746835444 0
1514 9.493670886075336 446.2025316455697 0
1515 9.493670886075336 449.3670886075952 0
1516 9.493670886075336 452.5316455696204 0
1517 9.493670886075336 455.6962025316457 0
1518 9.493670886075336 458.8607594936709 0
1519 9.493670886075336 462.0253164556963 0
1520 9.493670886075336 465.1898734177216 0
1521 9.493670886075336 468.3544303797469 0
1522 9.493670886075336 471.5189873417723 0
1523 9.493670886075336 474.6835443037976 0
1524 9.493670886075337 477.8481012658228 0
1525 9.493670886075336 481.012658227848 0
1526 9.493670886075336 484.1772151898734 0
1527 9.493670886075337 487.3417721518988 0
1528 9.493670886075336 490.5063291139241 0
1529 9.493670886075334 493.6708860759494 0
1530 9.493670886075336 496.8354430379748 0
1531 12.65822784810041 253.1645569620253 0
1532 12.65822784810041 256.3291139240506 0
1533 12.65822784810041 259.493670886076 0
1534 12.65822784810041 262.6582278481014 0
1535 12.65822784810041 265.8227848101266 0
1536 12.65822784810041 268.9873417721519 0
1537 12.65822784810041 272.1518987341772 0
1538 12.65822784810041 275.3164556962026 0
1539 12.65822784810041 278.4810126582279 0
1540 12.65822784810041 281.6455696202532 0
1541 12.65822784810041 284.8101265822785 0
1542 12.65822784810041 287.9746835443038 0
1543 12.65822784810041 291.1392405063291 0
1544 12.65822784810041 294.3037974683544 0
1545 12.65822784810041 297.4683544303799 0
1546 12.65822784810041 300.6329113924051 0
1547 12.65822784810041 303.7974683544305 0
1548 12.65822784810041 306.9620253164557 0
1549 12.65822784810041 310.1265822784811 0
1550 12.65822784810041 313.2911392405064 0
1551 12.65822784810041 316.4556962025317 0
1552 12.65822784810041 319.6202531645571 0
1553 12.65822784810041 322.7848101265824 0
1554 12.65822784810041 325.9493670886077 0
1555 12.65822784810041 329.113924050633 0
1556 12.65822784810041 332.2784810126583 0
1557 12.65822784810041 335.4430379746836 0
1558 12.65822784810041 338.6075949367089 0
1559 12.65822784810041 341.7721518987343 0
1560 12.65822784810041 344.9367088607595 0
1561 12.65822784810041 348.101265822785 0
1562 12.65822784810041 351.2658227848102 0
1563 12.65822784810041 354.4303797468355 0
1564 12.65822784810041 357.5949367088607 0
1565 12.65822784810041 360.7594936708861 0
1566 12.65822784810041 363.9240506329114 0
1567 12.65822784810041 367.0886075949367 0
1568 12.65822784810041 370.2531645569621 0
1569 12.65822784810041 373.4177215189874 0
1570 12.65822784810041 376.5822784810127 0
1571 12.65822784810041 379.7468354430381 0
1572 12.65822784810041 382.9113924050633 0
1573 12.65822784810041 386.0759493670887 0
1574 12.65822784810041 389.2405063291141 0
1575 12.65822784810041 392.4050632911393 0
1576 12.65822784810041 395.5696202531647 0
1577 12.65822784810041 398.73417721519 0
1578 12.65822784810041 401.8987341772153 0
1579 12.65822784810041 405.0632911392407 0
1580 12.65822784810041 408.227848101266 0
1581 12.65822784810041 411.3924050632913 0
1582 12.65822784810041 414.5569620253166 0
1583 12.65822784810041 417.7215189873419 0
1584 12.65822784810041 420.8860759493672 0
1585 12.65822784810041 424.0506329113925 0
1586 12.65822784810041 427.2151898734178 0
1587 12.65822784810041 430.3797468354432 0
1588 12.65822784810041 433.5443037974684 0
1589 12.65822784810041 436.7088607594937 0
1590 12.65822784810041 439.8734177215192 0
1591 12.65822784810041 443.0379746835443 0
1592 12.65822784810041 446.2025316455698 0
1593 12.65822784810041 449.3670886075951 0
1594 12.65822784810041 452.5316455696204 0
1595 12.65822784810041 455.6962025316457 0
1596 12.65822784810041 458.8607594936709 0
1597 12.65822784810041 462.0253164556963 0
1598 12.65822784810041 465.1898734177217 0
1599 12.65822784810041 468.354430379747 0
1600 12.65822784810041 471.5189873417723 0
1601 12.65822784810041 474.6835443037976 0
1602 12.65822784810041 477.8481012658229 0
1603 12.65822784810041 481.0126582278481 0
1604 12.65822784810041 484.1772151898734 0
1605 12.65822784810041 487.3417721518989 0
1606 12.65822784810041 490.5063291139242 0
1607 12.65822784810041 493.6708860759494 0
1608 12.65822784810041 496.8354430379747 0
1609 15.82278481012551 253.1645569620253 0
1610 15.82278481012551 256.3291139240506 0
1611 15.82278481012551 259.493670886076 0
1612 15.82278481012551 262.6582278481013 0
1613 15.82278481012551 265.8227848101265 0
1614 15.82278481012551 268.987341772152 0
1615 15.82278481012551 272.1518987341772 0
1616 15.82278481012551 275.3164556962026 0
1617 15.82278481012551 278.4810126582279 0
1618 15.82278481012551 281.6455696202531 0
1619 15.82278481012551 284.8101265822784 0
1620 15.82278481012551 287.9746835443039 0
1621 15.82278481012551 291.1392405063291 0
1622 15.82278481012551 294.3037974683545 0
1623 15.82278481012551 297.4683544303799 0
1624 15.82278481012551 300.6329113924051 0
1625 15.82278481012552 303.7974683544305 0
1626 15.82278481012551 306.9620253164557 0
1627 15.82278481012551 310.126582278481 0
1628 15.82278481012551 313.2911392405064 0
1629 15.82278481012551 316.4556962025317 0
1630 15.82278481012551 319.6202531645571 0
1631 15.82278481012551 322.7848101265823 0
1632 15.82278481012551 325.9493670886077 0
1633 15.82278481012551 329.113924050633 0
1634 15.82278481012552 332.2784810126582 0
1635 15.82278481012551 335.4430379746836 0
1636 15.82278481012551 338.6075949367089 0
1637 15.82278481012551 341.7721518987343 0
1638 15.82278481012551 344.9367088607595 0
1639 15.82278481012551 348.101265822785 0
1640 15.82278481012551 351.2658227848102 0
1641 15.82278481012551 354.4303797468356 0
1642 15.82278481012551 357.5949367088609 0
1643 15.82278481012551 360.7594936708862 0
1644 15.82278481012551 363.9240506329115 0
1645 15.82278481012551 367.0886075949368 0
1646 15.82278481012552 370.2531645569621 0
1647 15.82278481012551 373.4177215189874 0
1648 15.82278481012551 376.5822784810127 0
1649 15.82278481012551 379.7468354430381 0
1650 15.82278481012551 382.9113924050633 0
1651 15.82278481012551 386.0759493670887 0
1652 15.82278481012551 389.2405063291141 0
1653 15.82278481012551 392.4050632911393 0
1654 15.82278481012551 395.5696202531647 0
1655 15.82278481012551 398.73417721519 0
1656 15.82278481012551 401.8987341772153 0
1657 15.82278481012551 405.0632911392407 0
1658 15.82278481012551 408.227848101266 0
1659 15.82278481012551 411.3924050632912 0
1660 15.82278481012551 414.5569620253165 0
1661 15.82278481012551 417.7215189873419 0
1662 15.82278481012551 420.8860759493672 0
1663 15.82278481012551 424.0506329113925 0
1664 15.82278481012551 427.2151898734178 0
1665 15.82278481012551 430.3797468354431 0
1666 15.82278481012551 433.5443037974685 0
1667 15.82278481012551 436.7088607594939 0
1668 15.82278481012551 439.8734177215191 0
1669 15.82278481012551 443.0379746835445 0
1670 15.82278481012551 446.2025316455697 0
1671 15.82278481012551 449.3670886075952 0
1672 15.82278481012551 452.5316455696203 0
1673 15.82278481012551 455.6962025316457 0
1674 15.82278481012551 458.8607594936709 0
1675 15.82278481012551 462.0253164556963 0
1676 15.82278481012551 465.1898734177216 0
1677 15.82278481012551 468.3544303797469 0
1678 15.82278481012551 471.5189873417723 0
1679 15.82278481012551 474.6835443037976 0
1680 15.82278481012551 477.8481012658229 0
1681 15.82278481012551 481.012658227848 0
1682 15.82278481012551 484.1772151898734 0
1683 15.82278481012551 487.3417721518988 0
1684 15.82278481012551 490.5063291139242 0
1685 15.82278481012551 493.6708860759494 0
1686 15.82278481012551 496.8354430379748 0
1687 18.98734177215061 253.1645569620253 0
1688 18.98734177215062 256.3291139240506 0
1689 18.98734177215061 259.493670886076 0
1690 18.98734177215061 262.6582278481013 0
1691 18.98734177215061 265.8227848101266 0
1692 18.98734177215062 268.987341772152 0
1693 18.98734177215061 272.1518987341772 0
1694 18.9873417721506 275.3164556962025 0
1695 18.98734177215061 278.4810126582279 0
1696 18.98734177215061 281.6455696202532 0
1697 18.98734177215061 284.8101265822784 0
1698 18.9873417721506 287.9746835443039 0
1699 18.98734177215061 291.139240506329 0
1700 18.98734177215061 294.3037974683545 0
1701 18.98734177215062 297.4683544303799 0
1702 18.98734177215061 300.6329113924051 0
1703 18.98734177215061 303.7974683544305 0
1704 18.98734177215061 306.9620253164557 0
1705 18.98734177215061 310.1265822784811 0
1706 18.98734177215061 313.2911392405064 0
1707 18.98734177215061 316.4556962025317 0
1708 18.98734177215061 319.620253164557 0
1709 18.98734177215061 322.7848101265823 0
1710 18.98734177215062 325.9493670886077 0
1711 18.98734177215061 329.113924050633 0
1712 18.98734177215061 332.2784810126581 0
1713 18.98734177215061 335.4430379746836 0
1714 18.98734177215061 338.607594936709 0
1715 18.98734177215061 341.7721518987343 0
1716 18.98734177215061 344.9367088607595 0
1717 18.98734177215061 348.101265822785 0
1718 18.98734177215061 351.2658227848102 0
1719 18.98734177215061 354.4303797468355 0
1720 18.98734177215061 357.5949367088609 0
1721 18.98734177215061 360.7594936708861 0
1722 18.98734177215061 363.9240506329115 0
1723 18.98734177215061 367.0886075949369 0
1724 18.98734177215061 370.2531645569621 0
1725 18.98734177215061 373.4177215189874 0
1726 18.98734177215061 376.5822784810127 0
1727 18.98734177215061 379.7468354430381 0
1728 18.98734177215061 382.9113924050633 0
1729 18.98734177215061 386.0759493670887 0
1730 18.98734177215061 389.2405063291139 0
1731 18.98734177215061 392.4050632911393 0
1732 18.98734177215061 395.5696202531646 0
1733 18.98734177215061 398.73417721519 0
1734 18.98734177215061 401.8987341772153 0
1735 18.98734177215061 405.0632911392407 0
1736 18.98734177215061 408.227848101266 0
1737 18.98734177215061 411.3924050632913 0
1738 18.98734177215061 414.5569620253166 0
1739 18.98734177215061 417.7215189873419 0
1740 18.98734177215061 420.8860759493672 0
1741 18.98734177215061 424.0506329113925 0
1742 18.98734177215061 427.2151898734179 0
1743 18.98734177215061 430.3797468354431 0
1744 18.98734177215061 433.5443037974685 0
1745 18.98734177215061 436.7088607594939 0
1746 18.98734177215061 439.8734177215192 0
1747 18.98734177215061 443.0379746835445 0
1748 18.98734177215061 446.2025316455697 0
1749 18.98734177215061 449.3670886075952 0
1750 18.98734177215061 452.5316455696203 0
1751 18.98734177215061 455.6962025316458 0
1752 18.98734177215061 458.8607594936709 0
1753 18.98734177215061 462.0253164556964 0
1754 18.98734177215061 465.1898734177216 0
1755 18.98734177215061 468.3544303797471 0
1756 18.98734177215061 471.5189873417723 0
1757 18.98734177215061 474.6835443037975 0
1758 18.98734177215061 477.8481012658228 0
1759 18.98734177215061 481.012658227848 0
1760 18.98734177215061 484.1772151898734 0
1761 18.98734177215061 487.3417721518988 0
1762 18.98734177215061 490.5063291139242 0
1763 18.98734177215061 493.6708860759494 0
1764 18.98734177215061 496.8354430379748 0
1765 22.15189873417572 253.1645569620253 0
1766 22.15189873417572 256.3291139240506 0
1767 22.15189873417571 259.493670886076 0
1768 22.15189873417572 262.6582278481014 0
1769 22.15189873417572 265.8227848101266 0
1770 22.15189873417572 268.9873417721519 0
1771 22.15189873417571 272.1518987341771 0
1772 22.15189873417572 275.3164556962026 0
1773 22.15189873417572 278.4810126582279 0
1774 22.15189873417572 281.6455696202532 0
1775 22.15189873417571 284.8101265822784 0
1776 22.15189873417572 287.9746835443038 0
1777 22.15189873417572 291.1392405063291 0
1778 22.15189873417572 294.3037974683545 0
1779 22.15189873417572 297.4683544303799 0
1780 22.15189873417572 300.632911392405 0
1781 22.15189873417572 303.7974683544303 0
1782 22.15189873417572 306.9620253164557 0
1783 22.15189873417571 310.1265822784811 0
1784 22.15189873417572 313.2911392405064 0
1785 22.15189873417572 316.4556962025316 0
1786 22.15189873417572 319.6202531645569 0
1787 22.15189873417571 322.7848101265822 0
1788 22.15189873417572 325.9493670886077 0
1789 22.15189873417572 329.113924050633 0
1790 22.15189873417572 332.2784810126582 0
1791 22.15189873417572 335.4430379746835 0
1792 22.15189873417572 338.607594936709 0
1793 22.15189873417572 341.7721518987343 0
1794 22.15189873417572 344.9367088607595 0
1795 22.15189873417572 348.101265822785 0
1796 22.15189873417572 351.2658227848101 0
1797 22.15189873417572 354.4303797468355 0
1798 22.15189873417572 357.5949367088607 0
1799 22.15189873417572 360.7594936708862 0
1800 22.15189873417572 363.9240506329115 0
1801 22.15189873417572 367.0886075949368 0
1802 22.15189873417572 370.2531645569621 0
1803 22.15189873417572 373.4177215189874 0
1804 22.15189873417572 376.5822784810127 0
1805 22.15189873417572 379.7468354430381 0
1806 22.15189873417572 382.9113924050633 0
1807 22.15189873417572 386.0759493670886 0
1808 22.15189873417572 389.2405063291139 0
1809 22.15189873417572 392.4050632911393 0
1810 22.15189873417572 395.5696202531646 0
1811 22.15189873417572 398.7341772151901 0
1812 22.15189873417572 401.8987341772153 0
1813 22.15189873417572 405.0632911392404 0
1814 22.15189873417572 408.2278481012659 0
1815 22.15189873417572 411.3924050632913 0
1816 22.15189873417572 414.5569620253166 0
1817 22.15189873417572 417.721518987342 0
1818 22.15189873417572 420.8860759493672 0
1819 22.15189873417572 424.0506329113924 0
1820 22.15189873417572 427.2151898734178 0
1821 22.15189873417572 430.3797468354432 0
1822 22.15189873417572 433.5443037974685 0
1823 22.15189873417572 436.7088607594939 0
1824 22.15189873417572 439.8734177215192 0
1825 22.15189873417572 443.0379746835443 0
1826 22.15189873417572 446.2025316455698 0
1827 22.15189873417572 449.3670886075952 0
1828 22.15189873417572 452.5316455696204 0
1829 22.15189873417572 455.6962025316457 0
1830 22.15189873417572 458.8607594936709 0
1831 22.15189873417572 462.0253164556963 0
1832 22.15189873417572 465.1898734177217 0
1833 22.15189873417572 468.354430379747 0
1834 22.15189873417572 471.5189873417722 0
1835 22.15189873417572 474.6835443037975 0
1836 22.15189873417572 477.8481012658229 0
1837 22.15189873417572 481.0126582278481 0
1838 22.15189873417572 484.1772151898734 0
1839 22.15189873417572 487.3417721518989 0
1840 22.15189873417572 490.506329113924 0
1841 22.15189873417572 493.6708860759494 0
1842 22.15189873417572 496.8354430379748 0
1843 25.31645569620085 253.1645569620253 0
1844 25.31645569620084 256.3291139240506 0
1845 25.31645569620085 259.493670886076 0
1846 25.31645569620085 262.6582278481014 0
1847 25.31645569620084 265.8227848101266 0
1848 25.31645569620084 268.9873417721519 0
1849 25.31645569620085 272.1518987341772 0
1850 25.31645569620085 275.3164556962026 0
1851 25.31645569620085 278.4810126582279 0
1852 25.31645569620085 281.6455696202531 0
1853 25.31645569620085 284.8101265822784 0
1854 25.31645569620085 287.9746835443038 0
1855 25.31645569620085 291.139240506329 0
1856 25.31645569620085 294.3037974683544 0
1857 25.31645569620085 297.4683544303799 0
1858 25.31645569620085 300.632911392405 0
1859 25.31645569620084 303.7974683544305 0
1860 25.31645569620085 306.9620253164557 0
1861 25.31645569620085 310.126582278481 0
1862 25.31645569620085 313.2911392405064 0
1863 25.31645569620084 316.4556962025317 0
1864 25.31645569620085 319.620253164557 0
1865 25.31645569620085 322.7848101265823 0
1866 25.31645569620084 325.9493670886076 0
1867 25.31645569620084 329.1139240506329 0
1868 25.31645569620084 332.2784810126582 0
1869 25.31645569620085 335.4430379746836 0
1870 25.31645569620085 338.6075949367089 0
1871 25.31645569620085 341.7721518987343 0
1872 25.31645569620085 344.9367088607595 0
1873 25.31645569620085 348.101265822785 0
1874 25.31645569620085 351.2658227848102 0
1875 25.31645569620084 354.4303797468355 0
1876 25.31645569620085 357.5949367088609 0
1877 25.31645569620085 360.7594936708862 0
1878 25.31645569620085 363.9240506329115 0
1879 25.31645569620085 367.0886075949368 0
1880 25.31645569620084 370.2531645569621 0
1881 25.31645569620085 373.4177215189874 0
1882 25.31645569620085 376.5822784810127 0
1883 25.31645569620085 379.7468354430381 0
1884 25.31645569620085 382.9113924050633 0
1885 25.31645569620085 386.0759493670887 0
1886 25.31645569620085 389.240506329114 0
1887 25.31645569620085 392.4050632911393 0
1888 25.31645569620085 395.5696202531647 0
1889 25.31645569620085 398.73417721519 0
1890 25.31645569620085 401.8987341772153 0
1891 25.31645569620085 405.0632911392407 0
1892 25.31645569620085 408.227848101266 0
1893 25.31645569620085 411.3924050632912 0
1894 25.31645569620085 414.5569620253166 0
1895 25.31645569620085 417.7215189873419 0
1896 25.31645569620085 420.8860759493671 0
1897 25.31645569620085 424.0506329113925 0
1898 25.31645569620085 427.2151898734179 0
1899 25.31645569620085 430.3797468354431 0
1900 25.31645569620085 433.5443037974685 0
1901 25.31645569620085 436.7088607594938 0
1902 25.31645569620085 439.8734177215191 0
1903 25.31645569620085 443.0379746835443 0
1904 25.31645569620084 446.2025316455698 0
1905 25.31645569620085 449.3670886075951 0
1906 25.31645569620085 452.5316455696203 0
1907 25.31645569620085 455.6962025316457 0
1908 25.31645569620085 458.8607594936709 0
1909 25.31645569620085 462.0253164556963 0
1910 25.31645569620084 465.1898734177216 0
1911 25.31645569620084 468.354430379747 0
1912 25.31645569620085 471.5189873417723 0
1913 25.31645569620085 474.6835443037976 0
1914 25.31645569620085 477.8481012658228 0
1915 25.31645569620084 481.0126582278482 0
1916 25.31645569620084 484.1772151898734 0
1917 25.31645569620084 487.3417721518989 0
1918 25.31645569620084 490.5063291139243 0
1919 25.31645569620084 493.6708860759494 0
1920 25.31645569620085 496.8354430379748 0
1921 28.48101265822595 253.1645569620253 0
1922 28.48101265822595 256.3291139240506 0
1923 28.48101265822595 259.493670886076 0
1924 28.48101265822595 262.6582278481014 0
1925 28.48101265822595 265.8227848101265 0
1926 28.48101265822595 268.9873417721519 0
1927 28.48101265822595 272.1518987341772 0
1928 28.48101265822594 275.3164556962025 0
1929 28.48101265822595 278.4810126582279 0
1930 28.48101265822595 281.6455696202532 0
1931 28.48101265822594 284.8101265822784 0
1932 28.48101265822596 287.9746835443039 0
1933 28.48101265822595 291.1392405063291 0
1934 28.48101265822595 294.3037974683545 0
1935 28.48101265822596 297.4683544303799 0
1936 28.48101265822595 300.6329113924051 0
1937 28.48101265822595 303.7974683544305 0
1938 28.48101265822595 306.9620253164557 0
1939 28.48101265822595 310.1265822784811 0
1940 28.48101265822594 313.2911392405064 0
1941 28.48101265822595 316.4556962025317 0
1942 28.48101265822595 319.6202531645571 0
1943 28.48101265822596 322.7848101265824 0
1944 28.48101265822595 325.9493670886077 0
1945 28.48101265822595 329.113924050633 0
1946 28.48101265822595 332.2784810126583 0
1947 28.48101265822595 335.4430379746836 0
1948 28.48101265822595 338.6075949367089 0
1949 28.48101265822596 341.7721518987343 0
1950 28.48101265822595 344.9367088607595 0
1951 28.48101265822595 348.1012658227847 0
1952 28.48101265822595 351.2658227848102 0
1953 28.48101265822595 354.4303797468356 0
1954 28.48101265822595 357.5949367088607 0
1955 28.48101265822595 360.7594936708862 0
1956 28.48101265822595 363.9240506329115 0
1957 28.48101265822595 367.0886075949366 0
1958 28.48101265822595 370.2531645569621 0
1959 28.48101265822596 373.4177215189874 0
1960 28.48101265822595 376.5822784810127 0
1961 28.48101265822595 379.7468354430381 0
1962 28.48101265822595 382.9113924050634 0
1963 28.48101265822595 386.0759493670886 0
1964 28.48101265822595 389.2405063291141 0
1965 28.48101265822595 392.4050632911394 0
1966 28.48101265822595 395.5696202531647 0
1967 28.48101265822595 398.73417721519 0
1968 28.48101265822595 401.8987341772153 0
1969 28.48101265822595 405.0632911392407 0
1970 28.48101265822595 408.227848101266 0
1971 28.48101265822595 411.3924050632912 0
1972 28.48101265822595 414.5569620253166 0
1973 28.48101265822595 417.7215189873419 0
1974 28.48101265822595 420.8860759493672 0
1975 28.48101265822595 424.0506329113925 0
1976 28.48101265822595 427.2151898734179 0
1977 28.48101265822595 430.3797468354431 0
1978 28.48101265822595 433.5443037974685 0
1979 28.48101265822595 436.7088607594939 0
1980 28.48101265822595 439.8734177215192 0
1981 28.48101265822595 443.0379746835445 0
1982 28.48101265822595 446.2025316455697 0
1983 28.48101265822595 449.367088607595 0
1984 28.48101265822595 452.5316455696204 0
1985 28.48101265822595 455.6962025316458 0
1986 28.48101265822595 458.8607594936709 0
1987 28.48101265822595 462.0253164556963 0
1988 28.48101265822595 465.1898734177216 0
1989 28.48101265822595 468.354430379747 0
1990 28.48101265822595 471.5189873417723 0
1991 28.48101265822595 474.6835443037976 0
1992 28.48101265822595 477.8481012658228 0
1993 28.48101265822595 481.012658227848 0
1994 28.48101265822595 484.1772151898734 0
1995 28.48101265822595 487.3417721518989 0
1996 28.48101265822595 490.5063291139242 0
1997 28.48101265822595 493.6708860759493 0
1998 28.48101265822595 496.8354430379746 0
1999 31.64556962025106 253.1645569620253 0
2000 31.64556962025105 256.3291139240506 0
2001 31.64556962025105 259.493670886076 0
2002 31.64556962025105 262.6582278481014 0
2003 31.64556962025106 265.8227848101266 0
2004 31.64556962025105 268.987341772152 0
2005 31.64556962025105 272.1518987341771 0
2006 31.64556962025105 275.3164556962026 0
2007 31.64556962025105 278.481012658228 0
2008 31.64556962025105 281.6455696202532 0
2009 31.64556962025105 284.8101265822784 0
2010 31.64556962025106 287.9746835443039 0
2011 31.64556962025106 291.1392405063291 0
2012 31.64556962025106 294.3037974683545 0
2013 31.64556962025106 297.4683544303797 0
2014 31.64556962025105 300.6329113924051 0
2015 31.64556962025105 303.7974683544303 0
2016 31.64556962025105 306.9620253164557 0
2017 31.64556962025106 310.1265822784811 0
2018 31.64556962025105 313.2911392405063 0
2019 31.64556962025105 316.4556962025317 0
2020 31.64556962025105 319.6202531645569 0
2021 31.64556962025106 322.7848101265822 0
2022 31.64556962025105 325.9493670886077 0
2023 31.64556962025105 329.1139240506328 0
2024 31.64556962025106 332.2784810126583 0
2025 31.64556962025106 335.4430379746835 0
2026 31.64556962025105 338.607594936709 0
2027 31.64556962025105 341.7721518987343 0
2028 31.64556962025105 344.9367088607595 0
2029 31.64556962025105 348.101265822785 0
2030 31.64556962025105 351.2658227848101 0
2031 31.64556962025105 354.4303797468355 0
2032 31.64556962025105 357.5949367088609 0
2033 31.64556962025105 360.7594936708861 0
2034 31.64556962025105 363.9240506329114 0
2035 31.64556962025106 367.0886075949369 0
2036 31.64556962025105 370.2531645569621 0
2037 31.64556962025105 373.4177215189874 0
2038 31.64556962025105 376.5822784810127 0
2039 31.64556962025105 379.746835443038 0
2040 31.64556962025106 382.9113924050634 0
2041 31.64556962025105 386.0759493670886 0
2042 31.64556962025105 389.2405063291141 0
2043 31.64556962025105 392.4050632911394 0
2044 31.64556962025105 395.5696202531645 0
2045 31.64556962025105 398.73417721519 0
2046 31.64556962025105 401.8987341772153 0
2047 31.64556962025105 405.0632911392407 0
2048 31.64556962025105 408.2278481012659 0
2049 31.64556962025105 411.3924050632913 0
2050 31.64556962025106 414.5569620253166 0
2051 31.64556962025106 417.7215189873418 0
2052 31.64556962025105 420.8860759493672 0
2053 31.64556962025105 424.0506329113924 0
2054 31.64556962025106 427.2151898734178 0
2055 31.64556962025105 430.3797468354431 0
2056 31.64556962025105 433.5443037974684 0
2057 31.64556962025105 436.7088607594937 0
2058 31.64556962025106 439.8734177215192 0
2059 31.64556962025105 443.0379746835443 0
2060 31.64556962025105 446.2025316455698 0
2061 31.64556962025105 449.3670886075951 0
2062 31.64556962025106 452.5316455696204 0
2063 31.64556962025106 455.6962025316457 0
2064 31.64556962025106 458.860759493671 0
2065 31.64556962025106 462.0253164556963 0
2066 31.64556962025105 465.1898734177216 0
2067 31.64556962025105 468.354430379747 0
2068 31.64556962025105 471.5189873417723 0
2069 31.64556962025105 474.6835443037976 0
2070 31.64556962025105 477.8481012658229 0
2071 31.64556962025106 481.0126582278481 0
2072 31.64556962025106 484.1772151898734 0
2073 31.64556962025105 487.3417721518987 0
2074 31.64556962025105 490.5063291139242 0
2075 31.64556962025106 493.6708860759494 0
2076 31.64556962025106 496.8354430379746 0
2077 34.81012658227614 253.1645569620253 0
2078 34.81012658227617 256.3291139240506 0
2079 34.81012658227616 259.493670886076 0
2080 34.81012658227615 262.6582278481013 0
2081 34.81012658227615 265.8227848101266 0
2082 34.81012658227618 268.987341772152 0
2083 34.81012658227615 272.1518987341772 0
2084 34.81012658227616 275.3164556962026 0
2085 34.81012658227615 278.4810126582279 0
2086 34.81012658227615 281.6455696202532 0
2087 34.81012658227614 284.8101265822785 0
2088 34.81012658227615 287.9746835443039 0
2089 34.81012658227615 291.1392405063291 0
2090 34.81012658227615 294.3037974683544 0
2091 34.81012658227615 297.4683544303799 0
2092 34.81012658227615 300.632911392405 0
2093 34.81012658227615 303.7974683544303 0
2094 34.81012658227615 306.9620253164557 0
2095 34.81012658227615 310.1265822784811 0
2096 34.81012658227615 313.2911392405063 0
2097 34.81012658227615 316.4556962025316 0
2098 34.81012658227615 319.6202531645571 0
2099 34.81012658227615 322.7848101265822 0
2100 34.81012658227615 325.9493670886077 0
2101 34.81012658227615 329.1139240506328 0
2102 34.81012658227615 332.2784810126582 0
2103 34.81012658227615 335.4430379746835 0
2104 34.81012658227615 338.6075949367089 0
2105 34.81012658227615 341.7721518987343 0
2106 34.81012658227615 344.9367088607596 0
2107 34.81012658227615 348.1012658227847 0
2108 34.81012658227615 351.2658227848102 0
2109 34.81012658227615 354.4303797468355 0
2110 34.81012658227615 357.5949367088607 0
2111 34.81012658227615 360.7594936708861 0
2112 34.81012658227615 363.9240506329114 0
2113 34.81012658227615 367.0886075949369 0
2114 34.81012658227615 370.2531645569621 0
2115 34.81012658227615 373.4177215189874 0
2116 34.81012658227615 376.5822784810127 0
2117 34.81012658227615 379.746835443038 0
2118 34.81012658227615 382.9113924050634 0
2119 34.81012658227615 386.0759493670886 0
2120 34.81012658227615 389.2405063291139 0
2121 34.81012658227615 392.4050632911393 0
2122 34.81012658227615 395.5696202531645 0
2123 34.81012658227615 398.73417721519 0
2124 34.81012658227615 401.8987341772153 0
2125 34.81012658227615 405.0632911392405 0
2126 34.81012658227615 408.2278481012659 0
2127 34.81012658227615 411.3924050632913 0
2128 34.81012658227615 414.5569620253166 0
2129 34.81012658227615 417.721518987342 0
2130 34.81012658227615 420.8860759493672 0
2131 34.81012658227615 424.0506329113924 0
2132 34.81012658227615 427.2151898734178 0
2133 34.81012658227615 430.3797468354432 0
2134 34.81012658227615 433.5443037974684 0
2135 34.81012658227615 436.7088607594937 0
2136 34.81012658227615 439.8734177215192 0
2137 34.81012658227615 443.0379746835445 0
2138 34.81012658227615 446.2025316455698 0
2139 34.81012658227615 449.3670886075951 0
2140 34.81012658227615 452.5316455696204 0
2141 34.81012658227615 455.6962025316457 0
2142 34.81012658227615 458.8607594936709 0
2143 34.81012658227615 462.0253164556963 0
2144 34.81012658227615 465.1898734177217 0
2145 34.81012658227615 468.3544303797469 0
2146 34.81012658227615 471.5189873417722 0
2147 34.81012658227616 474.6835443037975 0
2148 34.81012658227615 477.8481012658229 0
2149 34.81012658227616 481.0126582278481 0
2150 34.81012658227615 484.1772151898734 0
2151 34.81012658227615 487.3417721518989 0
2152 34.81012658227615 490.506329113924 0
2153 34.81012658227615 493.6708860759494 0
2154 34.81012658227615 496.8354430379746 0
2155 37.97468354430125 253.1645569620253 0
2156 37.97468354430127 256.3291139240506 0
2157 37.97468354430124 259.493670886076 0
2158 37.97468354430125 262.6582278481014 0
2159 37.97468354430126 265.8227848101266 0
2160 37.97468354430126 268.987341772152 0
2161 37.97468354430126 272.1518987341772 0
2162 37.97468354430124 275.3164556962026 0
2163 37.97468354430126 278.4810126582279 0
2164 37.97468354430126 281.6455696202532 0
2165 37.97468354430126 284.8101265822784 0
2166 37.97468354430126 287.9746835443039 0
2167 37.97468354430125 291.1392405063291 0
2168 37.97468354430126 294.3037974683545 0
2169 37.97468354430126 297.4683544303799 0
2170 37.97468354430126 300.632911392405 0
2171 37.97468354430126 303.7974683544303 0
2172 37.97468354430126 306.9620253164557 0
2173 37.97468354430126 310.126582278481 0
2174 37.97468354430126 313.2911392405064 0
2175 37.97468354430126 316.4556962025317 0
2176 37.97468354430126 319.620253164557 0
2177 37.97468354430126 322.7848101265823 0
2178 37.97468354430126 325.9493670886076 0
2179 37.97468354430125 329.113924050633 0
2180 37.97468354430125 332.2784810126581 0
2181 37.97468354430126 335.4430379746836 0
2182 37.97468354430126 338.6075949367089 0
2183 37.97468354430126 341.7721518987343 0
2184 37.97468354430126 344.9367088607595 0
2185 37.97468354430126 348.1012658227849 0
2186 37.97468354430126 351.2658227848102 0
2187 37.97468354430125 354.4303797468355 0
2188 37.97468354430126 357.5949367088607 0
2189 37.97468354430126 360.7594936708861 0
2190 37.97468354430126 363.9240506329115 0
2191 37.97468354430126 367.0886075949368 0
2192 37.97468354430126 370.2531645569621 0
2193 37.97468354430125 373.4177215189874 0
2194 37.97468354430126 376.5822784810127 0
2195 37.97468354430126 379.746835443038 0
2196 37.97468354430126 382.9113924050633 0
2197 37.97468354430126 386.0759493670886 0
2198 37.97468354430126 389.2405063291141 0
2199 37.97468354430126 392.4050632911393 0
2200 37.97468354430126 395.5696202531647 0
2201 37.97468354430126 398.73417721519 0
2202 37.97468354430126 401.8987341772153 0
2203 37.97468354430126 405.0632911392404 0
2204 37.97468354430126 408.2278481012659 0
2205 37.97468354430126 411.3924050632912 0
2206 37.97468354430126 414.5569620253166 0
2207 37.97468354430126 417.7215189873419 0
2208 37.97468354430126 420.8860759493672 0
2209 37.97468354430126 424.0506329113925 0
2210 37.97468354430126 427.2151898734178 0
2211 37.97468354430126 430.3797468354431 0
2212 37.97468354430126 433.5443037974684 0
2213 37.97468354430126 436.7088607594939 0
2214 37.97468354430126 439.8734177215191 0
2215 37.97468354430126 443.0379746835443 0
2216 37.97468354430126 446.2025316455697 0
2217 37.97468354430126 449.3670886075951 0
2218 37.97468354430126 452.5316455696203 0
2219 37.97468354430126 455.6962025316457 0
2220 37.97468354430125 458.860759493671 0
2221 37.97468354430126 462.0253164556963 0
2222 37.97468354430126 465.1898734177217 0
2223 37.97468354430126 468.354430379747 0
2224 37.97468354430126 471.5189873417723 0
2225 37.97468354430126 474.6835443037976 0
2226 37.97468354430126 477.8481012658229 0
2227 37.97468354430126 481.0126582278481 0
2228 37.97468354430126 484.1772151898734 0
2229 37.97468354430126 487.3417721518989 0
2230 37.97468354430126 490.5063291139242 0
2231 37.97468354430126 493.6708860759494 0
2232 37.97468354430125 496.8354430379747 0
2233 41.13924050632635 253.1645569620253 0
2234 41.13924050632637 256.3291139240506 0
2235 41.13924050632637 259.493670886076 0
2236 41.13924050632636 262.6582278481014 0
2237 41.13924050632635 265.8227848101266 0
2238 41.13924050632637 268.987341772152 0
2239 41.13924050632636 272.1518987341772 0
2240 41.13924050632637 275.3164556962026 0
2241 41.13924050632635 278.481012658228 0
2242 41.13924050632637 281.6455696202532 0
2243 41.13924050632637 284.8101265822785 0
2244 41.13924050632636 287.9746835443038 0
2245 41.13924050632637 291.1392405063291 0
2246 41.13924050632636 294.3037974683545 0
2247 41.13924050632636 297.4683544303797 0
2248 41.13924050632636 300.6329113924051 0
2249 41.13924050632635 303.7974683544305 0
2250 41.13924050632636 306.9620253164557 0
2251 41.13924050632636 310.1265822784811 0
2252 41.13924050632636 313.2911392405063 0
2253 41.13924050632636 316.4556962025318 0
2254 41.13924050632637 319.620253164557 0
2255 41.13924050632636 322.7848101265822 0
2256 41.13924050632636 325.9493670886077 0
2257 41.13924050632636 329.1139240506328 0
2258 41.13924050632636 332.2784810126582 0
2259 41.13924050632636 335.4430379746835 0
2260 41.13924050632636 338.6075949367089 0
2261 41.13924050632636 341.7721518987343 0
2262 41.13924050632637 344.9367088607596 0
2263 41.13924050632637 348.1012658227847 0
2264 41.13924050632636 351.2658227848102 0
2265 41.13924050632636 354.4303797468355 0
2266 41.13924050632636 357.5949367088609 0
2267 41.13924050632636 360.7594936708861 0
2268 41.13924050632636 363.9240506329114 0
2269 41.13924050632636 367.0886075949369 0
2270 41.13924050632636 370.2531645569621 0
2271 41.13924050632636 373.4177215189874 0
2272 41.13924050632636 376.5822784810127 0
2273 41.13924050632636 379.746835443038 0
2274 41.13924050632636 382.9113924050633 0
2275 41.13924050632636 386.0759493670886 0
2276 41.13924050632636 389.2405063291139 0
2277 41.13924050632636 392.4050632911393 0
2278 41.13924050632636 395.5696202531645 0
2279 41.13924050632636 398.73417721519 0
2280 41.13924050632636 401.8987341772153 0
2281 41.13924050632637 405.0632911392405 0
2282 41.13924050632636 408.2278481012659 0
2283 41.13924050632636 411.3924050632913 0
2284 41.13924050632636 414.5569620253165 0
2285 41.13924050632637 417.7215189873419 0
2286 41.13924050632636 420.8860759493673 0
2287 41.13924050632636 424.0506329113925 0
2288 41.13924050632636 427.2151898734178 0
2289 41.13924050632636 430.3797468354432 0
2290 41.13924050632636 433.5443037974684 0
2291 41.13924050632636 436.7088607594937 0
2292 41.13924050632636 439.8734177215192 0
2293 41.13924050632636 443.0379746835443 0
2294 41.13924050632636 446.2025316455698 0
2295 41.13924050632636 449.3670886075952 0
2296 41.13924050632636 452.5316455696204 0
2297 41.13924050632636 455.6962025316458 0
2298 41.13924050632637 458.8607594936709 0
2299 41.13924050632636 462.0253164556962 0
2300 41.13924050632636 465.1898734177217 0
2301 41.13924050632637 468.3544303797469 0
2302 41.13924050632637 471.5189873417723 0
2303 41.13924050632636 474.6835443037976 0
2304 41.13924050632636 477.8481012658229 0
2305 41.13924050632637 481.0126582278481 0
2306 41.13924050632636 484.1772151898734 0
2307 41.13924050632636 487.3417721518987 0
2308 41.13924050632637 490.5063291139242 0
2309 41.13924050632636 493.6708860759494 0
2310 41.13924050632636 496.8354430379746 0
2311 44.30379746835146 253.1645569620253 0
2312 44.30379746835147 256.3291139240506 0
2313 44.30379746835145 259.493670886076 0
2314 44.30379746835146 262.6582278481014 0
2315 44.30379746835148 265.8227848101265 0
2316 44.30379746835146 268.987341772152 0
2317 44.30379746835146 272.1518987341771 0
2318 44.30379746835146 275.3164556962025 0
2319 44.30379746835146 278.4810126582279 0
2320 44.30379746835146 281.6455696202532 0
2321 44.30379746835147 284.8101265822784 0
2322 44.30379746835146 287.9746835443038 0
2323 44.30379746835146 291.1392405063291 0
2324 44.30379746835145 294.3037974683545 0
2325 44.30379746835147 297.4683544303799 0
2326 44.30379746835146 300.632911392405 0
2327 44.30379746835146 303.7974683544305 0
2328 44.30379746835146 306.9620253164557 0
2329 44.30379746835146 310.126582278481 0
2330 44.30379746835146 313.2911392405064 0
2331 44.30379746835145 316.4556962025317 0
2332 44.30379746835146 319.620253164557 0
2333 44.30379746835147 322.7848101265823 0
2334 44.30379746835146 325.9493670886076 0
2335 44.30379746835146 329.1139240506329 0
2336 44.30379746835146 332.2784810126583 0
2337 44.30379746835146 335.4430379746835 0
2338 44.30379746835146 338.6075949367089 0
2339 44.30379746835146 341.7721518987343 0
2340 44.30379746835146 344.9367088607595 0
2341 44.30379746835146 348.101265822785 0
2342 44.30379746835146 351.2658227848102 0
2343 44.30379746835146 354.4303797468355 0
2344 44.30379746835146 357.5949367088609 0
2345 44.30379746835146 360.7594936708861 0
2346 44.30379746835146 363.9240506329114 0
2347 44.30379746835146 367.0886075949369 0
2348 44.30379746835146 370.2531645569621 0
2349 44.30379746835146 373.4177215189874 0
2350 44.30379746835146 376.5822784810127 0
2351 44.30379746835146 379.746835443038 0
2352 44.30379746835146 382.9113924050633 0
2353 44.30379746835146 386.0759493670887 0
2354 44.30379746835146 389.2405063291139 0
2355 44.30379746835146 392.4050632911393 0
2356 44.30379746835146 395.5696202531647 0
2357 44.30379746835146 398.7341772151899 0
2358 44.30379746835146 401.8987341772153 0
2359 44.30379746835146 405.0632911392407 0
2360 44.30379746835146 408.2278481012659 0
2361 44.30379746835146 411.3924050632912 0
2362 44.30379746835146 414.5569620253166 0
2363 44.30379746835146 417.7215189873419 0
2364 44.30379746835146 420.8860759493672 0
2365 44.30379746835146 424.0506329113924 0
2366 44.30379746835146 427.2151898734179 0
2367 44.30379746835146 430.3797468354431 0
2368 44.30379746835146 433.5443037974684 0
2369 44.30379746835146 436.7088607594939 0
2370 44.30379746835146 439.8734177215191 0
2371 44.30379746835146 443.0379746835444 0
2372 44.30379746835146 446.2025316455697 0
2373 44.30379746835146 449.3670886075952 0
2374 44.30379746835147 452.5316455696203 0
2375 44.30379746835146 455.6962025316457 0
2376 44.30379746835146 458.860759493671 0
2377 44.30379746835146 462.0253164556963 0
2378 44.30379746835146 465.1898734177216 0
2379 44.30379746835146 468.3544303797471 0
2380 44.30379746835146 471.5189873417723 0
2381 44.30379746835146 474.6835443037976 0
2382 44.30379746835146 477.8481012658228 0
2383 44.30379746835147 481.012658227848 0
2384 44.30379746835146 484.1772151898734 0
2385 44.30379746835146 487.3417721518988 0
2386 44.30379746835146 490.5063291139241 0
2387 44.30379746835146 493.6708860759493 0
2388 44.30379746835146 496.8354430379746 0
2389 47.46835443037655 253.1645569620253 0
2390 47.46835443037656 256.3291139240506 0
2391 47.46835443037658 259.493670886076 0
2392 47.46835443037656 262.6582278481014 0
2393 47.46835443037656 265.8227848101265 0
2394 47.46835443037656 268.987341772152 0
2395 47.46835443037656 272.1518987341772 0
2396 47.46835443037656 275.3164556962025 0
2397 47.46835443037656 278.4810126582279 0
2398 47.46835443037656 281.6455696202532 0
2399 47.46835443037656 284.8101265822784 0
2400 47.46835443037656 287.9746835443039 0
2401 47.46835443037656 291.1392405063291 0
2402 47.46835443037656 294.3037974683544 0
2403 47.46835443037656 297.4683544303799 0
2404 47.46835443037656 300.6329113924051 0
2405 47.46835443037656 303.7974683544305 0
2406 47.46835443037656 306.9620253164557 0
2407 47.46835443037656 310.1265822784811 0
2408 47.46835443037656 313.2911392405063 0
2409 47.46835443037656 316.4556962025316 0
2410 47.46835443037656 319.6202531645568 0
2411 47.46835443037656 322.7848101265823 0
2412 47.46835443037656 325.9493670886077 0
2413 47.46835443037656 329.113924050633 0
2414 47.46835443037656 332.2784810126583 0
2415 47.46835443037656 335.4430379746836 0
2416 47.46835443037656 338.607594936709 0
2417 47.46835443037656 341.7721518987343 0
2418 47.46835443037656 344.9367088607595 0
2419 47.46835443037656 348.101265822785 0
2420 47.46835443037656 351.2658227848101 0
2421 47.46835443037656 354.4303797468355 0
2422 47.46835443037656 357.5949367088606 0
2423 47.46835443037656 360.7594936708861 0
2424 47.46835443037656 363.9240506329114 0
2425 47.46835443037656 367.0886075949368 0
2426 47.46835443037656 370.2531645569621 0
2427 47.46835443037656 373.4177215189874 0
2428 47.46835443037656 376.5822784810127 0
2429 47.46835443037656 379.7468354430381 0
2430 47.46835443037656 382.9113924050633 0
2431 47.46835443037656 386.0759493670886 0
2432 47.46835443037656 389.2405063291139 0
2433 47.46835443037656 392.4050632911393 0
2434 47.46835443037656 395.5696202531645 0
2435 47.46835443037656 398.7341772151899 0
2436 47.46835443037656 401.8987341772153 0
2437 47.46835443037656 405.0632911392407 0
2438 47.46835443037656 408.227848101266 0
2439 47.46835443037656 411.3924050632913 0
2440 47.46835443037656 414.5569620253166 0
2441 47.46835443037656 417.7215189873419 0
2442 47.46835443037656 420.8860759493672 0
2443 47.46835443037656 424.0506329113924 0
2444 47.46835443037656 427.2151898734178 0
2445 47.46835443037656 430.3797468354431 0
2446 47.46835443037656 433.5443037974685 0
2447 47.46835443037656 436.7088607594939 0
2448 47.46835443037656 439.8734177215191 0
2449 47.46835443037657 443.0379746835443 0
2450 47.46835443037656 446.2025316455697 0
2451 47.46835443037656 449.3670886075952 0
2452 47.46835443037656 452.5316455696203 0
2453 47.46835443037656 455.6962025316457 0
2454 47.46835443037656 458.8607594936709 0
2455 47.46835443037656 462.0253164556963 0
2456 47.46835443037656 465.1898734177216 0
2457 47.46835443037656 468.354430379747 0
2458 47.46835443037656 471.5189873417723 0
2459 47.46835443037656 474.6835443037975 0
2460 47.46835443037656 477.8481012658229 0
2461 47.46835443037656 481.012658227848 0
2462 47.46835443037656 484.1772151898734 0
2463 47.46835443037656 487.3417721518989 0
2464 47.46835443037656 490.5063291139242 0
2465 47.46835443037656 493.6708860759493 0
2466 47.46835443037656 496.8354430379747 0
2467 50.63291139240166 253.1645569620253 0
2468 50.63291139240166 256.3291139240506 0
2469 50.63291139240167 259.493670886076 0
2470 50.63291139240166 262.6582278481014 0
2471 50.63291139240166 265.8227848101266 0
2472 50.63291139240167 268.9873417721519 0
2473 50.63291139240167 272.1518987341772 0
2474 50.63291139240168 275.3164556962025 0
2475 50.63291139240165 278.4810126582279 0
2476 50.63291139240165 281.6455696202531 0
2477 50.63291139240167 284.8101265822784 0
2478 50.63291139240165 287.9746835443039 0
2479 50.63291139240166 291.1392405063291 0
2480 50.63291139240166 294.3037974683544 0
2481 50.63291139240167 297.4683544303799 0
2482 50.63291139240167 300.6329113924051 0
2483 50.63291139240167 303.7974683544303 0
2484 50.63291139240166 306.9620253164557 0
2485 50.63291139240167 310.1265822784811 0
2486 50.63291139240167 313.2911392405063 0
2487 50.63291139240167 316.4556962025316 0
2488 50.63291139240167 319.620253164557 0
2489 50.63291139240167 322.7848101265823 0
2490 50.63291139240167 325.9493670886077 0
2491 50.63291139240167 329.1139240506328 0
2492 50.63291139240167 332.2784810126582 0
2493 50.63291139240166 335.4430379746836 0
2494 50.63291139240165 338.6075949367089 0
2495 50.63291139240167 341.7721518987343 0
2496 50.63291139240167 344.9367088607595 0
2497 50.63291139240167 348.1012658227847 0
2498 50.63291139240167 351.2658227848101 0
2499 50.63291139240166 354.4303797468356 0
2500 50.63291139240167 357.5949367088609 0
2501 50.63291139240167 360.7594936708862 0
2502 50.63291139240167 363.9240506329114 0
2503 50.63291139240167 367.0886075949367 0
2504 50.63291139240166 370.2531645569621 0
2505 50.63291139240167 373.4177215189874 0
2506 50.63291139240167 376.5822784810127 0
2507 50.63291139240167 379.7468354430381 0
2508 50.63291139240167 382.9113924050633 0
2509 50.63291139240167 386.0759493670886 0
2510 50.63291139240167 389.2405063291139 0
2511 50.63291139240167 392.4050632911393 0
2512 50.63291139240167 395.5696202531647 0
2513 50.63291139240167 398.7341772151899 0
2514 50.63291139240167 401.8987341772153 0
2515 50.63291139240167 405.0632911392405 0
2516 50.63291139240167 408.2278481012659 0
2517 50.63291139240167 411.3924050632913 0
2518 50.63291139240166 414.5569620253165 0
2519 50.63291139240167 417.7215189873418 0
2520 50.63291139240167 420.8860759493672 0
2521 50.63291139240166 424.0506329113924 0
2522 50.63291139240167 427.2151898734178 0
2523 50.63291139240167 430.3797468354431 0
2524 50.63291139240167 433.5443037974685 0
2525 50.63291139240167 436.7088607594938 0
2526 50.63291139240167 439.8734177215192 0
2527 50.63291139240167 443.0379746835443 0
2528 50.63291139240167 446.2025316455698 0
2529 50.63291139240167 449.3670886075952 0
2530 50.63291139240167 452.5316455696204 0
2531 50.63291139240166 455.6962025316457 0
2532 50.63291139240167 458.8607594936709 0
2533 50.63291139240166 462.0253164556963 0
2534 50.63291139240167 465.1898734177215 0
2535 50.63291139240166 468.3544303797469 0
2536 50.63291139240166 471.5189873417722 0
2537 50.63291139240167 474.6835443037976 0
2538 50.63291139240167 477.8481012658228 0
2539 50.63291139240167 481.012658227848 0
2540 50.63291139240166 484.1772151898734 0
2541 50.63291139240166 487.3417721518987 0
2542 50.63291139240166 490.506329113924 0
2543 50.63291139240166 493.6708860759494 0
2544 50.63291139240166 496.8354430379747 0
2545 53.79746835442675 253.1645569620253 0
2546 53.79746835442677 256.3291139240506 0
2547 53.79746835442677 259.493670886076 0
2548 53.79746835442678 262.6582278481013 0
2549 53.79746835442677 265.8227848101266 0
2550 53.79746835442677 268.987341772152 0
2551 53.79746835442675 272.1518987341772 0
2552 53.79746835442677 275.3164556962026 0
2553 53.79746835442678 278.4810126582278 0
2554 53.79746835442678 281.6455696202532 0
2555 53.79746835442677 284.8101265822784 0
2556 53.79746835442677 287.9746835443038 0
2557 53.79746835442675 291.1392405063291 0
2558 53.79746835442677 294.3037974683544 0
2559 53.79746835442679 297.4683544303797 0
2560 53.79746835442678 300.6329113924051 0
2561 53.79746835442678 303.7974683544303 0
2562 53.79746835442677 306.9620253164557 0
2563 53.79746835442678 310.1265822784811 0
2564 53.79746835442677 313.2911392405063 0
2565 53.79746835442679 316.4556962025316 0
2566 53.79746835442678 319.6202531645569 0
2567 53.79746835442676 322.7848101265823 0
2568 53.79746835442677 325.9493670886077 0
2569 53.79746835442678 329.1139240506328 0
2570 53.79746835442678 332.2784810126582 0
2571 53.79746835442677 335.4430379746835 0
2572 53.79746835442677 338.607594936709 0
2573 53.79746835442677 341.7721518987341 0
2574 53.79746835442677 344.9367088607595 0
2575 53.79746835442676 348.101265822785 0
2576 53.79746835442678 351.2658227848102 0
2577 53.79746835442677 354.4303797468355 0
2578 53.79746835442677 357.5949367088607 0
2579 53.79746835442677 360.7594936708861 0
2580 53.79746835442677 363.9240506329114 0
2581 53.79746835442677 367.0886075949367 0
2582 53.79746835442677 370.253164556962 0
2583 53.79746835442677 373.4177215189874 0
2584 53.79746835442677 376.5822784810127 0
2585 53.79746835442677 379.746835443038 0
2586 53.79746835442677 382.9113924050635 0
2587 53.79746835442677 386.0759493670886 0
2588 53.79746835442677 389.2405063291139 0
2589 53.79746835442677 392.4050632911394 0
2590 53.79746835442677 395.5696202531645 0
2591 53.79746835442677 398.73417721519 0
2592 53.79746835442677 401.8987341772153 0
2593 53.79746835442677 405.0632911392405 0
2594 53.79746835442677 408.2278481012659 0
2595 53.79746835442677 411.3924050632913 0
2596 53.79746835442677 414.5569620253165 0
2597 53.79746835442677 417.7215189873419 0
2598 53.79746835442677 420.8860759493672 0
2599 53.79746835442677 424.0506329113924 0
2600 53.79746835442678 427.2151898734178 0
2601 53.79746835442678 430.3797468354433 0
2602 53.79746835442678 433.5443037974684 0
2603 53.79746835442677 436.7088607594937 0
2604 53.79746835442678 439.8734177215192 0
2605 53.79746835442677 443.0379746835443 0
2606 53.79746835442677 446.2025316455698 0
2607 53.79746835442678 449.3670886075951 0
2608 53.79746835442678 452.5316455696204 0
2609 53.79746835442677 455.6962025316457 0
2610 53.79746835442677 458.860759493671 0
2611 53.79746835442677 462.0253164556962 0
2612 53.79746835442677 465.1898734177216 0
2613 53.79746835442678 468.3544303797469 0
2614 53.79746835442677 471.5189873417722 0
2615 53.79746835442677 474.6835443037975 0
2616 53.79746835442677 477.8481012658229 0
2617 53.79746835442677 481.0126582278481 0
2618 53.79746835442677 484.1772151898734 0
2619 53.79746835442677 487.3417721518988 0
2620 53.79746835442677 490.506329113924 0
2621 53.79746835442677 493.6708860759494 0
2622 53.79746835442677 496.8354430379746 0
2623 56.9620253164519 253.1645569620253 0
2624 56.9620253164519 256.3291139240506 0
2625 56.9620253164519 259.493670886076 0
2626 56.96202531645191 262.6582278481013 0
2627 56.9620253164519 265.8227848101266 0
2628 56.9620253164519 268.9873417721519 0
2629 56.9620253164519 272.1518987341772 0
2630 56.96202531645189 275.3164556962025 0
2631 56.9620253164519 278.4810126582279 0
2632 56.9620253164519 281.6455696202532 0
2633 56.96202531645189 284.8101265822784 0
2634 56.96202531645191 287.9746835443038 0
2635 56.9620253164519 291.1392405063291 0
2636 56.96202531645191 294.3037974683545 0
2637 56.96202531645192 297.4683544303797 0
2638 56.96202531645191 300.632911392405 0
2639 56.96202531645191 303.7974683544305 0
2640 56.9620253164519 306.9620253164557 0
2641 56.9620253164519 310.1265822784811 0
2642 56.96202531645189 313.2911392405064 0
2643 56.9620253164519 316.4556962025316 0
2644 56.9620253164519 319.6202531645568 0
2645 56.96202531645191 322.7848101265823 0
2646 56.9620253164519 325.9493670886077 0
2647 56.9620253164519 329.113924050633 0
2648 56.96202531645189 332.2784810126581 0
2649 56.9620253164519 335.4430379746835 0
2650 56.9620253164519 338.6075949367089 0
2651 56.96202531645191 341.7721518987341 0
2652 56.9620253164519 344.9367088607595 0
2653 56.9620253164519 348.101265822785 0
2654 56.9620253164519 351.2658227848101 0
2655 56.96202531645189 354.4303797468355 0
2656 56.9620253164519 357.5949367088609 0
2657 56.9620253164519 360.7594936708861 0
2658 56.9620253164519 363.9240506329114 0
2659 56.9620253164519 367.0886075949369 0
2660 56.9620253164519 370.2531645569621 0
2661 56.96202531645191 373.4177215189874 0
2662 56.9620253164519 376.5822784810127 0
2663 56.9620253164519 379.7468354430381 0
2664 56.9620253164519 382.9113924050633 0
2665 56.9620253164519 386.0759493670886 0
2666 56.9620253164519 389.2405063291141 0
2667 56.9620253164519 392.4050632911393 0
2668 56.9620253164519 395.5696202531645 0
2669 56.9620253164519 398.73417721519 0
2670 56.9620253164519 401.8987341772153 0
2671 56.9620253164519 405.0632911392404 0
2672 56.9620253164519 408.2278481012659 0
2673 56.9620253164519 411.3924050632913 0
2674 56.9620253164519 414.5569620253165 0
2675 56.9620253164519 417.7215189873418 0
2676 56.9620253164519 420.8860759493672 0
2677 56.9620253164519 424.0506329113924 0
2678 56.96202531645191 427.2151898734178 0
2679 56.9620253164519 430.3797468354431 0
2680 56.9620253164519 433.5443037974684 0
2681 56.9620253164519 436.7088607594937 0
2682 56.9620253164519 439.8734177215191 0
2683 56.9620253164519 443.0379746835445 0
2684 56.96202531645191 446.2025316455697 0
2685 56.96202531645191 449.3670886075951 0
2686 56.96202531645191 452.5316455696204 0
2687 56.96202531645191 455.6962025316456 0
2688 56.9620253164519 458.8607594936709 0
2689 56.9620253164519 462.0253164556963 0
2690 56.9620253164519 465.1898734177217 0
2691 56.9620253164519 468.354430379747 0
2692 56.9620253164519 471.5189873417723 0
2693 56.9620253164519 474.6835443037974 0
2694 56.9620253164519 477.8481012658229 0
2695 56.9620253164519 481.012658227848 0
2696 56.96202531645191 484.1772151898734 0
2697 56.9620253164519 487.3417721518988 0
2698 56.9620253164519 490.5063291139241 0
2699 56.9620253164519 493.6708860759494 0
2700 56.9620253164519 496.8354430379746 0
2701 60.126582278477 253.1645569620253 0
2702 60.126582278477 256.3291139240506 0
2703 60.126582278477 259.493670886076 0
2704 60.126582278477 262.6582278481014 0
2705 60.12658227847702 265.8227848101265 0
2706 60.126582278477 268.9873417721519 0
2707 60.126582278477 272.1518987341772 0
2708 60.126582278477 275.3164556962025 0
2709 60.126582278477 278.4810126582279 0
2710 60.126582278477 281.6455696202531 0
2711 60.126582278477 284.8101265822784 0
2712 60.126582278477 287.9746835443039 0
2713 60.12658227847702 291.139240506329 0
2714 60.126582278477 294.3037974683544 0
2715 60.126582278477 297.4683544303797 0
2716 60.126582278477 300.632911392405 0
2717 60.12658227847699 303.7974683544305 0
2718 60.126582278477 306.9620253164557 0
2719 60.12658227847701 310.126582278481 0
2720 60.126582278477 313.2911392405063 0
2721 60.12658227847702 316.4556962025316 0
2722 60.126582278477 319.6202531645568 0
2723 60.12658227847701 322.7848101265823 0
2724 60.126582278477 325.9493670886077 0
2725 60.126582278477 329.113924050633 0
2726 60.126582278477 332.2784810126582 0
2727 60.126582278477 335.4430379746835 0
2728 60.126582278477 338.607594936709 0
2729 60.12658227847702 341.7721518987341 0
2730 60.126582278477 344.9367088607595 0
2731 60.126582278477 348.1012658227847 0
2732 60.126582278477 351.2658227848101 0
2733 60.12658227847702 354.4303797468355 0
2734 60.126582278477 357.5949367088607 0
2735 60.126582278477 360.7594936708861 0
2736 60.126582278477 363.9240506329114 0
2737 60.126582278477 367.0886075949367 0
2738 60.126582278477 370.2531645569621 0
2739 60.126582278477 373.4177215189874 0
2740 60.126582278477 376.5822784810127 0
2741 60.126582278477 379.746835443038 0
2742 60.126582278477 382.9113924050633 0
2743 60.126582278477 386.0759493670887 0
2744 60.126582278477 389.2405063291139 0
2745 60.126582278477 392.4050632911393 0
2746 60.126582278477 395.5696202531645 0
2747 60.126582278477 398.73417721519 0
2748 60.126582278477 401.8987341772153 0
2749 60.126582278477 405.0632911392407 0
2750 60.126582278477 408.2278481012659 0
2751 60.126582278477 411.3924050632913 0
2752 60.126582278477 414.5569620253165 0
2753 60.126582278477 417.7215189873418 0
2754 60.126582278477 420.8860759493672 0
2755 60.126582278477 424.0506329113924 0
2756 60.126582278477 427.2151898734178 0
2757 60.126582278477 430.3797468354431 0
2758 60.126582278477 433.5443037974683 0
2759 60.126582278477 436.7088607594937 0
2760 60.126582278477 439.8734177215191 0
2761 60.126582278477 443.0379746835442 0
2762 60.126582278477 446.2025316455698 0
2763 60.126582278477 449.3670886075951 0
2764 60.126582278477 452.5316455696204 0
2765 60.126582278477 455.6962025316457 0
2766 60.126582278477 458.8607594936709 0
2767 60.126582278477 462.0253164556964 0
2768 60.126582278477 465.1898734177216 0
2769 60.126582278477 468.354430379747 0
2770 60.126582278477 471.5189873417723 0
2771 60.126582278477 474.6835443037974 0
2772 60.126582278477 477.8481012658228 0
2773 60.126582278477 481.0126582278481 0
2774 60.126582278477 484.1772151898734 0
2775 60.126582278477 487.3417721518988 0
2776 60.126582278477 490.5063291139242 0
2777 60.126582278477 493.6708860759493 0
2778 60.126582278477 496.8354430379748 0
2779 63.2911392405021 253.1645569620253 0
2780 63.29113924050208 256.3291139240506 0
2781 63.29113924050208 259.493670886076 0
2782 63.29113924050208 262.6582278481014 0
2783 63.29113924050208 265.8227848101266 0
2784 63.2911392405021 268.9873417721519 0
2785 63.29113924050208 272.1518987341771 0
2786 63.29113924050208 275.3164556962025 0
2787 63.29113924050208 278.4810126582279 0
2788 63.29113924050208 281.6455696202531 0
2789 63.29113924050208 284.8101265822784 0
2790 63.29113924050208 287.9746835443039 0
2791 63.29113924050208 291.1392405063291 0
2792 63.29113924050208 294.3037974683545 0
2793 63.29113924050206 297.4683544303797 0
2794 63.29113924050208 300.632911392405 0
2795 63.29113924050208 303.7974683544305 0
2796 63.29113924050209 306.9620253164557 0
2797 63.29113924050208 310.126582278481 0
2798 63.29113924050208 313.2911392405064 0
2799 63.29113924050208 316.4556962025317 0
2800 63.29113924050208 319.620253164557 0
2801 63.29113924050208 322.7848101265822 0
2802 63.29113924050208 325.9493670886077 0
2803 63.29113924050208 329.113924050633 0
2804 63.29113924050208 332.2784810126582 0
2805 63.29113924050208 335.4430379746835 0
2806 63.29113924050208 338.6075949367089 0
2807 63.29113924050208 341.7721518987343 0
2808 63.29113924050208 344.9367088607595 0
2809 63.29113924050209 348.101265822785 0
2810 63.29113924050208 351.2658227848101 0
2811 63.29113924050208 354.4303797468356 0
2812 63.29113924050208 357.5949367088609 0
2813 63.29113924050208 360.7594936708862 0
2814 63.29113924050209 363.9240506329114 0
2815 63.29113924050208 367.0886075949366 0
2816 63.29113924050208 370.2531645569621 0
2817 63.29113924050209 373.4177215189874 0
2818 63.29113924050208 376.5822784810127 0
2819 63.29113924050208 379.746835443038 0
2820 63.29113924050208 382.9113924050633 0
2821 63.29113924050208 386.0759493670885 0
2822 63.29113924050208 389.2405063291141 0
2823 63.29113924050208 392.4050632911393 0
2824 63.29113924050208 395.5696202531646 0
2825 63.29113924050208 398.7341772151899 0
2826 63.29113924050208 401.8987341772153 0
2827 63.29113924050208 405.0632911392407 0
2828 63.29113924050208 408.227848101266 0
2829 63.29113924050208 411.3924050632912 0
2830 63.29113924050208 414.5569620253165 0
2831 63.29113924050208 417.7215189873419 0
2832 63.29113924050208 420.8860759493672 0
2833 63.29113924050208 424.0506329113925 0
2834 63.29113924050208 427.2151898734177 0
2835 63.29113924050208 430.3797468354431 0
2836 63.29113924050208 433.5443037974685 0
2837 63.29113924050208 436.7088607594938 0
2838 63.29113924050208 439.8734177215191 0
2839 63.29113924050208 443.0379746835443 0
2840 63.29113924050208 446.2025316455697 0
2841 63.29113924050208 449.3670886075951 0
2842 63.29113924050208 452.5316455696203 0
2843 63.29113924050208 455.6962025316457 0
2844 63.29113924050208 458.8607594936709 0
2845 63.29113924050208 462.0253164556963 0
2846 63.29113924050208 465.1898734177216 0
2847 63.29113924050208 468.3544303797469 0
2848 63.29113924050208 471.5189873417722 0
2849 63.29113924050208 474.6835443037975 0
2850 63.29113924050208 477.8481012658228 0
2851 63.29113924050208 481.0126582278481 0
2852 63.29113924050208 484.1772151898734 0
2853 63.29113924050208 487.3417721518988 0
2854 63.29113924050208 490.5063291139242 0
2855 63.29113924050208 493.6708860759494 0
2856 63.29113924050208 496.8354430379748 0
2857 66.45569620252721 253.1645569620253 0
2858 66.45569620252721 256.3291139240506 0
2859 66.45569620252721 259.493670886076 0
2860 66.45569620252721 262.6582278481013 0
2861 66.45569620252721 265.8227848101266 0
2862 66.45569620252721 268.987341772152 0
2863 66.45569620252719 272.1518987341771 0
2864 66.45569620252719 275.3164556962026 0
2865 66.45569620252721 278.481012658228 0
2866 66.45569620252721 281.6455696202532 0
2867 66.45569620252721 284.8101265822785 0
2868 66.45569620252721 287.9746835443038 0
2869 66.45569620252719 291.1392405063291 0
2870 66.45569620252719 294.3037974683544 0
2871 66.45569620252721 297.4683544303797 0
2872 66.45569620252721 300.6329113924051 0
2873 66.45569620252721 303.7974683544303 0
2874 66.45569620252721 306.9620253164557 0
2875 66.45569620252721 310.1265822784811 0
2876 66.45569620252719 313.2911392405063 0
2877 66.45569620252721 316.4556962025316 0
2878 66.45569620252721 319.6202531645569 0
2879 66.45569620252721 322.7848101265822 0
2880 66.45569620252721 325.9493670886076 0
2881 66.45569620252719 329.1139240506328 0
2882 66.45569620252719 332.2784810126582 0
2883 66.45569620252721 335.4430379746835 0
2884 66.45569620252721 338.6075949367089 0
2885 66.45569620252721 341.7721518987341 0
2886 66.45569620252719 344.9367088607596 0
2887 66.45569620252721 348.1012658227847 0
2888 66.45569620252721 351.2658227848101 0
2889 66.45569620252721 354.4303797468355 0
2890 66.45569620252721 357.5949367088607 0
2891 66.45569620252721 360.7594936708861 0
2892 66.45569620252719 363.9240506329114 0
2893 66.45569620252721 367.0886075949367 0
2894 66.45569620252721 370.253164556962 0
2895 66.45569620252721 373.4177215189874 0
2896 66.45569620252721 376.5822784810128 0
2897 66.45569620252721 379.746835443038 0
2898 66.45569620252721 382.9113924050634 0
2899 66.45569620252719 386.0759493670886 0
2900 66.45569620252721 389.2405063291139 0
2901 66.45569620252721 392.4050632911394 0
2902 66.45569620252721 395.5696202531645 0
2903 66.45569620252721 398.7341772151899 0
2904 66.45569620252721 401.8987341772153 0
2905 66.45569620252719 405.0632911392405 0
2906 66.45569620252721 408.2278481012659 0
2907 66.45569620252721 411.3924050632913 0
2908 66.45569620252721 414.5569620253165 0
2909 66.45569620252721 417.7215189873418 0
2910 66.45569620252721 420.8860759493672 0
2911 66.45569620252721 424.0506329113925 0
2912 66.45569620252721 427.2151898734178 0
2913 66.45569620252721 430.3797468354432 0
2914 66.45569620252721 433.5443037974684 0
2915 66.45569620252719 436.7088607594937 0
2916 66.45569620252721 439.8734177215191 0
2917 66.45569620252721 443.0379746835443 0
2918 66.45569620252721 446.2025316455697 0
2919 66.45569620252721 449.367088607595 0
2920 66.45569620252721 452.5316455696204 0
2921 66.45569620252719 455.6962025316455 0
2922 66.45569620252721 458.8607594936709 0
2923 66.45569620252721 462.0253164556963 0
2924 66.45569620252721 465.1898734177216 0
2925 66.45569620252721 468.354430379747 0
2926 66.45569620252721 471.5189873417722 0
2927 66.45569620252719 474.6835443037975 0
2928 66.45569620252719 477.8481012658228 0
2929 66.45569620252721 481.0126582278481 0
2930 66.45569620252721 484.1772151898734 0
2931 66.45569620252721 487.3417721518988 0
2932 66.45569620252721 490.506329113924 0
2933 66.45569620252721 493.6708860759494 0
2934 66.45569620252721 496.8354430379748 0
2935 69.62025316455228 253.1645569620253 0
2936 69.62025316455234 256.3291139240506 0
2937 69.62025316455232 259.493670886076 0
2938 69.62025316455231 262.6582278481014 0
2939 69.62025316455231 265.8227848101266 0
2940 69.62025316455235 268.987341772152 0
2941 69.62025316455231 272.1518987341771 0
2942 69.62025316455232 275.3164556962026 0
2943 69.62025316455231 278.4810126582279 0
2944 69.62025316455231 281.6455696202532 0
2945 69.62025316455228 284.8101265822784 0
2946 69.62025316455231 287.9746835443038 0
2947 69.62025316455231 291.1392405063291 0
2948 69.62025316455231 294.3037974683545 0
2949 69.62025316455231 297.4683544303797 0
2950 69.62025316455231 300.6329113924051 0
2951 69.62025316455231 303.7974683544303 0
2952 69.62025316455231 306.9620253164557 0
2953 69.62025316455231 310.1265822784811 0
2954 69.62025316455231 313.2911392405063 0
2955 69.62025316455231 316.4556962025316 0
2956 69.62025316455231 319.6202531645569 0
2957 69.62025316455231 322.7848101265822 0
2958 69.62025316455231 325.9493670886077 0
2959 69.62025316455231 329.1139240506328 0
2960 69.62025316455231 332.2784810126582 0
2961 69.62025316455231 335.4430379746835 0
2962 69.62025316455231 338.607594936709 0
2963 69.62025316455231 341.7721518987341 0
2964 69.62025316455231 344.9367088607595 0
2965 69.62025316455231 348.1012658227847 0
2966 69.62025316455231 351.2658227848101 0
2967 69.62025316455231 354.4303797468355 0
2968 69.62025316455231 357.5949367088607 0
2969 69.62025316455231 360.7594936708861 0
2970 69.62025316455231 363.9240506329114 0
2971 69.62025316455231 367.0886075949366 0
2972 69.62025316455231 370.2531645569621 0
2973 69.62025316455231 373.4177215189874 0
2974 69.62025316455231 376.5822784810127 0
2975 69.62025316455231 379.746835443038 0
2976 69.62025316455231 382.9113924050634 0
2977 69.62025316455231 386.0759493670886 0
2978 69.62025316455231 389.2405063291139 0
2979 69.62025316455231 392.4050632911393 0
2980 69.62025316455231 395.5696202531645 0
2981 69.62025316455231 398.7341772151899 0
2982 69.62025316455231 401.8987341772153 0
2983 69.62025316455231 405.0632911392405 0
2984 69.62025316455231 408.2278481012659 0
2985 69.62025316455231 411.3924050632912 0
2986 69.62025316455231 414.5569620253165 0
2987 69.62025316455231 417.7215189873418 0
2988 69.62025316455231 420.8860759493672 0
2989 69.62025316455231 424.0506329113925 0
2990 69.62025316455231 427.2151898734178 0
2991 69.62025316455231 430.3797468354433 0
2992 69.62025316455231 433.5443037974684 0
2993 69.62025316455231 436.7088607594937 0
2994 69.62025316455231 439.8734177215192 0
2995 69.62025316455231 443.0379746835443 0
2996 69.62025316455231 446.2025316455697 0
2997 69.62025316455231 449.367088607595 0
2998 69.62025316455231 452.5316455696204 0
2999 69.62025316455231 455.6962025316457 0
3000 69.62025316455231 458.8607594936709 0
3001 69.62025316455231 462.0253164556962 0
3002 69.62025316455231 465.1898734177216 0
3003 69.62025316455231 468.3544303797469 0
3004 69.62025316455231 471.5189873417723 0
3005 69.62025316455232 474.6835443037975 0
3006 69.62025316455231 477.8481012658228 0
3007 69.62025316455232 481.0126582278481 0
3008 69.62025316455231 484.1772151898734 0
3009 69.62025316455231 487.3417721518988 0
3010 69.62025316455231 490.5063291139242 0
3011 69.62025316455231 493.6708860759494 0
3012 69.62025316455231 496.8354430379748 0
3013 72.78481012657741 253.1645569620253 0
3014 72.78481012657743 256.3291139240506 0
3015 72.78481012657743 259.493670886076 0
3016 72.78481012657741 262.6582278481014 0
3017 72.78481012657741 265.8227848101265 0
3018 72.78481012657743 268.987341772152 0
3019 72.78481012657741 272.1518987341771 0
3020 72.78481012657738 275.3164556962025 0
3021 72.78481012657738 278.4810126582279 0
3022 72.78481012657743 281.6455696202531 0
3023 72.78481012657741 284.8101265822784 0
3024 72.78481012657741 287.9746835443038 0
3025 72.78481012657741 291.139240506329 0
3026 72.78481012657741 294.3037974683544 0
3027 72.78481012657741 297.4683544303799 0
3028 72.78481012657743 300.632911392405 0
3029 72.78481012657743 303.7974683544303 0
3030 72.78481012657744 306.9620253164557 0
3031 72.78481012657744 310.126582278481 0
3032 72.78481012657743 313.2911392405063 0
3033 72.78481012657741 316.4556962025316 0
3034 72.78481012657741 319.620253164557 0
3035 72.78481012657741 322.7848101265822 0
3036 72.78481012657741 325.9493670886077 0
3037 72.78481012657741 329.113924050633 0
3038 72.78481012657741 332.2784810126582 0
3039 72.78481012657741 335.4430379746835 0
3040 72.78481012657743 338.6075949367089 0
3041 72.78481012657743 341.7721518987341 0
3042 72.78481012657741 344.9367088607595 0
3043 72.78481012657741 348.1012658227849 0
3044 72.78481012657741 351.2658227848101 0
3045 72.78481012657741 354.4303797468355 0
3046 72.78481012657741 357.5949367088609 0
3047 72.78481012657741 360.7594936708861 0
3048 72.78481012657741 363.9240506329114 0
3049 72.78481012657741 367.0886075949366 0
3050 72.78481012657741 370.2531645569621 0
3051 72.78481012657741 373.4177215189874 0
3052 72.78481012657741 376.5822784810127 0
3053 72.78481012657741 379.746835443038 0
3054 72.78481012657741 382.9113924050633 0
3055 72.78481012657741 386.0759493670886 0
3056 72.78481012657741 389.2405063291139 0
3057 72.78481012657741 392.4050632911393 0
3058 72.78481012657743 395.5696202531645 0
3059 72.78481012657741 398.7341772151899 0
3060 72.78481012657741 401.8987341772153 0
3061 72.78481012657741 405.0632911392404 0
3062 72.78481012657743 408.2278481012659 0
3063 72.78481012657743 411.3924050632913 0
3064 72.78481012657741 414.5569620253165 0
3065 72.78481012657741 417.7215189873418 0
3066 72.78481012657743 420.8860759493672 0
3067 72.78481012657741 424.0506329113924 0
3068 72.78481012657741 427.2151898734178 0
3069 72.78481012657741 430.3797468354431 0
3070 72.78481012657741 433.5443037974683 0
3071 72.78481012657743 436.7088607594937 0
3072 72.78481012657741 439.8734177215191 0
3073 72.78481012657741 443.0379746835443 0
3074 72.78481012657741 446.2025316455697 0
3075 72.78481012657741 449.3670886075952 0
3076 72.78481012657741 452.5316455696203 0
3077 72.78481012657741 455.6962025316457 0
3078 72.78481012657741 458.8607594936709 0
3079 72.78481012657741 462.0253164556963 0
3080 72.78481012657741 465.1898734177216 0
3081 72.78481012657741 468.354430379747 0
3082 72.78481012657741 471.5189873417723 0
3083 72.78481012657741 474.6835443037975 0
3084 72.78481012657741 477.8481012658228 0
3085 72.78481012657743 481.0126582278481 0
3086 72.78481012657741 484.1772151898733 0
3087 72.78481012657743 487.3417721518989 0
3088 72.78481012657741 490.5063291139242 0
3089 72.78481012657743 493.6708860759494 0
3090 72.78481012657741 496.8354430379748 0
3091 75.94936708860253 253.1645569620253 0
3092 75.94936708860254 256.3291139240506 0
3093 75.94936708860251 259.493670886076 0
3094 75.94936708860253 262.6582278481013 0
3095 75.94936708860254 265.8227848101266 0
3096 75.94936708860254 268.9873417721519 0
3097 75.94936708860254 272.1518987341771 0
3098 75.94936708860254 275.3164556962026 0
3099 75.94936708860254 278.4810126582279 0
3100 75.94936708860254 281.6455696202532 0
3101 75.94936708860254 284.8101265822784 0
3102 75.94936708860254 287.9746835443038 0
3103 75.94936708860254 291.1392405063291 0
3104 75.94936708860254 294.3037974683544 0
3105 75.94936708860254 297.4683544303797 0
3106 75.94936708860251 300.6329113924051 0
3107 75.94936708860254 303.7974683544303 0
3108 75.94936708860254 306.9620253164557 0
3109 75.94936708860254 310.126582278481 0
3110 75.94936708860254 313.2911392405063 0
3111 75.94936708860254 316.4556962025316 0
3112 75.94936708860254 319.6202531645569 0
3113 75.94936708860254 322.7848101265822 0
3114 75.94936708860254 325.9493670886076 0
3115 75.94936708860254 329.1139240506328 0
3116 75.94936708860253 332.2784810126582 0
3117 75.94936708860254 335.4430379746835 0
3118 75.94936708860254 338.6075949367089 0
3119 75.94936708860254 341.7721518987341 0
3120 75.94936708860254 344.9367088607596 0
3121 75.94936708860254 348.1012658227847 0
3122 75.94936708860254 351.2658227848101 0
3123 75.94936708860254 354.4303797468355 0
3124 75.94936708860254 357.5949367088607 0
3125 75.94936708860254 360.7594936708861 0
3126 75.94936708860254 363.9240506329114 0
3127 75.94936708860254 367.0886075949367 0
3128 75.94936708860254 370.253164556962 0
3129 75.94936708860253 373.4177215189874 0
3130 75.94936708860254 376.5822784810127 0
3131 75.94936708860254 379.746835443038 0
3132 75.94936708860254 382.9113924050635 0
3133 75.94936708860254 386.0759493670886 0
3134 75.94936708860254 389.2405063291139 0
3135 75.94936708860254 392.4050632911394 0
3136 75.94936708860254 395.5696202531645 0
3137 75.94936708860254 398.7341772151899 0
3138 75.94936708860254 401.8987341772153 0
3139 75.94936708860254 405.0632911392405 0
3140 75.94936708860254 408.2278481012659 0
3141 75.94936708860254 411.3924050632913 0
3142 75.94936708860254 414.5569620253165 0
3143 75.94936708860254 417.7215189873418 0
3144 75.94936708860254 420.8860759493672 0
3145 75.94936708860254 424.0506329113925 0
3146 75.94936708860253 427.2151898734178 0
3147 75.94936708860254 430.3797468354432 0
3148 75.94936708860254 433.5443037974684 0
3149 75.94936708860254 436.7088607594937 0
3150 75.94936708860254 439.873417721519 0
3151 75.94936708860254 443.0379746835443 0
3152 75.94936708860254 446.2025316455697 0
3153 75.94936708860253 449.3670886075951 0
3154 75.94936708860254 452.5316455696204 0
3155 75.94936708860254 455.6962025316456 0
3156 75.94936708860254 458.8607594936709 0
3157 75.94936708860256 462.0253164556962 0
3158 75.94936708860254 465.1898734177217 0
3159 75.94936708860253 468.3544303797469 0
3160 75.94936708860254 471.5189873417721 0
3161 75.94936708860254 474.6835443037975 0
3162 75.94936708860254 477.8481012658228 0
3163 75.94936708860254 481.0126582278481 0
3164 75.94936708860254 484.1772151898734 0
3165 75.94936708860253 487.3417721518987 0
3166 75.94936708860254 490.5063291139241 0
3167 75.94936708860253 493.6708860759494 0
3168 75.94936708860253 496.8354430379747 0
3169 79.11392405062762 253.1645569620253 0
3170 79.11392405062762 256.3291139240506 0
3171 79.11392405062762 259.493670886076 0
3172 79.11392405062762 262.6582278481013 0
3173 79.11392405062765 265.8227848101266 0
3174 79.11392405062762 268.9873417721519 0
3175 79.1139240506276 272.1518987341771 0
3176 79.11392405062763 275.3164556962026 0
3177 79.11392405062762 278.4810126582279 0
3178 79.11392405062759 281.6455696202532 0
3179 79.11392405062762 284.8101265822784 0
3180 79.1139240506276 287.9746835443039 0
3181 79.11392405062765 291.1392405063291 0
3182 79.11392405062763 294.3037974683546 0
3183 79.11392405062766 297.4683544303797 0
3184 79.11392405062762 300.6329113924051 0
3185 79.11392405062762 303.7974683544303 0
3186 79.11392405062762 306.9620253164557 0
3187 79.11392405062762 310.126582278481 0
3188 79.11392405062762 313.2911392405063 0
3189 79.11392405062765 316.4556962025316 0
3190 79.11392405062762 319.6202531645568 0
3191 79.11392405062762 322.7848101265822 0
3192 79.11392405062762 325.9493670886077 0
3193 79.11392405062762 329.1139240506328 0
3194 79.11392405062762 332.2784810126582 0
3195 79.11392405062762 335.4430379746835 0
3196 79.11392405062762 338.6075949367089 0
3197 79.11392405062765 341.7721518987341 0
3198 79.11392405062762 344.9367088607595 0
3199 79.11392405062762 348.1012658227847 0
3200 79.11392405062762 351.2658227848101 0
3201 79.11392405062762 354.4303797468355 0
3202 79.11392405062762 357.5949367088606 0
3203 79.11392405062762 360.7594936708861 0
3204 79.11392405062762 363.9240506329114 0
3205 79.11392405062762 367.0886075949367 0
3206 79.11392405062762 370.2531645569621 0
3207 79.11392405062762 373.4177215189874 0
3208 79.11392405062762 376.5822784810127 0
3209 79.11392405062762 379.746835443038 0
3210 79.11392405062762 382.9113924050633 0
3211 79.11392405062762 386.0759493670886 0
3212 79.11392405062762 389.2405063291139 0
3213 79.11392405062762 392.4050632911393 0
3214 79.11392405062762 395.5696202531645 0
3215 79.11392405062762 398.7341772151899 0
3216 79.11392405062762 401.8987341772153 0
3217 79.11392405062762 405.0632911392405 0
3218 79.11392405062762 408.2278481012659 0
3219 79.11392405062762 411.3924050632913 0
3220 79.11392405062762 414.5569620253165 0
3221 79.11392405062762 417.7215189873418 0
3222 79.11392405062762 420.8860759493672 0
3223 79.11392405062762 424.0506329113924 0
3224 79.11392405062762 427.2151898734178 0
3225 79.11392405062762 430.3797468354432 0
3226 79.11392405062762 433.5443037974684 0
3227 79.11392405062762 436.7088607594937 0
3228 79.11392405062762 439.8734177215191 0
3229 79.11392405062762 443.0379746835443 0
3230 79.11392405062762 446.2025316455698 0
3231 79.11392405062762 449.367088607595 0
3232 79.11392405062763 452.5316455696204 0
3233 79.11392405062763 455.6962025316457 0
3234 79.11392405062762 458.8607594936709 0
3235 79.11392405062762 462.0253164556963 0
3236 79.11392405062762 465.1898734177217 0
3237 79.11392405062762 468.354430379747 0
3238 79.11392405062762 471.5189873417723 0
3239 79.11392405062763 474.6835443037976 0
3240 79.1139240506276 477.8481012658228 0
3241 79.11392405062762 481.0126582278481 0
3242 79.11392405062763 484.1772151898734 0
3243 79.11392405062762 487.3417721518989 0
3244 79.11392405062762 490.506329113924 0
3245 79.1139240506276 493.6708860759494 0
3246 79.11392405062762 496.8354430379746 0
3247 82.27848101265269 253.1645569620253 0
3248 82.27848101265273 256.3291139240507 0
3249 82.27848101265273 259.493670886076 0
3250 82.27848101265272 262.6582278481013 0
3251 82.27848101265269 265.8227848101266 0
3252 82.27848101265273 268.987341772152 0
3253 82.27848101265272 272.1518987341772 0
3254 82.27848101265273 275.3164556962026 0
3255 82.2784810126527 278.4810126582278 0
3256 82.27848101265273 281.6455696202532 0
3257 82.27848101265273 284.8101265822784 0
3258 82.27848101265272 287.9746835443038 0
3259 82.27848101265273 291.1392405063291 0
3260 82.27848101265272 294.3037974683544 0
3261 82.27848101265272 297.4683544303797 0
3262 82.27848101265272 300.6329113924051 0
3263 82.27848101265269 303.7974683544303 0
3264 82.27848101265272 306.9620253164557 0
3265 82.27848101265272 310.126582278481 0
3266 82.27848101265272 313.2911392405063 0
3267 82.27848101265272 316.4556962025316 0
3268 82.27848101265275 319.6202531645569 0
3269 82.27848101265272 322.7848101265822 0
3270 82.27848101265272 325.9493670886076 0
3271 82.27848101265272 329.1139240506328 0
3272 82.27848101265272 332.2784810126582 0
3273 82.27848101265272 335.4430379746835 0
3274 82.27848101265272 338.6075949367089 0
3275 82.27848101265272 341.7721518987341 0
3276 82.27848101265273 344.9367088607596 0
3277 82.27848101265273 348.1012658227847 0
3278 82.27848101265272 351.2658227848101 0
3279 82.27848101265272 354.4303797468355 0
3280 82.27848101265272 357.5949367088607 0
3281 82.27848101265272 360.7594936708861 0
3282 82.27848101265272 363.9240506329114 0
3283 82.27848101265272 367.0886075949367 0
3284 82.27848101265272 370.2531645569621 0
3285 82.27848101265272 373.4177215189874 0
3286 82.27848101265272 376.5822784810127 0
3287 82.27848101265272 379.746835443038 0
3288 82.27848101265272 382.9113924050635 0
3289 82.27848101265272 386.0759493670886 0
3290 82.27848101265272 389.2405063291139 0
3291 82.27848101265272 392.4050632911393 0
3292 82.27848101265272 395.5696202531645 0
3293 82.27848101265272 398.7341772151899 0
3294 82.27848101265272 401.8987341772153 0
3295 82.27848101265273 405.0632911392405 0
3296 82.27848101265272 408.2278481012659 0
3297 82.27848101265272 411.3924050632912 0
3298 82.27848101265272 414.5569620253165 0
3299 82.27848101265273 417.7215189873418 0
3300 82.27848101265272 420.8860759493672 0
3301 82.27848101265272 424.0506329113924 0
3302 82.27848101265272 427.2151898734178 0
3303 82.27848101265272 430.3797468354431 0
3304 82.27848101265272 433.5443037974684 0
3305 82.27848101265272 436.7088607594938 0
3306 82.27848101265272 439.8734177215191 0
3307 82.27848101265272 443.0379746835443 0
3308 82.27848101265272 446.2025316455697 0
3309 82.27848101265272 449.367088607595 0
3310 82.27848101265272 452.5316455696204 0
3311 82.27848101265272 455.6962025316456 0
3312 82.27848101265273 458.860759493671 0
3313 82.27848101265272 462.0253164556961 0
3314 82.27848101265272 465.1898734177214 0
3315 82.27848101265273 468.3544303797469 0
3316 82.27848101265273 471.5189873417722 0
3317 82.27848101265272 474.6835443037975 0
3318 82.27848101265272 477.8481012658229 0
3319 82.27848101265273 481.0126582278481 0
3320 82.27848101265272 484.1772151898734 0
3321 82.27848101265272 487.3417721518986 0
3322 82.27848101265273 490.506329113924 0
3323 82.27848101265272 493.6708860759495 0
3324 82.27848101265272 496.8354430379746 0
3325 85.44303797467782 253.1645569620253 0
3326 85.44303797467782 256.3291139240506 0
3327 85.44303797467782 259.493670886076 0
3328 85.44303797467782 262.6582278481013 0
3329 85.44303797467782 265.8227848101266 0
3330 85.44303797467782 268.987341772152 0
3331 85.44303797467781 272.1518987341771 0
3332 85.44303797467782 275.3164556962026 0
3333 85.44303797467782 278.4810126582278 0
3334 85.44303797467782 281.6455696202532 0
3335 85.44303797467781 284.8101265822784 0
3336 85.44303797467782 287.9746835443038 0
3337 85.44303797467782 291.1392405063291 0
3338 85.44303797467782 294.3037974683544 0
3339 85.44303797467782 297.4683544303796 0
3340 85.44303797467784 300.6329113924051 0
3341 85.44303797467782 303.7974683544303 0
3342 85.44303797467781 306.9620253164557 0
3343 85.44303797467781 310.126582278481 0
3344 85.44303797467782 313.2911392405063 0
3345 85.44303797467782 316.4556962025316 0
3346 85.44303797467782 319.6202531645569 0
3347 85.44303797467782 322.7848101265822 0
3348 85.44303797467785 325.9493670886076 0
3349 85.44303797467782 329.1139240506328 0
3350 85.44303797467782 332.2784810126582 0
3351 85.44303797467782 335.4430379746835 0
3352 85.44303797467782 338.6075949367089 0
3353 85.44303797467782 341.7721518987341 0
3354 85.44303797467782 344.9367088607596 0
3355 85.44303797467782 348.1012658227847 0
3356 85.44303797467782 351.2658227848101 0
3357 85.44303797467782 354.4303797468355 0
3358 85.44303797467782 357.5949367088607 0
3359 85.44303797467782 360.7594936708861 0
3360 85.44303797467782 363.9240506329114 0
3361 85.44303797467782 367.0886075949367 0
3362 85.44303797467781 370.253164556962 0
3363 85.44303797467782 373.4177215189874 0
3364 85.44303797467782 376.5822784810127 0
3365 85.44303797467782 379.746835443038 0
3366 85.44303797467782 382.9113924050635 0
3367 85.44303797467782 386.0759493670886 0
3368 85.44303797467782 389.2405063291139 0
3369 85.44303797467782 392.4050632911393 0
3370 85.44303797467782 395.5696202531645 0
3371 85.44303797467782 398.7341772151899 0
3372 85.44303797467782 401.8987341772153 0
3373 85.44303797467782 405.0632911392405 0
3374 85.44303797467782 408.2278481012659 0
3375 85.44303797467782 411.3924050632912 0
3376 85.44303797467782 414.5569620253165 0
3377 85.44303797467782 417.7215189873418 0
3378 85.44303797467782 420.8860759493672 0
3379 85.44303797467782 424.0506329113925 0
3380 85.44303797467782 427.2151898734178 0
3381 85.44303797467782 430.3797468354432 0
3382 85.44303797467782 433.5443037974684 0
3383 85.44303797467782 436.7088607594937 0
3384 85.44303797467781 439.8734177215191 0
3385 85.44303797467782 443.0379746835443 0
3386 85.44303797467782 446.2025316455698 0
3387 85.44303797467782 449.367088607595 0
3388 85.44303797467782 452.5316455696203 0
3389 85.44303797467782 455.6962025316455 0
3390 85.44303797467782 458.8607594936709 0
3391 85.44303797467782 462.0253164556962 0
3392 85.44303797467782 465.1898734177216 0
3393 85.44303797467782 468.3544303797469 0
3394 85.44303797467782 471.5189873417721 0
3395 85.44303797467782 474.6835443037975 0
3396 85.44303797467781 477.8481012658228 0
3397 85.44303797467782 481.0126582278481 0
3398 85.44303797467782 484.1772151898734 0
3399 85.44303797467782 487.3417721518986 0
3400 85.44303797467782 490.506329113924 0
3401 85.44303797467781 493.6708860759494 0
3402 85.44303797467782 496.8354430379746 0
3403 88.60759493670292 253.1645569620253 0
3404 88.60759493670294 256.3291139240506 0
3405 88.6075949367029 259.493670886076 0
3406 88.60759493670292 262.6582278481013 0
3407 88.60759493670295 265.8227848101266 0
3408 88.60759493670292 268.9873417721519 0
3409 88.60759493670292 272.1518987341771 0
3410 88.60759493670292 275.3164556962025 0
3411 88.60759493670292 278.481012658228 0
3412 88.60759493670292 281.6455696202532 0
3413 88.60759493670294 284.8101265822784 0
3414 88.60759493670292 287.9746835443038 0
3415 88.60759493670292 291.1392405063291 0
3416 88.6075949367029 294.3037974683544 0
3417 88.60759493670294 297.4683544303797 0
3418 88.60759493670292 300.6329113924051 0
3419 88.60759493670292 303.7974683544303 0
3420 88.60759493670292 306.9620253164557 0
3421 88.60759493670292 310.1265822784811 0
3422 88.60759493670292 313.2911392405063 0
3423 88.6075949367029 316.4556962025316 0
3424 88.60759493670292 319.6202531645568 0
3425 88.60759493670294 322.7848101265822 0
3426 88.60759493670292 325.9493670886077 0
3427 88.60759493670292 329.1139240506328 0
3428 88.60759493670292 332.2784810126581 0
3429 88.60759493670292 335.4430379746835 0
3430 88.60759493670292 338.6075949367088 0
3431 88.60759493670292 341.7721518987341 0
3432 88.60759493670292 344.9367088607595 0
3433 88.60759493670292 348.1012658227847 0
3434 88.60759493670292 351.2658227848101 0
3435 88.60759493670292 354.4303797468355 0
3436 88.60759493670292 357.5949367088607 0
3437 88.60759493670292 360.7594936708861 0
3438 88.60759493670292 363.9240506329114 0
3439 88.60759493670292 367.0886075949367 0
3440 88.60759493670292 370.2531645569621 0
3441 88.60759493670292 373.4177215189874 0
3442 88.60759493670292 376.5822784810127 0
3443 88.60759493670292 379.746835443038 0
3444 88.60759493670292 382.9113924050633 0
3445 88.60759493670292 386.0759493670886 0
3446 88.60759493670292 389.2405063291139 0
3447 88.60759493670292 392.4050632911393 0
3448 88.60759493670292 395.5696202531645 0
3449 88.60759493670292 398.7341772151899 0
3450 88.60759493670292 401.8987341772153 0
3451 88.60759493670292 405.0632911392405 0
3452 88.60759493670292 408.2278481012659 0
3453 88.60759493670292 411.3924050632912 0
3454 88.60759493670292 414.5569620253165 0
3455 88.60759493670292 417.7215189873418 0
3456 88.60759493670292 420.8860759493672 0
3457 88.60759493670292 424.0506329113924 0
3458 88.60759493670292 427.2151898734178 0
3459 88.60759493670292 430.3797468354431 0
3460 88.60759493670292 433.5443037974684 0
3461 88.60759493670292 436.7088607594937 0
3462 88.60759493670292 439.8734177215192 0
3463 88.60759493670292 443.0379746835443 0
3464 88.60759493670292 446.2025316455698 0
3465 88.60759493670292 449.3670886075951 0
3466 88.60759493670294 452.5316455696204 0
3467 88.60759493670292 455.6962025316457 0
3468 88.60759493670292 458.8607594936709 0
3469 88.60759493670292 462.0253164556963 0
3470 88.60759493670292 465.1898734177216 0
3471 88.60759493670292 468.3544303797469 0
3472 88.60759493670292 471.5189873417722 0
3473 88.60759493670292 474.6835443037975 0
3474 88.60759493670292 477.8481012658228 0
3475 88.60759493670294 481.012658227848 0
3476 88.60759493670292 484.1772151898734 0
3477 88.60759493670292 487.3417721518988 0
3478 88.60759493670292 490.5063291139242 0
3479 88.60759493670292 493.6708860759494 0
3480 88.60759493670292 496.8354430379746 0
3481 91.77215189872803 253.1645569620253 0
3482 91.77215189872801 256.3291139240506 0
3483 91.77215189872801 259.493670886076 0
3484 91.77215189872803 262.6582278481013 0
3485 91.77215189872803 265.8227848101266 0
3486 91.77215189872801 268.9873417721519 0
3487 91.772151898728 272.1518987341772 0
3488 91.77215189872803 275.3164556962026 0
3489 91.77215189872798 278.4810126582279 0
3490 91.77215189872801 281.6455696202531 0
3491 91.77215189872801 284.8101265822784 0
3492 91.77215189872805 287.9746835443038 0
3493 91.77215189872803 291.1392405063291 0
3494 91.77215189872803 294.3037974683544 0
3495 91.77215189872801 297.4683544303796 0
3496 91.77215189872803 300.632911392405 0
3497 91.77215189872803 303.7974683544303 0
3498 91.77215189872801 306.9620253164557 0
3499 91.77215189872803 310.1265822784811 0
3500 91.77215189872801 313.2911392405063 0
3501 91.77215189872803 316.4556962025316 0
3502 91.77215189872805 319.6202531645569 0
3503 91.77215189872803 322.7848101265822 0
3504 91.77215189872803 325.9493670886077 0
3505 91.77215189872801 329.1139240506328 0
3506 91.77215189872801 332.2784810126582 0
3507 91.77215189872801 335.4430379746835 0
3508 91.77215189872803 338.6075949367088 0
3509 91.77215189872803 341.7721518987341 0
3510 91.77215189872803 344.9367088607595 0
3511 91.77215189872803 348.1012658227847 0
3512 91.77215189872803 351.2658227848101 0
3513 91.77215189872803 354.4303797468355 0
3514 91.77215189872803 357.5949367088607 0
3515 91.77215189872803 360.7594936708861 0
3516 91.77215189872803 363.9240506329114 0
3517 91.77215189872803 367.0886075949367 0
3518 91.77215189872804 370.253164556962 0
3519 91.77215189872803 373.4177215189874 0
3520 91.77215189872803 376.5822784810127 0
3521 91.77215189872803 379.746835443038 0
3522 91.77215189872803 382.9113924050633 0
3523 91.77215189872803 386.0759493670886 0
3524 91.77215189872803 389.2405063291139 0
3525 91.77215189872803 392.4050632911393 0
3526 91.77215189872803 395.5696202531645 0
3527 91.77215189872803 398.7341772151899 0
3528 91.77215189872803 401.8987341772153 0
3529 91.77215189872803 405.0632911392404 0
3530 91.77215189872803 408.2278481012659 0
3531 91.77215189872803 411.3924050632912 0
3532 91.77215189872801 414.5569620253165 0
3533 91.77215189872803 417.7215189873418 0
3534 91.77215189872803 420.8860759493672 0
3535 91.77215189872803 424.0506329113924 0
3536 91.77215189872803 427.2151898734178 0
3537 91.77215189872803 430.3797468354431 0
3538 91.77215189872803 433.5443037974684 0
3539 91.77215189872801 436.7088607594937 0
3540 91.77215189872803 439.8734177215192 0
3541 91.77215189872801 443.0379746835443 0
3542 91.77215189872803 446.2025316455697 0
3543 91.77215189872803 449.3670886075951 0
3544 91.77215189872801 452.5316455696203 0
3545 91.77215189872803 455.6962025316457 0
3546 91.77215189872803 458.8607594936709 0
3547 91.77215189872803 462.0253164556963 0
3548 91.77215189872803 465.1898734177217 0
3549 91.77215189872801 468.3544303797469 0
3550 91.77215189872801 471.5189873417722 0
3551 91.77215189872803 474.6835443037976 0
3552 91.77215189872803 477.8481012658229 0
3553 91.77215189872801 481.0126582278481 0
3554 91.77215189872803 484.1772151898734 0
3555 91.77215189872803 487.3417721518988 0
3556 91.77215189872801 490.506329113924 0
3557 91.77215189872801 493.6708860759494 0
3558 91.77215189872803 496.8354430379747 0
3559 94.93670886075313 253.1645569620253 0
3560 94.93670886075316 256.3291139240506 0
3561 94.93670886075316 259.493670886076 0
3562 94.93670886075314 262.6582278481012 0
3563 94.93670886075314 265.8227848101266 0
3564 94.93670886075316 268.987341772152 0
3565 94.93670886075316 272.1518987341772 0
3566 94.93670886075314 275.3164556962025 0
3567 94.93670886075316 278.4810126582279 0
3568 94.93670886075314 281.6455696202532 0
3569 94.93670886075316 284.8101265822785 0
3570 94.93670886075316 287.9746835443038 0
3571 94.93670886075319 291.1392405063291 0
3572 94.93670886075316 294.3037974683544 0
3573 94.93670886075314 297.4683544303797 0
3574 94.93670886075317 300.6329113924051 0
3575 94.93670886075317 303.7974683544303 0
3576 94.93670886075316 306.9620253164557 0
3577 94.93670886075316 310.126582278481 0
3578 94.93670886075316 313.2911392405063 0
3579 94.93670886075313 316.4556962025316 0
3580 94.93670886075316 319.6202531645569 0
3581 94.93670886075317 322.7848101265823 0
3582 94.93670886075316 325.9493670886076 0
3583 94.93670886075316 329.1139240506328 0
3584 94.93670886075316 332.2784810126582 0
3585 94.93670886075316 335.4430379746836 0
3586 94.93670886075316 338.6075949367089 0
3587 94.93670886075316 341.7721518987341 0
3588 94.93670886075316 344.9367088607596 0
3589 94.93670886075313 348.1012658227847 0
3590 94.93670886075316 351.2658227848102 0
3591 94.93670886075316 354.4303797468355 0
3592 94.93670886075316 357.5949367088607 0
3593 94.93670886075316 360.7594936708861 0
3594 94.93670886075316 363.9240506329114 0
3595 94.93670886075316 367.0886075949367 0
3596 94.93670886075316 370.253164556962 0
3597 94.93670886075319 373.4177215189874 0
3598 94.93670886075316 376.5822784810126 0
3599 94.93670886075316 379.746835443038 0
3600 94.93670886075316 382.9113924050634 0
3601 94.93670886075316 386.0759493670886 0
3602 94.93670886075316 389.2405063291139 0
3603 94.93670886075316 392.4050632911394 0
3604 94.93670886075316 395.5696202531645 0
3605 94.93670886075316 398.7341772151899 0
3606 94.93670886075316 401.8987341772154 0
3607 94.93670886075316 405.0632911392405 0
3608 94.93670886075316 408.2278481012659 0
3609 94.93670886075316 411.3924050632912 0
3610 94.93670886075316 414.5569620253165 0
3611 94.93670886075316 417.7215189873418 0
3612 94.93670886075316 420.8860759493672 0
3613 94.93670886075314 424.0506329113924 0
3614 94.93670886075316 427.2151898734178 0
3615 94.93670886075316 430.3797468354432 0
3616 94.93670886075316 433.5443037974684 0
3617 94.93670886075316 436.7088607594937 0
3618 94.93670886075316 439.8734177215192 0
3619 94.93670886075316 443.0379746835443 0
3620 94.93670886075317 446.2025316455698 0
3621 94.93670886075316 449.3670886075951 0
3622 94.93670886075314 452.5316455696204 0
3623 94.93670886075316 455.6962025316456 0
3624 94.93670886075316 458.8607594936709 0
3625 94.93670886075316 462.0253164556962 0
3626 94.93670886075316 465.1898734177216 0
3627 94.93670886075316 468.3544303797469 0
3628 94.93670886075316 471.5189873417721 0
3629 94.93670886075314 474.6835443037975 0
3630 94.93670886075316 477.8481012658228 0
3631 94.93670886075316 481.0126582278481 0
3632 94.93670886075316 484.1772151898734 0
3633 94.93670886075316 487.3417721518986 0
3634 94.93670886075314 490.506329113924 0
3635 94.93670886075316 493.6708860759495 0
3636 94.93670886075316 496.8354430379746 0
3637 98.10126582277827 253.1645569620253 0
3638 98.10126582277826 256.3291139240506 0
3639 98.10126582277827 259.493670886076 0
3640 98.10126582277826 262.6582278481013 0
3641 98.10126582277826 265.8227848101266 0
3642 98.10126582277829 268.9873417721519 0
3643 98.1012658227783 272.1518987341772 0
3644 98.10126582277826 275.3164556962026 0
3645 98.10126582277826 278.4810126582279 0
3646 98.10126582277827 281.6455696202532 0
3647 98.10126582277827 284.8101265822785 0
3648 98.10126582277825 287.9746835443037 0
3649 98.10126582277826 291.1392405063291 0
3650 98.10126582277827 294.3037974683544 0
3651 98.10126582277826 297.4683544303796 0
3652 98.10126582277827 300.6329113924051 0
3653 98.10126582277823 303.7974683544303 0
3654 98.10126582277825 306.9620253164557 0
3655 98.10126582277826 310.1265822784811 0
3656 98.10126582277826 313.2911392405063 0
3657 98.10126582277826 316.4556962025316 0
3658 98.10126582277826 319.6202531645569 0
3659 98.10126582277826 322.7848101265822 0
3660 98.10126582277829 325.9493670886076 0
3661 98.10126582277826 329.1139240506328 0
3662 98.10126582277829 332.2784810126582 0
3663 98.10126582277826 335.4430379746835 0
3664 98.10126582277827 338.6075949367088 0
3665 98.10126582277826 341.7721518987341 0
3666 98.10126582277826 344.9367088607595 0
3667 98.10126582277825 348.1012658227847 0
3668 98.10126582277826 351.2658227848101 0
3669 98.10126582277826 354.4303797468355 0
3670 98.10126582277826 357.5949367088607 0
3671 98.10126582277826 360.7594936708861 0
3672 98.10126582277826 363.9240506329114 0
3673 98.10126582277826 367.0886075949367 0
3674 98.10126582277829 370.253164556962 0
3675 98.10126582277826 373.4177215189874 0
3676 98.10126582277826 376.5822784810127 0
3677 98.10126582277826 379.746835443038 0
3678 98.10126582277826 382.9113924050634 0
3679 98.10126582277826 386.0759493670886 0
3680 98.10126582277826 389.2405063291139 0
3681 98.10126582277826 392.4050632911393 0
3682 98.10126582277826 395.5696202531645 0
3683 98.10126582277826 398.7341772151899 0
3684 98.10126582277826 401.8987341772153 0
3685 98.10126582277826 405.0632911392405 0
3686 98.10126582277826 408.2278481012659 0
3687 98.10126582277827 411.3924050632913 0
3688 98.10126582277826 414.5569620253165 0
3689 98.10126582277826 417.7215189873418 0
3690 98.10126582277827 420.8860759493672 0
3691 98.10126582277826 424.0506329113924 0
3692 98.10126582277826 427.2151898734178 0
3693 98.10126582277826 430.3797468354431 0
3694 98.10126582277826 433.5443037974684 0
3695 98.10126582277826 436.7088607594937 0
3696 98.10126582277826 439.8734177215192 0
3697 98.10126582277826 443.0379746835443 0
3698 98.10126582277826 446.2025316455698 0
3699 98.10126582277827 449.367088607595 0
3700 98.10126582277826 452.5316455696203 0
3701 98.10126582277827 455.6962025316456 0
3702 98.10126582277826 458.8607594936709 0
3703 98.10126582277826 462.0253164556962 0
3704 98.10126582277826 465.1898734177216 0
3705 98.10126582277827 468.3544303797469 0
3706 98.10126582277826 471.5189873417722 0
3707 98.10126582277826 474.6835443037975 0
3708 98.10126582277827 477.8481012658228 0
3709 98.10126582277826 481.012658227848 0
3710 98.10126582277826 484.1772151898734 0
3711 98.10126582277826 487.3417721518987 0
3712 98.10126582277826 490.506329113924 0
3713 98.10126582277826 493.6708860759494 0
3714 98.10126582277827 496.8354430379748 0
3715 101.2658227848034 253.1645569620253 0
3716 101.2658227848033 256.3291139240506 0
3717 101.2658227848034 259.493670886076 0
3718 101.2658227848034 262.6582278481013 0
3719 101.2658227848033 265.8227848101266 0
3720 101.2658227848033 268.9873417721519 0
3721 101.2658227848034 272.1518987341771 0
3722 101.2658227848034 275.3164556962026 0
3723 101.2658227848033 278.4810126582279 0
3724 101.2658227848034 281.6455696202532 0
3725 101.2658227848034 284.8101265822784 0
3726 101.2658227848034 287.9746835443038 0
3727 101.2658227848034 291.1392405063291 0
3728 101.2658227848034 294.3037974683545 0
3729 101.2658227848033 297.4683544303797 0
3730 101.2658227848034 300.6329113924051 0
3731 101.2658227848034 303.7974683544303 0
3732 101.2658227848034 306.9620253164557 0
3733 101.2658227848033 310.1265822784811 0
3734 101.2658227848034 313.2911392405063 0
3735 101.2658227848034 316.4556962025316 0
3736 101.2658227848034 319.6202531645569 0
3737 101.2658227848034 322.7848101265822 0
3738 101.2658227848033 325.9493670886076 0
3739 101.2658227848033 329.1139240506328 0
3740 101.2658227848033 332.2784810126582 0
3741 101.2658227848034 335.4430379746835 0
3742 101.2658227848034 338.6075949367088 0
3743 101.2658227848034 341.7721518987341 0
3744 101.2658227848033 344.9367088607595 0
3745 101.2658227848033 348.1012658227847 0
3746 101.2658227848034 351.2658227848101 0
3747 101.2658227848033 354.4303797468355 0
3748 101.2658227848034 357.5949367088607 0
3749 101.2658227848034 360.7594936708861 0
3750 101.2658227848034 363.9240506329114 0
3751 101.2658227848034 367.0886075949367 0
3752 101.2658227848033 370.253164556962 0
3753 101.2658227848034 373.4177215189874 0
3754 101.2658227848034 376.5822784810127 0
3755 101.2658227848034 379.746835443038 0
3756 101.2658227848034 382.9113924050633 0
3757 101.2658227848034 386.0759493670886 0
3758 101.2658227848034 389.2405063291139 0
3759 101.2658227848034 392.4050632911393 0
3760 101.2658227848034 395.5696202531645 0
3761 101.2658227848034 398.7341772151899 0
3762 101.2658227848034 401.8987341772153 0
3763 101.2658227848033 405.0632911392405 0
3764 101.2658227848034 408.2278481012659 0
3765 101.2658227848034 411.3924050632913 0
3766 101.2658227848034 414.5569620253165 0
3767 101.2658227848033 417.7215189873418 0
3768 101.2658227848033 420.8860759493672 0
3769 101.2658227848033 424.0506329113924 0
3770 101.2658227848034 427.2151898734178 0
3771 101.2658227848034 430.3797468354431 0
3772 101.2658227848034 433.5443037974684 0
3773 101.2658227848034 436.7088607594937 0
3774 101.2658227848033 439.8734177215191 0
3775 101.2658227848033 443.0379746835443 0
3776 101.2658227848033 446.2025316455697 0
3777 101.2658227848034 449.367088607595 0
3778 101.2658227848034 452.5316455696204 0
3779 101.2658227848034 455.6962025316457 0
3780 101.2658227848034 458.8607594936709 0
3781 101.2658227848034 462.0253164556962 0
3782 101.2658227848034 465.1898734177217 0
3783 101.2658227848034 468.3544303797469 0
3784 101.2658227848033 471.5189873417722 0
3785 101.2658227848034 474.6835443037975 0
3786 101.2658227848034 477.8481012658228 0
3787 101.2658227848034 481.012658227848 0
3788 101.2658227848033 484.1772151898734 0
3789 101.2658227848033 487.3417721518988 0
3790 101.2658227848033 490.506329113924 0
3791 101.2658227848033 493.6708860759494 0
3792 101.2658227848034 496.8354430379748 0
3793 104.4303797468285 253.1645569620253 0
3794 104.4303797468285 256.3291139240505 0
3795 104.4303797468284 259.493670886076 0
3796 104.4303797468285 262.6582278481013 0
3797 104.4303797468285 265.8227848101266 0
3798 104.4303797468285 268.9873417721519 0
3799 104.4303797468285 272.1518987341771 0
3800 104.4303797468285 275.3164556962026 0
3801 104.4303797468285 278.4810126582279 0
3802 104.4303797468285 281.6455696202532 0
3803 104.4303797468285 284.8101265822784 0
3804 104.4303797468285 287.9746835443039 0
3805 104.4303797468285 291.1392405063291 0
3806 104.4303797468285 294.3037974683545 0
3807 104.4303797468285 297.4683544303796 0
3808 104.4303797468285 300.632911392405 0
3809 104.4303797468285 303.7974683544303 0
3810 104.4303797468285 306.9620253164557 0
3811 104.4303797468285 310.1265822784811 0
3812 104.4303797468285 313.2911392405063 0
3813 104.4303797468285 316.4556962025316 0
3814 104.4303797468285 319.6202531645568 0
3815 104.4303797468285 322.7848101265822 0
3816 104.4303797468285 325.9493670886075 0
3817 104.4303797468285 329.1139240506328 0
3818 104.4303797468285 332.2784810126582 0
3819 104.4303797468285 335.4430379746835 0
3820 104.4303797468285 338.6075949367089 0
3821 104.4303797468285 341.7721518987341 0
3822 104.4303797468285 344.9367088607595 0
3823 104.4303797468285 348.1012658227847 0
3824 104.4303797468285 351.2658227848101 0
3825 104.4303797468285 354.4303797468355 0
3826 104.4303797468285 357.5949367088606 0
3827 104.4303797468285 360.7594936708861 0
3828 104.4303797468285 363.9240506329114 0
3829 104.4303797468285 367.0886075949369 0
3830 104.4303797468285 370.253164556962 0
3831 104.4303797468285 373.4177215189874 0
3832 104.4303797468285 376.5822784810127 0
3833 104.4303797468285 379.746835443038 0
3834 104.4303797468285 382.9113924050633 0
3835 104.4303797468285 386.0759493670886 0
3836 104.4303797468285 389.2405063291139 0
3837 104.4303797468285 392.4050632911393 0
3838 104.4303797468285 395.5696202531645 0
3839 104.4303797468285 398.7341772151899 0
3840 104.4303797468285 401.8987341772153 0
3841 104.4303797468285 405.0632911392405 0
3842 104.4303797468285 408.2278481012659 0
3843 104.4303797468285 411.3924050632912 0
3844 104.4303797468285 414.5569620253165 0
3845 104.4303797468285 417.7215189873418 0
3846 104.4303797468285 420.8860759493672 0
3847 104.4303797468285 424.0506329113924 0
3848 104.4303797468285 427.2151898734178 0
3849 104.4303797468285 430.3797468354431 0
3850 104.4303797468285 433.5443037974684 0
3851 104.4303797468285 436.7088607594937 0
3852 104.4303797468285 439.8734177215191 0
3853 104.4303797468285 443.0379746835443 0
3854 104.4303797468285 446.2025316455698 0
3855 104.4303797468285 449.3670886075951 0
3856 104.4303797468285 452.5316455696203 0
3857 104.4303797468285 455.6962025316457 0
3858 104.4303797468285 458.8607594936709 0
3859 104.4303797468285 462.0253164556963 0
3860 104.4303797468285 465.1898734177216 0
3861 104.4303797468285 468.354430379747 0
3862 104.4303797468285 471.5189873417723 0
3863 104.4303797468285 474.6835443037977 0
3864 104.4303797468285 477.8481012658228 0
3865 104.4303797468285 481.0126582278481 0
3866 104.4303797468285 484.1772151898734 0
3867 104.4303797468285 487.3417721518988 0
3868 104.4303797468285 490.5063291139241 0
3869 104.4303797468285 493.6708860759493 0
3870 104.4303797468285 496.8354430379748 0
3871 107.5949367088536 253.1645569620253 0
3872 107.5949367088536 256.3291139240506 0
3873 107.5949367088536 259.493670886076 0
3874 107.5949367088536 262.6582278481013 0
3875 107.5949367088536 265.8227848101266 0
3876 107.5949367088536 268.987341772152 0
3877 107.5949367088536 272.1518987341772 0
3878 107.5949367088536 275.3164556962026 0
3879 107.5949367088536 278.4810126582278 0
3880 107.5949367088536 281.6455696202532 0
3881 107.5949367088536 284.8101265822784 0
3882 107.5949367088536 287.9746835443038 0
3883 107.5949367088536 291.1392405063291 0
3884 107.5949367088536 294.3037974683544 0
3885 107.5949367088536 297.4683544303796 0
3886 107.5949367088536 300.632911392405 0
3887 107.5949367088536 303.7974683544303 0
3888 107.5949367088536 306.9620253164557 0
3889 107.5949367088536 310.126582278481 0
3890 107.5949367088536 313.2911392405063 0
3891 107.5949367088536 316.4556962025316 0
3892 107.5949367088536 319.6202531645569 0
3893 107.5949367088536 322.7848101265822 0
3894 107.5949367088536 325.9493670886076 0
3895 107.5949367088536 329.1139240506328 0
3896 107.5949367088536 332.2784810126582 0
3897 107.5949367088536 335.4430379746835 0
3898 107.5949367088536 338.6075949367088 0
3899 107.5949367088536 341.7721518987341 0
3900 107.5949367088536 344.9367088607595 0
3901 107.5949367088536 348.1012658227847 0
3902 107.5949367088536 351.2658227848101 0
3903 107.5949367088536 354.4303797468355 0
3904 107.5949367088536 357.5949367088606 0
3905 107.5949367088536 360.7594936708861 0
3906 107.5949367088536 363.9240506329114 0
3907 107.5949367088536 367.0886075949367 0
3908 107.5949367088536 370.253164556962 0
3909 107.5949367088536 373.4177215189874 0
3910 107.5949367088536 376.5822784810126 0
3911 107.5949367088536 379.746835443038 0
3912 107.5949367088536 382.9113924050633 0
3913 107.5949367088536 386.0759493670886 0
3914 107.5949367088536 389.2405063291139 0
3915 107.5949367088536 392.4050632911393 0
3916 107.5949367088536 395.5696202531645 0
3917 107.5949367088536 398.7341772151899 0
3918 107.5949367088536 401.8987341772153 0
3919 107.5949367088536 405.0632911392405 0
3920 107.5949367088536 408.2278481012659 0
3921 107.5949367088536 411.3924050632913 0
3922 107.5949367088536 414.5569620253165 0
3923 107.5949367088536 417.7215189873418 0
3924 107.5949367088536 420.8860759493672 0
3925 107.5949367088536 424.0506329113924 0
3926 107.5949367088536 427.2151898734178 0
3927 107.5949367088536 430.3797468354432 0
3928 107.5949367088536 433.5443037974684 0
3929 107.5949367088536 436.7088607594937 0
3930 107.5949367088536 439.8734177215192 0
3931 107.5949367088536 443.0379746835443 0
3932 107.5949367088536 446.2025316455698 0
3933 107.5949367088536 449.3670886075951 0
3934 107.5949367088536 452.5316455696203 0
3935 107.5949367088536 455.6962025316456 0
3936 107.5949367088536 458.8607594936709 0
3937 107.5949367088536 462.0253164556963 0
3938 107.5949367088536 465.1898734177217 0
3939 107.5949367088536 468.3544303797469 0
3940 107.5949367088536 471.5189873417722 0
3941 107.5949367088536 474.6835443037976 0
3942 107.5949367088536 477.8481012658228 0
3943 107.5949367088536 481.0126582278481 0
3944 107.5949367088536 484.1772151898734 0
3945 107.5949367088536 487.3417721518987 0
3946 107.5949367088536 490.506329113924 0
3947 107.5949367088536 493.6708860759494 0
3948 107.5949367088536 496.8354430379746 0
3949 110.7594936708787 253.1645569620253 0
3950 110.7594936708787 256.3291139240506 0
3951 110.7594936708787 259.493670886076 0
3952 110.7594936708787 262.6582278481013 0
3953 110.7594936708787 265.8227848101266 0
3954 110.7594936708787 268.9873417721519 0
3955 110.7594936708787 272.1518987341772 0
3956 110.7594936708787 275.3164556962026 0
3957 110.7594936708787 278.4810126582278 0
3958 110.7594936708787 281.6455696202532 0
3959 110.7594936708786 284.8101265822784 0
3960 110.7594936708787 287.9746835443038 0
3961 110.7594936708787 291.1392405063291 0
3962 110.7594936708787 294.3037974683544 0
3963 110.7594936708787 297.4683544303797 0
3964 110.7594936708787 300.6329113924051 0
3965 110.7594936708787 303.7974683544303 0
3966 110.7594936708787 306.9620253164557 0
3967 110.7594936708787 310.126582278481 0
3968 110.7594936708787 313.2911392405063 0
3969 110.7594936708787 316.4556962025316 0
3970 110.7594936708786 319.6202531645569 0
3971 110.7594936708787 322.7848101265822 0
3972 110.7594936708787 325.9493670886076 0
3973 110.7594936708787 329.1139240506328 0
3974 110.7594936708787 332.2784810126582 0
3975 110.7594936708787 335.4430379746835 0
3976 110.7594936708787 338.6075949367089 0
3977 110.7594936708786 341.7721518987341 0
3978 110.7594936708787 344.9367088607595 0
3979 110.7594936708787 348.1012658227847 0
3980 110.7594936708787 351.2658227848101 0
3981 110.7594936708787 354.4303797468355 0
3982 110.7594936708787 357.5949367088607 0
3983 110.7594936708787 360.7594936708861 0
3984 110.7594936708787 363.9240506329114 0
3985 110.7594936708787 367.0886075949366 0
3986 110.7594936708787 370.253164556962 0
3987 110.7594936708787 373.4177215189874 0
3988 110.7594936708787 376.5822784810126 0
3989 110.7594936708787 379.746835443038 0
3990 110.7594936708787 382.9113924050634 0
3991 110.7594936708787 386.0759493670886 0
3992 110.7594936708787 389.2405063291139 0
3993 110.7594936708787 392.4050632911393 0
3994 110.7594936708787 395.5696202531645 0
3995 110.7594936708787 398.7341772151899 0
3996 110.7594936708787 401.8987341772153 0
3997 110.7594936708787 405.0632911392405 0
3998 110.7594936708787 408.2278481012659 0
3999 110.7594936708787 411.3924050632912 0
4000 110.7594936708787 414.5569620253165 0
4001 110.7594936708787 417.7215189873418 0
4002 110.7594936708787 420.8860759493672 0
4003 110.7594936708787 424.0506329113924 0
4004 110.7594936708787 427.2151898734178 0
4005 110.7594936708787 430.3797468354432 0
4006 110.7594936708787 433.5443037974684 0
4007 110.7594936708787 436.7088607594937 0
4008 110.7594936708787 439.8734177215191 0
4009 110.7594936708787 443.0379746835443 0
4010 110.7594936708787 446.2025316455697 0
4011 110.7594936708787 449.367088607595 0
4012 110.7594936708787 452.5316455696203 0
4013 110.7594936708787 455.6962025316456 0
4014 110.7594936708787 458.8607594936709 0
4015 110.7594936708787 462.0253164556963 0
4016 110.7594936708787 465.1898734177216 0
4017 110.7594936708787 468.3544303797469 0
4018 110.7594936708787 471.5189873417722 0
4019 110.7594936708787 474.6835443037975 0
4020 110.7594936708787 477.8481012658228 0
4021 110.7594936708787 481.012658227848 0
4022 110.7594936708787 484.1772151898734 0
4023 110.7594936708787 487.3417721518988 0
4024 110.7594936708787 490.506329113924 0
4025 110.7594936708787 493.6708860759494 0
4026 110.7594936708787 496.8354430379748 0
4027 113.9240506329037 253.1645569620253 0
4028 113.9240506329037 256.3291139240506 0
4029 113.9240506329037 259.493670886076 0
4030 113.9240506329038 262.6582278481013 0
4031 113.9240506329037 265.8227848101266 0
4032 113.9240506329037 268.9873417721519 0
4033 113.9240506329038 272.1518987341771 0
4034 113.9240506329038 275.3164556962025 0
4035 113.9240506329038 278.4810126582279 0
4036 113.9240506329038 281.6455696202531 0
4037 113.9240506329038 284.8101265822784 0
4038 113.9240506329037 287.9746835443038 0
4039 113.9240506329038 291.1392405063291 0
4040 113.9240506329037 294.3037974683544 0
4041 113.9240506329037 297.4683544303796 0
4042 113.9240506329038 300.632911392405 0
4043 113.9240506329037 303.7974683544303 0
4044 113.9240506329037 306.9620253164557 0
4045 113.9240506329037 310.1265822784811 0
4046 113.9240506329037 313.2911392405063 0
4047 113.9240506329037 316.4556962025316 0
4048 113.9240506329037 319.6202531645568 0
4049 113.9240506329037 322.7848101265822 0
4050 113.9240506329037 325.9493670886075 0
4051 113.9240506329038 329.1139240506327 0
4052 113.9240506329037 332.2784810126581 0
4053 113.9240506329037 335.4430379746835 0
4054 113.9240506329037 338.6075949367089 0
4055 113.9240506329037 341.7721518987341 0
4056 113.9240506329037 344.9367088607595 0
4057 113.9240506329037 348.1012658227847 0
4058 113.9240506329038 351.2658227848101 0
4059 113.9240506329037 354.4303797468355 0
4060 113.9240506329037 357.5949367088606 0
4061 113.9240506329037 360.7594936708861 0
4062 113.9240506329037 363.9240506329114 0
4063 113.9240506329037 367.0886075949366 0
4064 113.9240506329038 370.253164556962 0
4065 113.9240506329037 373.4177215189874 0
4066 113.9240506329037 376.5822784810127 0
4067 113.9240506329037 379.746835443038 0
4068 113.9240506329037 382.9113924050633 0
4069 113.9240506329037 386.0759493670886 0
4070 113.9240506329037 389.2405063291139 0
4071 113.9240506329037 392.4050632911393 0
4072 113.9240506329037 395.5696202531645 0
4073 113.9240506329037 398.7341772151899 0
4074 113.9240506329037 401.8987341772153 0
4075 113.9240506329037 405.0632911392405 0
4076 113.9240506329037 408.2278481012659 0
4077 113.9240506329037 411.3924050632913 0
4078 113.9240506329037 414.5569620253164 0
4079 113.9240506329037 417.7215189873418 0
4080 113.9240506329037 420.8860759493672 0
4081 113.9240506329037 424.0506329113924 0
4082 113.9240506329037 427.2151898734178 0
4083 113.9240506329037 430.3797468354431 0
4084 113.9240506329037 433.5443037974684 0
4085 113.9240506329037 436.7088607594937 0
4086 113.9240506329037 439.8734177215191 0
4087 113.9240506329037 443.0379746835443 0
4088 113.9240506329037 446.2025316455697 0
4089 113.9240506329037 449.367088607595 0
4090 113.9240506329037 452.5316455696203 0
4091 113.9240506329037 455.6962025316457 0
4092 113.9240506329037 458.8607594936709 0
4093 113.9240506329037 462.0253164556963 0
4094 113.9240506329037 465.1898734177216 0
4095 113.9240506329038 468.354430379747 0
4096 113.9240506329038 471.5189873417723 0
4097 113.9240506329038 474.6835443037976 0
4098 113.9240506329037 477.8481012658228 0
4099 113.9240506329037 481.012658227848 0
4100 113.9240506329037 484.1772151898734 0
4101 113.9240506329037 487.3417721518987 0
4102 113.9240506329037 490.506329113924 0
4103 113.9240506329037 493.6708860759494 0
4104 113.9240506329037 496.8354430379748 0
4105 117.0886075949289 253.1645569620253 0
4106 117.0886075949289 256.3291139240506 0
4107 117.0886075949289 259.493670886076 0
4108 117.0886075949289 262.6582278481012 0
4109 117.0886075949289 265.8227848101266 0
4110 117.0886075949288 268.9873417721519 0
4111 117.0886075949289 272.1518987341771 0
4112 117.0886075949288 275.3164556962025 0
4113 117.0886075949289 278.4810126582279 0
4114 117.0886075949289 281.6455696202532 0
4115 117.0886075949289 284.8101265822784 0
4116 117.0886075949289 287.9746835443039 0
4117 117.0886075949289 291.1392405063291 0
4118 117.0886075949289 294.3037974683544 0
4119 117.0886075949289 297.4683544303797 0
4120 117.0886075949288 300.6329113924051 0
4121 117.0886075949289 303.7974683544303 0
4122 117.0886075949289 306.9620253164557 0
4123 117.0886075949289 310.126582278481 0
4124 117.0886075949289 313.2911392405063 0
4125 117.0886075949289 316.4556962025316 0
4126 117.0886075949289 319.6202531645569 0
4127 117.0886075949289 322.7848101265822 0
4128 117.0886075949289 325.9493670886076 0
4129 117.0886075949289 329.1139240506328 0
4130 117.0886075949289 332.2784810126582 0
4131 117.0886075949289 335.4430379746835 0
4132 117.0886075949289 338.6075949367088 0
4133 117.0886075949288 341.7721518987341 0
4134 117.0886075949289 344.9367088607595 0
4135 117.0886075949289 348.1012658227847 0
4136 117.0886075949289 351.2658227848101 0
4137 117.0886075949289 354.4303797468355 0
4138 117.0886075949289 357.5949367088607 0
4139 117.0886075949289 360.7594936708861 0
4140 117.0886075949289 363.9240506329114 0
4141 117.0886075949289 367.0886075949366 0
4142 117.0886075949289 370.253164556962 0
4143 117.0886075949289 373.4177215189874 0
4144 117.0886075949289 376.5822784810126 0
4145 117.0886075949289 379.746835443038 0
4146 117.0886075949289 382.9113924050633 0
4147 117.0886075949289 386.0759493670886 0
4148 117.0886075949289 389.2405063291139 0
4149 117.0886075949289 392.4050632911393 0
4150 117.0886075949289 395.5696202531645 0
4151 117.0886075949289 398.7341772151899 0
4152 117.0886075949289 401.8987341772153 0
4153 117.0886075949289 405.0632911392405 0
4154 117.0886075949289 408.2278481012659 0
4155 117.0886075949289 411.3924050632911 0
4156 117.0886075949289 414.5569620253165 0
4157 117.0886075949289 417.7215189873418 0
4158 117.0886075949289 420.8860759493672 0
4159 117.0886075949289 424.0506329113924 0
4160 117.0886075949289 427.2151898734178 0
4161 117.0886075949289 430.3797468354432 0
4162 117.0886075949289 433.5443037974684 0
4163 117.0886075949289 436.7088607594937 0
4164 117.0886075949289 439.873417721519 0
4165 117.0886075949289 443.0379746835443 0
4166 117.0886075949289 446.2025316455698 0
4167 117.0886075949289 449.367088607595 0
4168 117.0886075949289 452.5316455696203 0
4169 117.0886075949289 455.6962025316456 0
4170 117.0886075949289 458.8607594936709 0
4171 117.0886075949289 462.0253164556962 0
4172 117.0886075949289 465.1898734177215 0
4173 117.0886075949289 468.3544303797469 0
4174 117.0886075949289 471.5189873417722 0
4175 117.0886075949289 474.6835443037975 0
4176 117.0886075949289 477.8481012658228 0
4177 117.0886075949289 481.012658227848 0
4178 117.0886075949289 484.1772151898734 0
4179 117.0886075949289 487.3417721518987 0
4180 117.0886075949289 490.5063291139242 0
4181 117.0886075949289 493.6708860759494 0
4182 117.0886075949289 496.8354430379749 0
4183 120.253164556954 253.1645569620253 0
4184 120.253164556954 256.3291139240506 0
4185 120.253164556954 259.493670886076 0
4186 120.253164556954 262.6582278481013 0
4187 120.253164556954 265.8227848101266 0
4188 120.253164556954 268.9873417721519 0
4189 120.253164556954 272.1518987341772 0
4190 120.253164556954 275.3164556962025 0
4191 120.2531645569539 278.4810126582278 0
4192 120.253164556954 281.6455696202532 0
4193 120.253164556954 284.8101265822784 0
4194 120.253164556954 287.9746835443038 0
4195 120.253164556954 291.1392405063291 0
4196 120.253164556954 294.3037974683544 0
4197 120.253164556954 297.4683544303796 0
4198 120.2531645569539 300.632911392405 0
4199 120.253164556954 303.7974683544303 0
4200 120.253164556954 306.9620253164557 0
4201 120.253164556954 310.1265822784811 0
4202 120.253164556954 313.2911392405063 0
4203 120.253164556954 316.4556962025316 0
4204 120.253164556954 319.6202531645569 0
4205 120.2531645569539 322.7848101265822 0
4206 120.253164556954 325.9493670886076 0
4207 120.253164556954 329.1139240506328 0
4208 120.253164556954 332.2784810126582 0
4209 120.253164556954 335.4430379746835 0
4210 120.253164556954 338.6075949367088 0
4211 120.253164556954 341.7721518987341 0
4212 120.253164556954 344.9367088607596 0
4213 120.253164556954 348.1012658227847 0
4214 120.253164556954 351.2658227848101 0
4215 120.253164556954 354.4303797468355 0
4216 120.253164556954 357.5949367088607 0
4217 120.253164556954 360.7594936708861 0
4218 120.253164556954 363.9240506329114 0
4219 120.253164556954 367.0886075949366 0
4220 120.253164556954 370.253164556962 0
4221 120.253164556954 373.4177215189874 0
4222 120.253164556954 376.5822784810126 0
4223 120.253164556954 379.746835443038 0
4224 120.253164556954 382.9113924050633 0
4225 120.253164556954 386.0759493670886 0
4226 120.253164556954 389.2405063291139 0
4227 120.253164556954 392.4050632911393 0
4228 120.253164556954 395.5696202531645 0
4229 120.253164556954 398.7341772151899 0
4230 120.253164556954 401.8987341772153 0
4231 120.253164556954 405.0632911392405 0
4232 120.253164556954 408.2278481012659 0
4233 120.253164556954 411.3924050632912 0
4234 120.253164556954 414.5569620253165 0
4235 120.253164556954 417.7215189873418 0
4236 120.253164556954 420.8860759493672 0
4237 120.253164556954 424.0506329113924 0
4238 120.253164556954 427.2151898734178 0
4239 120.253164556954 430.3797468354431 0
4240 120.253164556954 433.5443037974684 0
4241 120.253164556954 436.7088607594937 0
4242 120.253164556954 439.873417721519 0
4243 120.253164556954 443.0379746835443 0
4244 120.253164556954 446.2025316455697 0
4245 120.253164556954 449.367088607595 0
4246 120.253164556954 452.5316455696203 0
4247 120.253164556954 455.6962025316456 0
4248 120.253164556954 458.8607594936709 0
4249 120.253164556954 462.0253164556962 0
4250 120.253164556954 465.1898734177215 0
4251 120.253164556954 468.3544303797469 0
4252 120.253164556954 471.5189873417722 0
4253 120.253164556954 474.6835443037975 0
4254 120.253164556954 477.8481012658228 0
4255 120.253164556954 481.0126582278481 0
4256 120.253164556954 484.1772151898734 0
4257 120.253164556954 487.3417721518987 0
4258 120.253164556954 490.506329113924 0
4259 120.253164556954 493.6708860759494 0
4260 120.253164556954 496.8354430379748 0
4261 123.4177215189862 253.1645569620253 0
4262 123.4177215189862 256.3291139240506 0
4263 123.4177215189862 259.493670886076 0
4264 123.4177215189863 262.6582278481013 0
4265 123.4177215189862 265.8227848101266 0
4266 123.4177215189862 268.987341772152 0
4267 123.4177215189862 272.1518987341771 0
4268 123.4177215189862 275.3164556962026 0
4269 123.4177215189862 278.4810126582278 0
4270 123.4177215189862 281.6455696202532 0
4271 123.4177215189862 284.8101265822784 0
4272 123.4177215189862 287.9746835443038 0
4273 123.4177215189862 291.1392405063291 0
4274 123.4177215189863 294.3037974683544 0
4275 123.4177215189863 297.4683544303796 0
4276 123.4177215189862 300.6329113924051 0
4277 123.4177215189862 303.7974683544303 0
4278 123.4177215189862 306.9620253164557 0
4279 123.4177215189862 310.126582278481 0
4280 123.4177215189862 313.2911392405063 0
4281 123.4177215189862 316.4556962025316 0
4282 123.4177215189862 319.6202531645568 0
4283 123.4177215189862 322.7848101265822 0
4284 123.4177215189862 325.9493670886076 0
4285 123.4177215189862 329.1139240506328 0
4286 123.4177215189862 332.2784810126582 0
4287 123.4177215189862 335.4430379746835 0
4288 123.4177215189862 338.6075949367088 0
4289 123.4177215189863 341.7721518987341 0
4290 123.4177215189863 344.9367088607595 0
4291 123.4177215189862 348.1012658227847 0
4292 123.4177215189862 351.2658227848101 0
4293 123.4177215189862 354.4303797468355 0
4294 123.4177215189862 357.5949367088607 0
4295 123.4177215189862 360.7594936708861 0
4296 123.4177215189862 363.9240506329114 0
4297 123.4177215189862 367.0886075949367 0
4298 123.4177215189862 370.253164556962 0
4299 123.4177215189862 373.4177215189874 0
4300 123.4177215189862 376.5822784810126 0
4301 123.4177215189862 379.746835443038 0
4302 123.4177215189862 382.9113924050633 0
4303 123.4177215189862 386.0759493670886 0
4304 123.4177215189862 389.2405063291139 0
4305 123.4177215189862 392.4050632911393 0
4306 123.4177215189862 395.5696202531645 0
4307 123.4177215189862 398.7341772151899 0
4308 123.4177215189862 401.8987341772153 0
4309 123.4177215189862 405.0632911392405 0
4310 123.4177215189862 408.2278481012659 0
4311 123.4177215189862 411.3924050632912 0
4312 123.4177215189862 414.5569620253165 0
4313 123.4177215189862 417.7215189873418 0
4314 123.4177215189863 420.8860759493672 0
4315 123.4177215189862 424.0506329113924 0
4316 123.4177215189862 427.2151898734178 0
4317 123.4177215189862 430.3797468354431 0
4318 123.4177215189863 433.5443037974684 0
4319 123.4177215189862 436.7088607594937 0
4320 123.4177215189862 439.873417721519 0
4321 123.4177215189862 443.0379746835443 0
4322 123.4177215189863 446.2025316455698 0
4323 123.4177215189862 449.367088607595 0
4324 123.4177215189862 452.5316455696203 0
4325 123.4177215189862 455.6962025316456 0
4326 123.4177215189862 458.8607594936709 0
4327 123.4177215189863 462.0253164556962 0
4328 123.4177215189862 465.1898734177216 0
4329 123.4177215189862 468.3544303797469 0
4330 123.4177215189862 471.5189873417722 0
4331 123.4177215189863 474.6835443037975 0
4332 123.4177215189862 477.8481012658228 0
4333 123.4177215189862 481.0126582278481 0
4334 123.4177215189862 484.1772151898734 0
4335 123.4177215189862 487.3417721518987 0
4336 123.4177215189862 490.506329113924 0
4337 123.4177215189862 493.6708860759494 0
4338 123.4177215189862 496.8354430379748 0
4339 126.5822784810203 253.1645569620253 0
4340 126.5822784810203 256.3291139240506 0
4341 126.5822784810203 259.493670886076 0
4342 126.5822784810203 262.6582278481013 0
4343 126.5822784810204 265.8227848101266 0
4344 126.5822784810203 268.9873417721519 0
4345 126.5822784810204 272.1518987341772 0
4346 126.5822784810203 275.3164556962026 0
4347 126.5822784810204 278.4810126582278 0
4348 126.5822784810204 281.6455696202532 0
4349 126.5822784810203 284.8101265822784 0
4350 126.5822784810204 287.9746835443038 0
4351 126.5822784810203 291.1392405063291 0
4352 126.5822784810204 294.3037974683544 0
4353 126.5822784810203 297.4683544303796 0
4354 126.5822784810203 300.6329113924051 0
4355 126.5822784810204 303.7974683544303 0
4356 126.5822784810203 306.9620253164557 0
4357 126.5822784810204 310.126582278481 0
4358 126.5822784810203 313.2911392405063 0
4359 126.5822784810203 316.4556962025316 0
4360 126.5822784810203 319.6202531645568 0
4361 126.5822784810203 322.7848101265822 0
4362 126.5822784810204 325.9493670886076 0
4363 126.5822784810203 329.1139240506328 0
4364 126.5822784810204 332.2784810126582 0
4365 126.5822784810203 335.4430379746835 0
4366 126.5822784810203 338.6075949367088 0
4367 126.5822784810204 341.7721518987341 0
4368 126.5822784810203 344.9367088607595 0
4369 126.5822784810204 348.1012658227847 0
4370 126.5822784810203 351.2658227848101 0
4371 126.5822784810203 354.4303797468355 0
4372 126.5822784810204 357.5949367088607 0
4373 126.5822784810203 360.7594936708861 0
4374 126.5822784810203 363.9240506329114 0
4375 126.5822784810203 367.0886075949366 0
4376 126.5822784810203 370.253164556962 0
4377 126.5822784810204 373.4177215189874 0
4378 126.5822784810203 376.5822784810126 0
4379 126.5822784810203 379.746835443038 0
4380 126.5822784810203 382.9113924050633 0
4381 126.5822784810203 386.0759493670886 0
4382 126.5822784810203 389.2405063291139 0
4383 126.5822784810203 392.4050632911393 0
4384 126.5822784810203 395.5696202531645 0
4385 126.5822784810203 398.7341772151899 0
4386 126.5822784810203 401.8987341772153 0
4387 126.5822784810203 405.0632911392405 0
4388 126.5822784810203 408.2278481012659 0
4389 126.5822784810203 411.3924050632911 0
4390 126.5822784810203 414.5569620253165 0
4391 126.5822784810204 417.7215189873418 0
4392 126.5822784810204 420.8860759493672 0
4393 126.5822784810204 424.0506329113924 0
4394 126.5822784810203 427.2151898734178 0
4395 126.5822784810204 430.3797468354431 0
4396 126.5822784810203 433.5443037974684 0
4397 126.5822784810204 436.7088607594937 0
4398 126.5822784810204 439.8734177215191 0
4399 126.5822784810203 443.0379746835443 0
4400 126.5822784810203 446.2025316455697 0
4401 126.5822784810203 449.367088607595 0
4402 126.5822784810203 452.5316455696203 0
4403 126.5822784810203 455.6962025316456 0
4404 126.5822784810203 458.8607594936709 0
4405 126.5822784810204 462.0253164556963 0
4406 126.5822784810203 465.1898734177216 0
4407 126.5822784810203 468.3544303797469 0
4408 126.5822784810204 471.5189873417722 0
4409 126.5822784810203 474.6835443037975 0
4410 126.5822784810204 477.8481012658228 0
4411 126.5822784810203 481.012658227848 0
4412 126.5822784810203 484.1772151898734 0
4413 126.5822784810204 487.3417721518987 0
4414 126.5822784810203 490.506329113924 0
4415 126.5822784810204 493.6708860759494 0
4416 126.5822784810203 496.8354430379748 0
4417 129.7468354430459 253.1645569620253 0
4418 129.746835443046 256.3291139240506 0
4419 129.746835443046 259.493670886076 0
4420 129.746835443046 262.6582278481013 0
4421 129.746835443046 265.8227848101266 0
4422 129.746835443046 268.9873417721519 0
4423 129.746835443046 272.1518987341771 0
4424 129.746835443046 275.3164556962025 0
4425 129.746835443046 278.4810126582278 0
4426 129.746835443046 281.6455696202532 0
4427 129.746835443046 284.8101265822784 0
4428 129.746835443046 287.9746835443038 0
4429 129.746835443046 291.1392405063291 0
4430 129.746835443046 294.3037974683544 0
4431 129.746835443046 297.4683544303796 0
4432 129.746835443046 300.632911392405 0
4433 129.746835443046 303.7974683544303 0
4434 129.746835443046 306.9620253164557 0
4435 129.746835443046 310.126582278481 0
4436 129.746835443046 313.2911392405063 0
4437 129.746835443046 316.4556962025316 0
4438 129.746835443046 319.6202531645569 0
4439 129.746835443046 322.7848101265822 0
4440 129.746835443046 325.9493670886076 0
4441 129.746835443046 329.1139240506328 0
4442 129.746835443046 332.2784810126582 0
4443 129.746835443046 335.4430379746835 0
4444 129.746835443046 338.6075949367088 0
4445 129.746835443046 341.7721518987341 0
4446 129.746835443046 344.9367088607596 0
4447 129.746835443046 348.1012658227847 0
4448 129.746835443046 351.2658227848101 0
4449 129.746835443046 354.4303797468355 0
4450 129.746835443046 357.5949367088607 0
4451 129.746835443046 360.7594936708861 0
4452 129.746835443046 363.9240506329114 0
4453 129.746835443046 367.0886075949366 0
4454 129.746835443046 370.253164556962 0
4455 129.746835443046 373.4177215189874 0
4456 129.746835443046 376.5822784810126 0
4457 129.746835443046 379.746835443038 0
4458 129.746835443046 382.9113924050633 0
4459 129.746835443046 386.0759493670886 0
4460 129.746835443046 389.2405063291139 0
4461 129.746835443046 392.4050632911393 0
4462 129.746835443046 395.5696202531645 0
4463 129.746835443046 398.7341772151899 0
4464 129.746835443046 401.8987341772153 0
4465 129.746835443046 405.0632911392405 0
4466 129.746835443046 408.2278481012659 0
4467 129.746835443046 411.3924050632912 0
4468 129.746835443046 414.5569620253165 0
4469 129.746835443046 417.7215189873418 0
4470 129.746835443046 420.8860759493672 0
4471 129.746835443046 424.0506329113924 0
4472 129.746835443046 427.2151898734178 0
4473 129.746835443046 430.3797468354432 0
4474 129.746835443046 433.5443037974684 0
4475 129.746835443046 436.7088607594937 0
4476 129.746835443046 439.8734177215189 0
4477 129.746835443046 443.0379746835443 0
4478 129.746835443046 446.2025316455697 0
4479 129.746835443046 449.367088607595 0
4480 129.746835443046 452.5316455696203 0
4481 129.746835443046 455.6962025316456 0
4482 129.746835443046 458.8607594936709 0
4483 129.746835443046 462.0253164556962 0
4484 129.746835443046 465.1898734177215 0
4485 129.746835443046 468.3544303797469 0
4486 129.746835443046 471.5189873417721 0
4487 129.746835443046 474.6835443037975 0
4488 129.746835443046 477.8481012658228 0
4489 129.746835443046 481.0126582278481 0
4490 129.746835443046 484.1772151898734 0
4491 129.746835443046 487.3417721518987 0
4492 129.746835443046 490.506329113924 0
4493 129.746835443046 493.6708860759494 0
4494 129.746835443046 496.8354430379748 0
4495 132.9113924050711 253.1645569620253 0
4496 132.9113924050711 256.3291139240506 0
4497 132.9113924050711 259.493670886076 0
4498 132.9113924050711 262.6582278481013 0
4499 132.9113924050711 265.8227848101266 0
4500 132.9113924050711 268.987341772152 0
4501 132.9113924050711 272.1518987341772 0
4502 132.9113924050711 275.3164556962026 0
4503 132.9113924050711 278.4810126582278 0
4504 132.9113924050711 281.6455696202532 0
4505 132.9113924050711 284.8101265822784 0
4506 132.9113924050711 287.9746835443038 0
4507 132.9113924050711 291.1392405063291 0
4508 132.9113924050711 294.3037974683544 0
4509 132.911392405071 297.4683544303797 0
4510 132.9113924050711 300.6329113924051 0
4511 132.9113924050711 303.7974683544303 0
4512 132.9113924050711 306.9620253164557 0
4513 132.9113924050711 310.126582278481 0
4514 132.9113924050711 313.2911392405063 0
4515 132.9113924050711 316.4556962025316 0
4516 132.9113924050711 319.6202531645569 0
4517 132.9113924050711 322.7848101265822 0
4518 132.9113924050711 325.9493670886076 0
4519 132.9113924050711 329.1139240506328 0
4520 132.911392405071 332.2784810126582 0
4521 132.9113924050711 335.4430379746835 0
4522 132.9113924050711 338.6075949367088 0
4523 132.9113924050711 341.7721518987341 0
4524 132.9113924050711 344.9367088607595 0
4525 132.9113924050711 348.1012658227847 0
4526 132.9113924050711 351.2658227848101 0
4527 132.9113924050711 354.4303797468355 0
4528 132.9113924050711 357.5949367088607 0
4529 132.9113924050711 360.7594936708861 0
4530 132.911392405071 363.9240506329114 0
4531 132.9113924050711 367.0886075949367 0
4532 132.9113924050711 370.253164556962 0
4533 132.9113924050711 373.4177215189874 0
4534 132.9113924050711 376.5822784810126 0
4535 132.9113924050711 379.746835443038 0
4536 132.9113924050711 382.9113924050634 0
4537 132.911392405071 386.0759493670886 0
4538 132.9113924050711 389.2405063291139 0
4539 132.9113924050711 392.4050632911394 0
4540 132.9113924050711 395.5696202531645 0
4541 132.9113924050711 398.7341772151899 0
4542 132.9113924050711 401.8987341772153 0
4543 132.9113924050711 405.0632911392405 0
4544 132.9113924050711 408.2278481012659 0
4545 132.9113924050711 411.3924050632911 0
4546 132.9113924050711 414.5569620253165 0
4547 132.9113924050711 417.7215189873418 0
4548 132.9113924050711 420.8860759493671 0
4549 132.9113924050711 424.0506329113924 0
4550 132.911392405071 427.2151898734178 0
4551 132.9113924050711 430.3797468354432 0
4552 132.9113924050711 433.5443037974684 0
4553 132.9113924050711 436.7088607594937 0
4554 132.9113924050711 439.8734177215189 0
4555 132.9113924050711 443.0379746835443 0
4556 132.9113924050711 446.2025316455698 0
4557 132.9113924050711 449.367088607595 0
4558 132.911392405071 452.5316455696204 0
4559 132.9113924050711 455.6962025316456 0
4560 132.9113924050711 458.8607594936709 0
4561 132.9113924050711 462.0253164556962 0
4562 132.9113924050711 465.1898734177216 0
4563 132.9113924050711 468.3544303797469 0
4564 132.911392405071 471.518987341772 0
4565 132.9113924050711 474.6835443037975 0
4566 132.9113924050711 477.8481012658228 0
4567 132.9113924050711 481.0126582278481 0
4568 132.9113924050711 484.1772151898734 0
4569 132.9113924050711 487.3417721518987 0
4570 132.9113924050711 490.506329113924 0
4571 132.9113924050711 493.6708860759494 0
4572 132.9113924050711 496.8354430379748 0
4573 136.0759493670962 253.1645569620253 0
4574 136.0759493670962 256.3291139240506 0
4575 136.0759493670962 259.493670886076 0
4576 136.0759493670962 262.6582278481013 0
4577 136.0759493670962 265.8227848101266 0
4578 136.0759493670962 268.987341772152 0
4579 136.0759493670962 272.1518987341772 0
4580 136.0759493670962 275.3164556962026 0
4581 136.0759493670962 278.4810126582278 0
4582 136.0759493670962 281.6455696202532 0
4583 136.0759493670962 284.8101265822784 0
4584 136.0759493670962 287.9746835443038 0
4585 136.0759493670962 291.1392405063291 0
4586 136.0759493670962 294.3037974683544 0
4587 136.0759493670962 297.4683544303797 0
4588 136.0759493670962 300.6329113924051 0
4589 136.0759493670962 303.7974683544303 0
4590 136.0759493670962 306.9620253164557 0
4591 136.0759493670962 310.126582278481 0
4592 136.0759493670962 313.2911392405063 0
4593 136.0759493670962 316.4556962025316 0
4594 136.0759493670962 319.6202531645569 0
4595 136.0759493670962 322.7848101265822 0
4596 136.0759493670962 325.9493670886076 0
4597 136.0759493670962 329.1139240506328 0
4598 136.0759493670962 332.2784810126582 0
4599 136.0759493670962 335.4430379746835 0
4600 136.0759493670962 338.6075949367089 0
4601 136.0759493670962 341.7721518987341 0
4602 136.0759493670962 344.9367088607595 0
4603 136.0759493670962 348.1012658227847 0
4604 136.0759493670962 351.2658227848101 0
4605 136.0759493670962 354.4303797468355 0
4606 136.0759493670962 357.5949367088606 0
4607 136.0759493670962 360.7594936708861 0
4608 136.0759493670962 363.9240506329114 0
4609 136.0759493670962 367.0886075949367 0
4610 136.0759493670962 370.253164556962 0
4611 136.0759493670962 373.4177215189874 0
4612 136.0759493670962 376.5822784810126 0
4613 136.0759493670962 379.7468354430379 0
4614 136.0759493670962 382.9113924050633 0
4615 136.0759493670962 386.0759493670886 0
4616 136.0759493670962 389.2405063291139 0
4617 136.0759493670962 392.4050632911393 0
4618 136.0759493670962 395.5696202531645 0
4619 136.0759493670962 398.7341772151899 0
4620 136.0759493670962 401.8987341772153 0
4621 136.0759493670962 405.0632911392405 0
4622 136.0759493670962 408.2278481012659 0
4623 136.0759493670962 411.3924050632912 0
4624 136.0759493670962 414.5569620253165 0
4625 136.0759493670962 417.7215189873418 0
4626 136.0759493670962 420.8860759493671 0
4627 136.0759493670962 424.0506329113924 0
4628 136.0759493670962 427.2151898734178 0
4629 136.0759493670962 430.3797468354432 0
4630 136.0759493670962 433.5443037974684 0
4631 136.0759493670962 436.7088607594937 0
4632 136.0759493670962 439.8734177215189 0
4633 136.0759493670962 443.0379746835443 0
4634 136.0759493670962 446.2025316455698 0
4635 136.0759493670962 449.367088607595 0
4636 136.0759493670962 452.5316455696203 0
4637 136.0759493670962 455.6962025316456 0
4638 136.0759493670962 458.8607594936709 0
4639 136.0759493670962 462.0253164556962 0
4640 136.0759493670962 465.1898734177216 0
4641 136.0759493670962 468.3544303797469 0
4642 136.0759493670962 471.5189873417721 0
4643 136.0759493670962 474.6835443037975 0
4644 136.0759493670962 477.8481012658228 0
4645 136.0759493670962 481.0126582278481 0
4646 136.0759493670962 484.1772151898734 0
4647 136.0759493670962 487.3417721518988 0
4648 136.0759493670962 490.5063291139239 0
4649 136.0759493670962 493.6708860759494 0
4650 136.0759493670962 496.8354430379747 0
4651 139.2405063291213 253.1645569620253 0
4652 139.2405063291213 256.3291139240506 0
4653 139.2405063291212 259.493670886076 0
4654 139.2405063291213 262.6582278481013 0
4655 139.2405063291213 265.8227848101266 0
4656 139.2405063291213 268.987341772152 0
4657 139.2405063291213 272.1518987341772 0
4658 139.2405063291213 275.3164556962025 0
4659 139.2405063291213 278.4810126582278 0
4660 139.2405063291213 281.6455696202532 0
4661 139.2405063291213 284.8101265822784 0
4662 139.2405063291213 287.9746835443038 0
4663 139.2405063291213 291.1392405063291 0
4664 139.2405063291213 294.3037974683544 0
4665 139.2405063291213 297.4683544303797 0
4666 139.2405063291213 300.6329113924051 0
4667 139.2405063291213 303.7974683544302 0
4668 139.2405063291213 306.9620253164557 0
4669 139.2405063291213 310.1265822784808 0
4670 139.2405063291213 313.2911392405063 0
4671 139.2405063291213 316.4556962025316 0
4672 139.2405063291213 319.6202531645569 0
4673 139.2405063291213 322.7848101265822 0
4674 139.2405063291213 325.9493670886076 0
4675 139.2405063291213 329.1139240506328 0
4676 139.2405063291213 332.2784810126582 0
4677 139.2405063291213 335.4430379746835 0
4678 139.2405063291213 338.6075949367088 0
4679 139.2405063291213 341.7721518987341 0
4680 139.2405063291213 344.9367088607595 0
4681 139.2405063291213 348.1012658227847 0
4682 139.2405063291213 351.2658227848101 0
4683 139.2405063291213 354.4303797468355 0
4684 139.2405063291213 357.5949367088607 0
4685 139.2405063291213 360.7594936708861 0
4686 139.2405063291213 363.9240506329114 0
4687 139.2405063291213 367.0886075949367 0
4688 139.2405063291213 370.253164556962 0
4689 139.2405063291213 373.4177215189874 0
4690 139.2405063291213 376.5822784810126 0
4691 139.2405063291213 379.746835443038 0
4692 139.2405063291213 382.9113924050633 0
4693 139.2405063291213 386.0759493670886 0
4694 139.2405063291213 389.2405063291139 0
4695 139.2405063291213 392.4050632911394 0
4696 139.2405063291213 395.5696202531645 0
4697 139.2405063291213 398.73417721519 0
4698 139.2405063291213 401.8987341772153 0
4699 139.2405063291213 405.0632911392405 0
4700 139.2405063291213 408.2278481012659 0
4701 139.2405063291213 411.3924050632912 0
4702 139.2405063291213 414.5569620253165 0
4703 139.2405063291213 417.7215189873418 0
4704 139.2405063291213 420.8860759493672 0
4705 139.2405063291213 424.0506329113924 0
4706 139.2405063291213 427.2151898734178 0
4707 139.2405063291213 430.3797468354432 0
4708 139.2405063291213 433.5443037974684 0
4709 139.2405063291213 436.7088607594937 0
4710 139.2405063291213 439.873417721519 0
4711 139.2405063291213 443.0379746835443 0
4712 139.2405063291213 446.2025316455697 0
4713 139.2405063291213 449.367088607595 0
4714 139.2405063291213 452.5316455696204 0
4715 139.2405063291213 455.6962025316454 0
4716 139.2405063291213 458.8607594936709 0
4717 139.2405063291213 462.0253164556962 0
4718 139.2405063291213 465.1898734177214 0
4719 139.2405063291213 468.3544303797469 0
4720 139.2405063291213 471.5189873417721 0
4721 139.2405063291213 474.6835443037974 0
4722 139.2405063291213 477.8481012658229 0
4723 139.2405063291213 481.0126582278481 0
4724 139.2405063291213 484.1772151898734 0
4725 139.2405063291213 487.3417721518987 0
4726 139.2405063291213 490.506329113924 0
4727 139.2405063291213 493.6708860759494 0
4728 139.2405063291213 496.8354430379747 0
4729 142.4050632911463 253.1645569620253 0
4730 142.4050632911464 256.3291139240506 0
4731 142.4050632911464 259.493670886076 0
4732 142.4050632911464 262.6582278481013 0
4733 142.4050632911464 265.8227848101266 0
4734 142.4050632911463 268.987341772152 0
4735 142.4050632911464 272.1518987341771 0
4736 142.4050632911464 275.3164556962026 0
4737 142.4050632911465 278.4810126582279 0
4738 142.4050632911464 281.6455696202532 0
4739 142.4050632911464 284.8101265822785 0
4740 142.4050632911464 287.9746835443038 0
4741 142.4050632911464 291.1392405063291 0
4742 142.4050632911464 294.3037974683544 0
4743 142.4050632911464 297.4683544303797 0
4744 142.4050632911464 300.632911392405 0
4745 142.4050632911464 303.7974683544303 0
4746 142.4050632911463 306.9620253164557 0
4747 142.4050632911463 310.1265822784808 0
4748 142.4050632911464 313.2911392405063 0
4749 142.4050632911464 316.4556962025317 0
4750 142.4050632911464 319.6202531645569 0
4751 142.4050632911464 322.7848101265822 0
4752 142.4050632911463 325.9493670886076 0
4753 142.4050632911464 329.1139240506328 0
4754 142.4050632911463 332.2784810126582 0
4755 142.4050632911463 335.4430379746835 0
4756 142.4050632911464 338.6075949367088 0
4757 142.4050632911464 341.7721518987341 0
4758 142.4050632911463 344.9367088607595 0
4759 142.4050632911464 348.1012658227847 0
4760 142.4050632911464 351.2658227848101 0
4761 142.4050632911463 354.4303797468354 0
4762 142.4050632911463 357.5949367088606 0
4763 142.4050632911464 360.7594936708861 0
4764 142.4050632911463 363.9240506329114 0
4765 142.4050632911464 367.0886075949366 0
4766 142.4050632911463 370.253164556962 0
4767 142.4050632911463 373.4177215189874 0
4768 142.4050632911464 376.5822784810126 0
4769 142.4050632911463 379.746835443038 0
4770 142.4050632911464 382.9113924050633 0
4771 142.4050632911463 386.0759493670885 0
4772 142.4050632911464 389.2405063291139 0
4773 142.4050632911463 392.4050632911393 0
4774 142.4050632911464 395.5696202531645 0
4775 142.4050632911464 398.7341772151899 0
4776 142.4050632911464 401.8987341772154 0
4777 142.4050632911463 405.0632911392405 0
4778 142.4050632911464 408.2278481012659 0
4779 142.4050632911464 411.3924050632911 0
4780 142.4050632911463 414.5569620253164 0
4781 142.4050632911464 417.7215189873418 0
4782 142.4050632911464 420.8860759493671 0
4783 142.4050632911464 424.0506329113924 0
4784 142.4050632911463 427.2151898734178 0
4785 142.4050632911464 430.3797468354432 0
4786 142.4050632911464 433.5443037974684 0
4787 142.4050632911464 436.7088607594937 0
4788 142.4050632911464 439.873417721519 0
4789 142.4050632911464 443.0379746835443 0
4790 142.4050632911464 446.2025316455697 0
4791 142.4050632911463 449.3670886075949 0
4792 142.4050632911464 452.5316455696203 0
4793 142.4050632911464 455.6962025316454 0
4794 142.4050632911464 458.8607594936709 0
4795 142.4050632911464 462.0253164556963 0
4796 142.4050632911464 465.1898734177216 0
4797 142.4050632911464 468.3544303797469 0
4798 142.4050632911464 471.5189873417721 0
4799 142.4050632911464 474.6835443037975 0
4800 142.4050632911464 477.8481012658229 0
4801 142.4050632911464 481.0126582278481 0
4802 142.4050632911464 484.1772151898734 0
4803 142.4050632911464 487.3417721518987 0
4804 142.4050632911464 490.506329113924 0
4805 142.4050632911464 493.6708860759494 0
4806 142.4050632911463 496.8354430379746 0
4807 145.5696202531715 253.1645569620253 0
4808 145.5696202531715 256.3291139240506 0
4809 145.5696202531715 259.493670886076 0
4810 145.5696202531715 262.6582278481013 0
4811 145.5696202531715 265.8227848101265 0
4812 145.5696202531715 268.9873417721519 0
4813 145.5696202531714 272.1518987341771 0
4814 145.5696202531715 275.3164556962025 0
4815 145.5696202531715 278.4810126582278 0
4816 145.5696202531715 281.6455696202532 0
4817 145.5696202531715 284.8101265822785 0
4818 145.5696202531715 287.9746835443038 0
4819 145.5696202531715 291.1392405063291 0
4820 145.5696202531715 294.3037974683544 0
4821 145.5696202531715 297.4683544303796 0
4822 145.5696202531715 300.632911392405 0
4823 145.5696202531715 303.7974683544303 0
4824 145.5696202531715 306.9620253164557 0
4825 145.5696202531715 310.1265822784808 0
4826 145.5696202531715 313.2911392405063 0
4827 145.5696202531715 316.4556962025316 0
4828 145.5696202531715 319.6202531645569 0
4829 145.5696202531715 322.7848101265822 0
4830 145.5696202531715 325.9493670886076 0
4831 145.5696202531715 329.1139240506328 0
4832 145.5696202531715 332.2784810126582 0
4833 145.5696202531715 335.4430379746835 0
4834 145.5696202531715 338.6075949367087 0
4835 145.5696202531715 341.7721518987341 0
4836 145.5696202531715 344.9367088607595 0
4837 145.5696202531715 348.1012658227847 0
4838 145.5696202531715 351.2658227848101 0
4839 145.5696202531715 354.4303797468355 0
4840 145.5696202531715 357.5949367088607 0
4841 145.5696202531715 360.7594936708861 0
4842 145.5696202531715 363.9240506329115 0
4843 145.5696202531715 367.0886075949367 0
4844 145.5696202531715 370.2531645569621 0
4845 145.5696202531715 373.4177215189874 0
4846 145.5696202531715 376.5822784810126 0
4847 145.5696202531715 379.746835443038 0
4848 145.5696202531715 382.9113924050633 0
4849 145.5696202531715 386.0759493670886 0
4850 145.5696202531715 389.2405063291139 0
4851 145.5696202531715 392.4050632911393 0
4852 145.5696202531715 395.5696202531645 0
4853 145.5696202531715 398.7341772151899 0
4854 145.5696202531715 401.8987341772153 0
4855 145.5696202531715 405.0632911392405 0
4856 145.5696202531715 408.2278481012659 0
4857 145.5696202531715 411.392405063291 0
4858 145.5696202531715 414.5569620253165 0
4859 145.5696202531715 417.7215189873418 0
4860 145.5696202531715 420.8860759493671 0
4861 145.5696202531715 424.0506329113924 0
4862 145.5696202531715 427.2151898734178 0
4863 145.5696202531715 430.3797468354432 0
4864 145.5696202531715 433.5443037974684 0
4865 145.5696202531715 436.7088607594937 0
4866 145.5696202531715 439.873417721519 0
4867 145.5696202531715 443.0379746835443 0
4868 145.5696202531715 446.2025316455697 0
4869 145.5696202531715 449.3670886075949 0
4870 145.5696202531715 452.5316455696204 0
4871 145.5696202531715 455.6962025316456 0
4872 145.5696202531715 458.8607594936709 0
4873 145.5696202531715 462.0253164556963 0
4874 145.5696202531715 465.1898734177214 0
4875 145.5696202531715 468.3544303797469 0
4876 145.5696202531715 471.5189873417721 0
4877 145.5696202531715 474.6835443037974 0
4878 145.5696202531715 477.8481012658228 0
4879 145.5696202531715 481.0126582278481 0
4880 145.5696202531715 484.1772151898734 0
4881 145.5696202531715 487.3417721518986 0
4882 145.5696202531715 490.506329113924 0
4883 145.5696202531715 493.6708860759494 0
4884 145.5696202531715 496.8354430379747 0
4885 148.7341772151966 253.1645569620253 0
4886 148.7341772151966 256.3291139240506 0
4887 148.7341772151966 259.493670886076 0
4888 148.7341772151966 262.6582278481012 0
4889 148.7341772151966 265.8227848101266 0
4890 148.7341772151966 268.9873417721519 0
4891 148.7341772151966 272.1518987341772 0
4892 148.7341772151966 275.3164556962026 0
4893 148.7341772151966 278.4810126582278 0
4894 148.7341772151966 281.6455696202532 0
4895 148.7341772151966 284.8101265822785 0
4896 148.7341772151966 287.9746835443038 0
4897 148.7341772151966 291.1392405063291 0
4898 148.7341772151966 294.3037974683544 0
4899 148.7341772151966 297.4683544303797 0
4900 148.7341772151967 300.6329113924051 0
4901 148.7341772151966 303.7974683544303 0
4902 148.7341772151966 306.9620253164557 0
4903 148.7341772151966 310.126582278481 0
4904 148.7341772151966 313.2911392405063 0
4905 148.7341772151966 316.4556962025317 0
4906 148.7341772151966 319.6202531645569 0
4907 148.7341772151966 322.7848101265822 0
4908 148.7341772151966 325.9493670886076 0
4909 148.7341772151966 329.1139240506327 0
4910 148.7341772151966 332.2784810126582 0
4911 148.7341772151966 335.4430379746835 0
4912 148.7341772151966 338.6075949367087 0
4913 148.7341772151966 341.7721518987341 0
4914 148.7341772151966 344.9367088607595 0
4915 148.7341772151966 348.1012658227847 0
4916 148.7341772151966 351.2658227848101 0
4917 148.7341772151966 354.4303797468355 0
4918 148.7341772151966 357.5949367088607 0
4919 148.7341772151966 360.759493670886 0
4920 148.7341772151966 363.9240506329114 0
4921 148.7341772151966 367.0886075949367 0
4922 148.7341772151966 370.253164556962 0
4923 148.7341772151966 373.4177215189874 0
4924 148.7341772151966 376.5822784810126 0
4925 148.7341772151966 379.746835443038 0
4926 148.7341772151966 382.9113924050634 0
4927 148.7341772151966 386.0759493670886 0
4928 148.7341772151966 389.2405063291139 0
4929 148.7341772151966 392.4050632911393 0
4930 148.7341772151966 395.5696202531645 0
4931 148.7341772151966 398.73417721519 0
4932 148.7341772151966 401.8987341772153 0
4933 148.7341772151966 405.0632911392404 0
4934 148.7341772151966 408.2278481012659 0
4935 148.7341772151966 411.3924050632911 0
4936 148.7341772151966 414.5569620253165 0
4937 148.7341772151966 417.7215189873418 0
4938 148.7341772151966 420.8860759493672 0
4939 148.7341772151966 424.0506329113924 0
4940 148.7341772151966 427.2151898734178 0
4941 148.7341772151966 430.3797468354431 0
4942 148.7341772151966 433.5443037974684 0
4943 148.7341772151966 436.7088607594937 0
4944 148.7341772151966 439.873417721519 0
4945 148.7341772151966 443.0379746835443 0
4946 148.7341772151966 446.2025316455697 0
4947 148.7341772151966 449.367088607595 0
4948 148.7341772151966 452.5316455696204 0
4949 148.7341772151966 455.6962025316456 0
4950 148.7341772151966 458.8607594936709 0
4951 148.7341772151966 462.0253164556962 0
4952 148.7341772151966 465.1898734177216 0
4953 148.7341772151966 468.3544303797469 0
4954 148.7341772151966 471.5189873417721 0
4955 148.7341772151966 474.6835443037975 0
4956 148.7341772151966 477.8481012658228 0
4957 148.7341772151966 481.0126582278481 0
4958 148.7341772151966 484.1772151898734 0
4959 148.7341772151966 487.3417721518988 0
4960 148.7341772151966 490.5063291139239 0
4961 148.7341772151966 493.6708860759494 0
4962 148.7341772151966 496.8354430379748 0
4963 151.8987341772217 253.1645569620253 0
4964 151.8987341772217 256.3291139240506 0
4965 151.8987341772217 259.493670886076 0
4966 151.8987341772217 262.6582278481011 0
4967 151.8987341772217 265.8227848101266 0
4968 151.8987341772217 268.9873417721519 0
4969 151.8987341772217 272.1518987341771 0
4970 151.8987341772217 275.3164556962026 0
4971 151.8987341772217 278.4810126582278 0
4972 151.8987341772217 281.6455696202532 0
4973 151.8987341772217 284.8101265822784 0
4974 151.8987341772217 287.9746835443037 0
4975 151.8987341772217 291.1392405063291 0
4976 151.8987341772217 294.3037974683542 0
4977 151.8987341772217 297.4683544303796 0
4978 151.8987341772217 300.6329113924051 0
4979 151.8987341772217 303.7974683544303 0
4980 151.8987341772217 306.9620253164557 0
4981 151.8987341772217 310.126582278481 0
4982 151.8987341772217 313.2911392405063 0
4983 151.8987341772217 316.4556962025316 0
4984 151.8987341772216 319.6202531645569 0
4985 151.8987341772217 322.7848101265822 0
4986 151.8987341772217 325.9493670886076 0
4987 151.8987341772217 329.1139240506328 0
4988 151.8987341772217 332.2784810126582 0
4989 151.8987341772217 335.4430379746835 0
4990 151.8987341772217 338.6075949367087 0
4991 151.8987341772217 341.7721518987341 0
4992 151.8987341772217 344.9367088607596 0
4993 151.8987341772217 348.1012658227847 0
4994 151.8987341772217 351.2658227848101 0
4995 151.8987341772217 354.4303797468355 0
4996 151.8987341772217 357.5949367088607 0
4997 151.8987341772217 360.7594936708861 0
4998 151.8987341772217 363.9240506329114 0
4999 151.8987341772217 367.0886075949366 0
5000 151.8987341772217 370.253164556962 0
5001 151.8987341772217 373.4177215189874 0
5002 151.8987341772217 376.5822784810126 0
5003 151.8987341772217 379.746835443038 0
5004 151.8987341772217 382.9113924050633 0
5005 151.8987341772217 386.0759493670886 0
5006 151.8987341772217 389.2405063291139 0
5007 151.8987341772217 392.4050632911394 0
5008 151.8987341772217 395.5696202531645 0
5009 151.8987341772217 398.73417721519 0
5010 151.8987341772217 401.8987341772153 0
5011 151.8987341772217 405.0632911392405 0
5012 151.8987341772217 408.2278481012659 0
5013 151.8987341772217 411.3924050632911 0
5014 151.8987341772217 414.5569620253165 0
5015 151.8987341772217 417.7215189873418 0
5016 151.8987341772217 420.8860759493671 0
5017 151.8987341772217 424.0506329113924 0
5018 151.8987341772217 427.2151898734178 0
5019 151.8987341772217 430.3797468354431 0
5020 151.8987341772217 433.5443037974684 0
5021 151.8987341772217 436.7088607594937 0
5022 151.8987341772217 439.8734177215189 0
5023 151.8987341772217 443.0379746835443 0
5024 151.8987341772217 446.2025316455698 0
5025 151.8987341772217 449.367088607595 0
5026 151.8987341772217 452.5316455696203 0
5027 151.8987341772217 455.6962025316456 0
5028 151.8987341772217 458.8607594936709 0
5029 151.8987341772217 462.025316455696 0
5030 151.8987341772217 465.1898734177215 0
5031 151.8987341772217 468.3544303797469 0
5032 151.8987341772217 471.5189873417721 0
5033 151.8987341772217 474.6835443037975 0
5034 151.8987341772217 477.8481012658229 0
5035 151.8987341772217 481.0126582278481 0
5036 151.8987341772217 484.1772151898734 0
5037 151.8987341772217 487.3417721518987 0
5038 151.8987341772217 490.506329113924 0
5039 151.8987341772217 493.6708860759494 0
5040 151.8987341772217 496.8354430379748 0
5041 155.0632911392467 253.1645569620253 0
5042 155.0632911392469 256.3291139240506 0
5043 155.0632911392468 259.493670886076 0
5044 155.0632911392468 262.6582278481012 0
5045 155.0632911392468 265.8227848101266 0
5046 155.0632911392469 268.9873417721519 0
5047 155.0632911392468 272.1518987341771 0
5048 155.0632911392468 275.3164556962025 0
5049 155.0632911392468 278.4810126582278 0
5050 155.0632911392468 281.6455696202532 0
5051 155.0632911392468 284.8101265822784 0
5052 155.0632911392467 287.9746835443038 0
5053 155.0632911392469 291.1392405063291 0
5054 155.0632911392468 294.3037974683544 0
5055 155.0632911392468 297.4683544303797 0
5056 155.0632911392468 300.6329113924051 0
5057 155.0632911392468 303.7974683544303 0
5058 155.0632911392468 306.9620253164557 0
5059 155.0632911392468 310.1265822784808 0
5060 155.0632911392468 313.2911392405063 0
5061 155.0632911392468 316.4556962025317 0
5062 155.0632911392468 319.6202531645568 0
5063 155.0632911392468 322.7848101265822 0
5064 155.0632911392468 325.9493670886076 0
5065 155.0632911392468 329.1139240506327 0
5066 155.0632911392468 332.2784810126582 0
5067 155.0632911392468 335.4430379746835 0
5068 155.0632911392468 338.6075949367087 0
5069 155.0632911392468 341.7721518987341 0
5070 155.0632911392468 344.9367088607595 0
5071 155.0632911392468 348.1012658227848 0
5072 155.0632911392468 351.2658227848102 0
5073 155.0632911392468 354.4303797468355 0
5074 155.0632911392468 357.5949367088607 0
5075 155.0632911392468 360.7594936708861 0
5076 155.0632911392468 363.9240506329114 0
5077 155.0632911392468 367.0886075949367 0
5078 155.0632911392468 370.2531645569621 0
5079 155.0632911392468 373.4177215189874 0
5080 155.0632911392468 376.5822784810126 0
5081 155.0632911392468 379.746835443038 0
5082 155.0632911392468 382.9113924050633 0
5083 155.0632911392468 386.0759493670886 0
5084 155.0632911392468 389.2405063291139 0
5085 155.0632911392468 392.4050632911394 0
5086 155.0632911392468 395.5696202531645 0
5087 155.0632911392468 398.7341772151899 0
5088 155.0632911392468 401.8987341772153 0
5089 155.0632911392468 405.0632911392405 0
5090 155.0632911392468 408.2278481012659 0
5091 155.0632911392468 411.3924050632911 0
5092 155.0632911392468 414.5569620253165 0
5093 155.0632911392468 417.7215189873418 0
5094 155.0632911392468 420.8860759493672 0
5095 155.0632911392468 424.0506329113924 0
5096 155.0632911392468 427.2151898734178 0
5097 155.0632911392468 430.3797468354431 0
5098 155.0632911392468 433.5443037974684 0
5099 155.0632911392468 436.7088607594937 0
5100 155.0632911392468 439.8734177215189 0
5101 155.0632911392468 443.0379746835443 0
5102 155.0632911392468 446.2025316455697 0
5103 155.0632911392468 449.367088607595 0
5104 155.0632911392468 452.5316455696203 0
5105 155.0632911392468 455.6962025316457 0
5106 155.0632911392468 458.8607594936709 0
5107 155.0632911392468 462.025316455696 0
5108 155.0632911392468 465.1898734177214 0
5109 155.0632911392468 468.3544303797469 0
5110 155.0632911392468 471.5189873417722 0
5111 155.0632911392468 474.6835443037974 0
5112 155.0632911392468 477.8481012658228 0
5113 155.0632911392468 481.0126582278481 0
5114 155.0632911392468 484.1772151898734 0
5115 155.0632911392468 487.3417721518986 0
5116 155.0632911392468 490.506329113924 0
5117 155.0632911392468 493.6708860759494 0
5118 155.0632911392468 496.8354430379747 0
5119 158.2278481012719 253.1645569620253 0
5120 158.2278481012719 256.3291139240506 0
5121 158.2278481012719 259.493670886076 0
5122 158.2278481012719 262.6582278481013 0
5123 158.2278481012719 265.8227848101266 0
5124 158.2278481012719 268.9873417721519 0
5125 158.2278481012719 272.1518987341772 0
5126 158.2278481012719 275.3164556962026 0
5127 158.2278481012719 278.4810126582278 0
5128 158.2278481012719 281.6455696202532 0
5129 158.2278481012719 284.8101265822784 0
5130 158.2278481012719 287.9746835443037 0
5131 158.2278481012719 291.1392405063291 0
5132 158.227848101272 294.3037974683544 0
5133 158.2278481012719 297.4683544303797 0
5134 158.2278481012719 300.6329113924051 0
5135 158.2278481012719 303.7974683544303 0
5136 158.2278481012719 306.9620253164557 0
5137 158.2278481012719 310.1265822784808 0
5138 158.2278481012719 313.2911392405063 0
5139 158.2278481012719 316.4556962025316 0
5140 158.2278481012719 319.6202531645569 0
5141 158.2278481012719 322.7848101265822 0
5142 158.2278481012719 325.9493670886076 0
5143 158.2278481012719 329.1139240506328 0
5144 158.2278481012719 332.2784810126582 0
5145 158.2278481012719 335.4430379746835 0
5146 158.2278481012719 338.6075949367088 0
5147 158.2278481012719 341.7721518987341 0
5148 158.2278481012719 344.9367088607595 0
5149 158.2278481012719 348.1012658227847 0
5150 158.2278481012719 351.2658227848101 0
5151 158.2278481012719 354.4303797468354 0
5152 158.2278481012719 357.5949367088606 0
5153 158.2278481012719 360.7594936708861 0
5154 158.2278481012719 363.9240506329114 0
5155 158.2278481012719 367.0886075949366 0
5156 158.2278481012719 370.253164556962 0
5157 158.2278481012719 373.4177215189874 0
5158 158.2278481012719 376.5822784810126 0
5159 158.2278481012719 379.746835443038 0
5160 158.2278481012719 382.9113924050633 0
5161 158.2278481012719 386.0759493670886 0
5162 158.2278481012719 389.2405063291139 0
5163 158.2278481012719 392.4050632911393 0
5164 158.2278481012719 395.5696202531645 0
5165 158.2278481012719 398.7341772151899 0
5166 158.2278481012719 401.8987341772153 0
5167 158.2278481012719 405.0632911392405 0
5168 158.2278481012719 408.2278481012659 0
5169 158.2278481012719 411.3924050632911 0
5170 158.2278481012719 414.5569620253165 0
5171 158.2278481012719 417.7215189873418 0
5172 158.2278481012719 420.8860759493672 0
5173 158.2278481012719 424.0506329113924 0
5174 158.2278481012719 427.2151898734178 0
5175 158.2278481012719 430.3797468354431 0
5176 158.2278481012719 433.5443037974684 0
5177 158.2278481012719 436.7088607594937 0
5178 158.2278481012719 439.873417721519 0
5179 158.2278481012719 443.0379746835443 0
5180 158.2278481012719 446.2025316455696 0
5181 158.2278481012719 449.367088607595 0
5182 158.2278481012719 452.5316455696201 0
5183 158.2278481012719 455.6962025316456 0
5184 158.2278481012719 458.8607594936709 0
5185 158.2278481012719 462.0253164556962 0
5186 158.2278481012719 465.1898734177215 0
5187 158.2278481012719 468.3544303797468 0
5188 158.2278481012719 471.5189873417721 0
5189 158.2278481012719 474.6835443037975 0
5190 158.2278481012719 477.8481012658228 0
5191 158.2278481012719 481.012658227848 0
5192 158.2278481012719 484.1772151898734 0
5193 158.2278481012719 487.3417721518986 0
5194 158.2278481012719 490.5063291139241 0
5195 158.2278481012719 493.6708860759494 0
5196 158.2278481012719 496.8354430379746 0
5197 161.392405063297 253.1645569620253 0
5198 161.392405063297 256.3291139240506 0
5199 161.392405063297 259.493670886076 0
5200 161.392405063297 262.6582278481013 0
5201 161.392405063297 265.8227848101266 0
5202 161.392405063297 268.9873417721519 0
5203 161.392405063297 272.1518987341771 0
5204 161.392405063297 275.3164556962026 0
5205 161.392405063297 278.4810126582278 0
5206 161.392405063297 281.6455696202532 0
5207 161.392405063297 284.8101265822784 0
5208 161.392405063297 287.9746835443038 0
5209 161.392405063297 291.1392405063291 0
5210 161.392405063297 294.3037974683543 0
5211 161.3924050632969 297.4683544303796 0
5212 161.392405063297 300.632911392405 0
5213 161.392405063297 303.7974683544303 0
5214 161.3924050632971 306.9620253164557 0
5215 161.392405063297 310.1265822784808 0
5216 161.3924050632971 313.2911392405063 0
5217 161.392405063297 316.4556962025316 0
5218 161.3924050632971 319.6202531645568 0
5219 161.392405063297 322.7848101265822 0
5220 161.392405063297 325.9493670886075 0
5221 161.3924050632971 329.1139240506328 0
5222 161.392405063297 332.2784810126582 0
5223 161.392405063297 335.4430379746835 0
5224 161.392405063297 338.6075949367087 0
5225 161.392405063297 341.7721518987341 0
5226 161.392405063297 344.9367088607596 0
5227 161.392405063297 348.1012658227847 0
5228 161.392405063297 351.2658227848101 0
5229 161.392405063297 354.4303797468355 0
5230 161.392405063297 357.5949367088607 0
5231 161.392405063297 360.7594936708861 0
5232 161.392405063297 363.9240506329114 0
5233 161.392405063297 367.0886075949367 0
5234 161.392405063297 370.253164556962 0
5235 161.392405063297 373.4177215189874 0
5236 161.392405063297 376.5822784810126 0
5237 161.392405063297 379.746835443038 0
5238 161.392405063297 382.9113924050633 0
5239 161.392405063297 386.0759493670886 0
5240 161.392405063297 389.2405063291139 0
5241 161.392405063297 392.4050632911393 0
5242 161.392405063297 395.5696202531645 0
5243 161.392405063297 398.7341772151899 0
5244 161.392405063297 401.8987341772151 0
5245 161.392405063297 405.0632911392404 0
5246 161.392405063297 408.2278481012659 0
5247 161.392405063297 411.392405063291 0
5248 161.392405063297 414.5569620253165 0
5249 161.392405063297 417.7215189873418 0
5250 161.392405063297 420.8860759493672 0
5251 161.392405063297 424.0506329113924 0
5252 161.392405063297 427.2151898734178 0
5253 161.392405063297 430.3797468354431 0
5254 161.392405063297 433.5443037974684 0
5255 161.392405063297 436.7088607594937 0
5256 161.392405063297 439.873417721519 0
5257 161.392405063297 443.0379746835443 0
5258 161.392405063297 446.2025316455697 0
5259 161.392405063297 449.3670886075949 0
5260 161.392405063297 452.5316455696203 0
5261 161.392405063297 455.6962025316456 0
5262 161.392405063297 458.8607594936709 0
5263 161.392405063297 462.0253164556962 0
5264 161.392405063297 465.1898734177215 0
5265 161.392405063297 468.3544303797469 0
5266 161.392405063297 471.5189873417721 0
5267 161.392405063297 474.6835443037974 0
5268 161.392405063297 477.8481012658228 0
5269 161.392405063297 481.0126582278481 0
5270 161.392405063297 484.1772151898734 0
5271 161.392405063297 487.3417721518987 0
5272 161.392405063297 490.506329113924 0
5273 161.392405063297 493.6708860759494 0
5274 161.392405063297 496.8354430379746 0
5275 164.5569620253221 253.1645569620253 0
5276 164.5569620253221 256.3291139240506 0
5277 164.5569620253222 259.493670886076 0
5278 164.5569620253221 262.6582278481013 0
5279 164.5569620253221 265.8227848101266 0
5280 164.5569620253221 268.9873417721519 0
5281 164.556962025322 272.1518987341772 0
5282 164.5569620253221 275.3164556962026 0
5283 164.5569620253221 278.4810126582278 0
5284 164.5569620253222 281.6455696202532 0
5285 164.5569620253221 284.8101265822783 0
5286 164.5569620253221 287.9746835443038 0
5287 164.5569620253222 291.1392405063291 0
5288 164.5569620253221 294.3037974683544 0
5289 164.5569620253221 297.4683544303796 0
5290 164.5569620253221 300.632911392405 0
5291 164.5569620253221 303.7974683544303 0
5292 164.5569620253221 306.9620253164557 0
5293 164.5569620253221 310.1265822784809 0
5294 164.5569620253221 313.2911392405063 0
5295 164.5569620253222 316.4556962025316 0
5296 164.5569620253221 319.6202531645569 0
5297 164.5569620253221 322.7848101265822 0
5298 164.5569620253221 325.9493670886076 0
5299 164.5569620253221 329.1139240506328 0
5300 164.5569620253222 332.2784810126581 0
5301 164.5569620253221 335.4430379746835 0
5302 164.5569620253221 338.6075949367087 0
5303 164.5569620253221 341.7721518987341 0
5304 164.5569620253221 344.9367088607595 0
5305 164.5569620253221 348.1012658227847 0
5306 164.5569620253221 351.2658227848101 0
5307 164.5569620253221 354.4303797468355 0
5308 164.5569620253222 357.5949367088607 0
5309 164.5569620253221 360.7594936708861 0
5310 164.5569620253221 363.9240506329114 0
5311 164.5569620253221 367.0886075949367 0
5312 164.5569620253221 370.253164556962 0
5313 164.5569620253221 373.4177215189874 0
5314 164.5569620253221 376.5822784810126 0
5315 164.5569620253221 379.746835443038 0
5316 164.5569620253221 382.9113924050633 0
5317 164.5569620253221 386.0759493670886 0
5318 164.5569620253221 389.2405063291139 0
5319 164.5569620253221 392.4050632911394 0
5320 164.5569620253221 395.5696202531645 0
5321 164.5569620253221 398.7341772151899 0
5322 164.5569620253221 401.8987341772153 0
5323 164.5569620253221 405.0632911392405 0
5324 164.5569620253221 408.2278481012659 0
5325 164.5569620253221 411.3924050632911 0
5326 164.5569620253221 414.5569620253164 0
5327 164.5569620253221 417.7215189873418 0
5328 164.5569620253221 420.886075949367 0
5329 164.5569620253221 424.0506329113925 0
5330 164.5569620253221 427.2151898734178 0
5331 164.5569620253221 430.3797468354431 0
5332 164.5569620253221 433.5443037974684 0
5333 164.5569620253221 436.7088607594937 0
5334 164.5569620253221 439.8734177215189 0
5335 164.5569620253221 443.0379746835443 0
5336 164.5569620253221 446.2025316455698 0
5337 164.5569620253221 449.3670886075949 0
5338 164.5569620253222 452.5316455696203 0
5339 164.5569620253221 455.6962025316454 0
5340 164.5569620253221 458.8607594936709 0
5341 164.5569620253221 462.0253164556961 0
5342 164.5569620253221 465.1898734177215 0
5343 164.5569620253221 468.354430379747 0
5344 164.5569620253221 471.5189873417722 0
5345 164.5569620253221 474.6835443037975 0
5346 164.5569620253221 477.8481012658228 0
5347 164.5569620253221 481.0126582278481 0
5348 164.5569620253221 484.1772151898734 0
5349 164.556962025322 487.3417721518987 0
5350 164.5569620253221 490.506329113924 0
5351 164.5569620253221 493.6708860759494 0
5352 164.5569620253221 496.8354430379746 0
5353 167.7215189873472 253.1645569620253 0
5354 167.7215189873473 256.3291139240506 0
5355 167.7215189873472 259.493670886076 0
5356 167.7215189873472 262.6582278481011 0
5357 167.7215189873473 265.8227848101266 0
5358 167.7215189873472 268.987341772152 0
5359 167.7215189873472 272.1518987341771 0
5360 167.7215189873473 275.3164556962026 0
5361 167.7215189873473 278.4810126582278 0
5362 167.7215189873473 281.6455696202532 0
5363 167.7215189873472 284.8101265822784 0
5364 167.7215189873472 287.9746835443038 0
5365 167.7215189873472 291.1392405063291 0
5366 167.7215189873472 294.3037974683543 0
5367 167.7215189873473 297.4683544303797 0
5368 167.7215189873472 300.6329113924051 0
5369 167.7215189873472 303.7974683544303 0
5370 167.7215189873472 306.9620253164557 0
5371 167.7215189873473 310.1265822784808 0
5372 167.7215189873472 313.2911392405061 0
5373 167.7215189873473 316.4556962025316 0
5374 167.7215189873472 319.6202531645568 0
5375 167.7215189873472 322.7848101265822 0
5376 167.7215189873472 325.9493670886076 0
5377 167.7215189873472 329.1139240506328 0
5378 167.7215189873472 332.2784810126582 0
5379 167.7215189873472 335.4430379746835 0
5380 167.7215189873473 338.6075949367087 0
5381 167.7215189873472 341.7721518987341 0
5382 167.7215189873472 344.9367088607596 0
5383 167.7215189873472 348.1012658227847 0
5384 167.7215189873473 351.2658227848102 0
5385 167.7215189873472 354.4303797468354 0
5386 167.7215189873472 357.5949367088607 0
5387 167.7215189873472 360.7594936708861 0
5388 167.7215189873472 363.9240506329114 0
5389 167.7215189873472 367.0886075949366 0
5390 167.7215189873472 370.253164556962 0
5391 167.7215189873472 373.4177215189874 0
5392 167.7215189873472 376.5822784810126 0
5393 167.7215189873472 379.746835443038 0
5394 167.7215189873472 382.9113924050634 0
5395 167.7215189873472 386.0759493670886 0
5396 167.7215189873472 389.2405063291139 0
5397 167.7215189873472 392.4050632911391 0
5398 167.7215189873472 395.5696202531645 0
5399 167.7215189873472 398.73417721519 0
5400 167.7215189873472 401.8987341772153 0
5401 167.7215189873472 405.0632911392405 0
5402 167.7215189873472 408.2278481012659 0
5403 167.7215189873473 411.3924050632911 0
5404 167.7215189873472 414.5569620253164 0
5405 167.7215189873472 417.7215189873418 0
5406 167.7215189873472 420.8860759493671 0
5407 167.7215189873472 424.0506329113924 0
5408 167.7215189873472 427.2151898734178 0
5409 167.7215189873472 430.3797468354432 0
5410 167.7215189873473 433.5443037974684 0
5411 167.7215189873472 436.7088607594937 0
5412 167.7215189873472 439.873417721519 0
5413 167.7215189873472 443.0379746835442 0
5414 167.7215189873472 446.2025316455698 0
5415 167.7215189873472 449.3670886075949 0
5416 167.7215189873473 452.5316455696203 0
5417 167.7215189873472 455.6962025316456 0
5418 167.7215189873472 458.8607594936709 0
5419 167.7215189873473 462.0253164556961 0
5420 167.7215189873472 465.1898734177214 0
5421 167.7215189873472 468.3544303797469 0
5422 167.7215189873472 471.5189873417721 0
5423 167.7215189873473 474.6835443037975 0
5424 167.7215189873472 477.8481012658228 0
5425 167.7215189873472 481.0126582278481 0
5426 167.7215189873473 484.1772151898734 0
5427 167.7215189873472 487.3417721518986 0
5428 167.7215189873472 490.506329113924 0
5429 167.7215189873473 493.6708860759494 0
5430 167.7215189873472 496.8354430379746 0
5431 170.8860759493724 253.1645569620253 0
5432 170.8860759493723 256.3291139240506 0
5433 170.8860759493723 259.493670886076 0
5434 170.8860759493723 262.6582278481012 0
5435 170.8860759493723 265.8227848101266 0
5436 170.8860759493722 268.9873417721519 0
5437 170.8860759493723 272.1518987341771 0
5438 170.8860759493724 275.3164556962025 0
5439 170.8860759493724 278.4810126582278 0
5440 170.8860759493723 281.6455696202531 0
5441 170.8860759493723 284.8101265822783 0
5442 170.8860759493723 287.9746835443038 0
5443 170.8860759493723 291.1392405063291 0
5444 170.8860759493723 294.3037974683544 0
5445 170.8860759493723 297.4683544303797 0
5446 170.8860759493724 300.632911392405 0
5447 170.8860759493724 303.7974683544303 0
5448 170.8860759493723 306.9620253164557 0
5449 170.8860759493723 310.1265822784808 0
5450 170.8860759493723 313.2911392405063 0
5451 170.8860759493723 316.4556962025316 0
5452 170.8860759493723 319.6202531645568 0
5453 170.8860759493723 322.7848101265822 0
5454 170.8860759493724 325.9493670886076 0
5455 170.8860759493723 329.1139240506328 0
5456 170.8860759493723 332.2784810126582 0
5457 170.8860759493723 335.4430379746835 0
5458 170.8860759493723 338.6075949367088 0
5459 170.8860759493723 341.7721518987341 0
5460 170.8860759493723 344.9367088607595 0
5461 170.8860759493724 348.1012658227848 0
5462 170.8860759493723 351.2658227848101 0
5463 170.8860759493723 354.4303797468355 0
5464 170.8860759493723 357.5949367088607 0
5465 170.8860759493723 360.7594936708861 0
5466 170.8860759493724 363.9240506329114 0
5467 170.8860759493723 367.0886075949366 0
5468 170.8860759493724 370.253164556962 0
5469 170.8860759493724 373.4177215189874 0
5470 170.8860759493723 376.5822784810126 0
5471 170.8860759493723 379.746835443038 0
5472 170.8860759493723 382.9113924050632 0
5473 170.8860759493723 386.0759493670886 0
5474 170.8860759493723 389.2405063291139 0
5475 170.8860759493723 392.4050632911393 0
5476 170.8860759493723 395.5696202531645 0
5477 170.8860759493723 398.7341772151899 0
5478 170.8860759493723 401.8987341772153 0
5479 170.8860759493723 405.0632911392405 0
5480 170.8860759493723 408.2278481012659 0
5481 170.8860759493723 411.3924050632911 0
5482 170.8860759493723 414.5569620253165 0
5483 170.8860759493723 417.7215189873418 0
5484 170.8860759493723 420.8860759493671 0
5485 170.8860759493723 424.0506329113924 0
5486 170.8860759493723 427.2151898734178 0
5487 170.8860759493723 430.379746835443 0
5488 170.8860759493723 433.5443037974684 0
5489 170.8860759493723 436.7088607594937 0
5490 170.8860759493723 439.8734177215189 0
5491 170.8860759493723 443.0379746835443 0
5492 170.8860759493724 446.2025316455698 0
5493 170.8860759493723 449.3670886075949 0
5494 170.8860759493723 452.5316455696203 0
5495 170.8860759493723 455.6962025316455 0
5496 170.8860759493723 458.8607594936709 0
5497 170.8860759493723 462.0253164556961 0
5498 170.8860759493723 465.1898734177215 0
5499 170.8860759493723 468.3544303797468 0
5500 170.8860759493723 471.5189873417721 0
5501 170.8860759493723 474.6835443037974 0
5502 170.8860759493723 477.8481012658228 0
5503 170.8860759493723 481.012658227848 0
5504 170.8860759493723 484.1772151898734 0
5505 170.8860759493723 487.3417721518986 0
5506 170.8860759493723 490.506329113924 0
5507 170.8860759493724 493.6708860759494 0
5508 170.8860759493723 496.8354430379748 0
5509 174.0506329113974 253.1645569620253 0
5510 174.0506329113974 256.3291139240506 0
5511 174.0506329113974 259.493670886076 0
5512 174.0506329113974 262.6582278481011 0
5513 174.0506329113975 265.8227848101266 0
5514 174.0506329113974 268.9873417721519 0
5515 174.0506329113974 272.1518987341771 0
5516 174.0506329113974 275.3164556962025 0
5517 174.0506329113974 278.4810126582279 0
5518 174.0506329113974 281.6455696202532 0
5519 174.0506329113974 284.8101265822783 0
5520 174.0506329113974 287.9746835443037 0
5521 174.0506329113974 291.1392405063291 0
5522 174.0506329113974 294.3037974683543 0
5523 174.0506329113974 297.4683544303797 0
5524 174.0506329113974 300.632911392405 0
5525 174.0506329113974 303.7974683544302 0
5526 174.0506329113974 306.9620253164557 0
5527 174.0506329113974 310.1265822784808 0
5528 174.0506329113974 313.2911392405062 0
5529 174.0506329113974 316.4556962025316 0
5530 174.0506329113974 319.6202531645569 0
5531 174.0506329113974 322.7848101265822 0
5532 174.0506329113974 325.9493670886076 0
5533 174.0506329113974 329.1139240506328 0
5534 174.0506329113974 332.2784810126582 0
5535 174.0506329113974 335.4430379746836 0
5536 174.0506329113974 338.6075949367087 0
5537 174.0506329113974 341.7721518987341 0
5538 174.0506329113974 344.9367088607595 0
5539 174.0506329113974 348.1012658227847 0
5540 174.0506329113974 351.2658227848101 0
5541 174.0506329113974 354.4303797468354 0
5542 174.0506329113974 357.5949367088607 0
5543 174.0506329113974 360.7594936708861 0
5544 174.0506329113974 363.9240506329114 0
5545 174.0506329113974 367.0886075949367 0
5546 174.0506329113974 370.253164556962 0
5547 174.0506329113974 373.4177215189874 0
5548 174.0506329113974 376.5822784810126 0
5549 174.0506329113974 379.746835443038 0
5550 174.0506329113974 382.9113924050634 0
5551 174.0506329113974 386.0759493670886 0
5552 174.0506329113974 389.2405063291139 0
5553 174.0506329113974 392.4050632911394 0
5554 174.0506329113974 395.5696202531645 0
5555 174.0506329113974 398.7341772151899 0
5556 174.0506329113974 401.8987341772152 0
5557 174.0506329113974 405.0632911392404 0
5558 174.0506329113974 408.2278481012659 0
5559 174.0506329113974 411.3924050632911 0
5560 174.0506329113974 414.5569620253165 0
5561 174.0506329113974 417.7215189873418 0
5562 174.0506329113974 420.8860759493671 0
5563 174.0506329113974 424.0506329113924 0
5564 174.0506329113974 427.2151898734178 0
5565 174.0506329113974 430.3797468354431 0
5566 174.0506329113974 433.5443037974684 0
5567 174.0506329113974 436.7088607594937 0
5568 174.0506329113974 439.8734177215189 0
5569 174.0506329113974 443.0379746835443 0
5570 174.0506329113974 446.2025316455697 0
5571 174.0506329113974 449.367088607595 0
5572 174.0506329113974 452.5316455696202 0
5573 174.0506329113974 455.6962025316455 0
5574 174.0506329113974 458.8607594936709 0
5575 174.0506329113974 462.0253164556962 0
5576 174.0506329113974 465.1898734177215 0
5577 174.0506329113974 468.3544303797469 0
5578 174.0506329113974 471.5189873417722 0
5579 174.0506329113974 474.6835443037975 0
5580 174.0506329113974 477.8481012658228 0
5581 174.0506329113974 481.0126582278481 0
5582 174.0506329113974 484.1772151898734 0
5583 174.0506329113974 487.3417721518987 0
5584 174.0506329113974 490.506329113924 0
5585 174.0506329113974 493.6708860759494 0
5586 174.0506329113974 496.8354430379748 0
5587 177.2151898734226 253.1645569620253 0
5588 177.2151898734226 256.3291139240506 0
5589 177.2151898734226 259.493670886076 0
5590 177.2151898734226 262.6582278481011 0
5591 177.2151898734226 265.8227848101266 0
5592 177.2151898734226 268.987341772152 0
5593 177.2151898734226 272.1518987341771 0
5594 177.2151898734226 275.3164556962026 0
5595 177.2151898734226 278.4810126582278 0
5596 177.2151898734226 281.6455696202532 0
5597 177.2151898734226 284.8101265822784 0
5598 177.2151898734226 287.9746835443037 0
5599 177.2151898734226 291.1392405063291 0
5600 177.2151898734225 294.3037974683543 0
5601 177.2151898734226 297.4683544303797 0
5602 177.2151898734226 300.6329113924051 0
5603 177.2151898734226 303.7974683544302 0
5604 177.2151898734226 306.9620253164557 0
5605 177.2151898734226 310.1265822784808 0
5606 177.2151898734226 313.2911392405061 0
5607 177.2151898734225 316.4556962025316 0
5608 177.2151898734226 319.6202531645569 0
5609 177.2151898734226 322.7848101265822 0
5610 177.2151898734226 325.9493670886076 0
5611 177.2151898734226 329.1139240506328 0
5612 177.2151898734226 332.2784810126582 0
5613 177.2151898734226 335.4430379746835 0
5614 177.2151898734226 338.6075949367087 0
5615 177.2151898734226 341.7721518987341 0
5616 177.2151898734226 344.9367088607596 0
5617 177.2151898734226 348.1012658227847 0
5618 177.2151898734226 351.2658227848102 0
5619 177.2151898734226 354.4303797468355 0
5620 177.2151898734226 357.5949367088606 0
5621 177.2151898734226 360.7594936708861 0
5622 177.2151898734226 363.9240506329114 0
5623 177.2151898734226 367.0886075949366 0
5624 177.2151898734226 370.2531645569621 0
5625 177.2151898734226 373.4177215189874 0
5626 177.2151898734226 376.5822784810126 0
5627 177.2151898734226 379.746835443038 0
5628 177.2151898734226 382.9113924050634 0
5629 177.2151898734226 386.0759493670885 0
5630 177.2151898734226 389.2405063291139 0
5631 177.2151898734226 392.4050632911393 0
5632 177.2151898734226 395.5696202531645 0
5633 177.2151898734226 398.73417721519 0
5634 177.2151898734226 401.8987341772153 0
5635 177.2151898734226 405.0632911392404 0
5636 177.2151898734226 408.2278481012659 0
5637 177.2151898734226 411.3924050632911 0
5638 177.2151898734226 414.5569620253165 0
5639 177.2151898734226 417.7215189873418 0
5640 177.2151898734226 420.8860759493671 0
5641 177.2151898734226 424.0506329113924 0
5642 177.2151898734226 427.2151898734178 0
5643 177.2151898734226 430.3797468354431 0
5644 177.2151898734226 433.5443037974684 0
5645 177.2151898734226 436.7088607594937 0
5646 177.2151898734226 439.8734177215189 0
5647 177.2151898734226 443.0379746835443 0
5648 177.2151898734226 446.2025316455697 0
5649 177.2151898734226 449.367088607595 0
5650 177.2151898734226 452.5316455696203 0
5651 177.2151898734226 455.6962025316456 0
5652 177.2151898734226 458.8607594936709 0
5653 177.2151898734226 462.0253164556962 0
5654 177.2151898734226 465.1898734177216 0
5655 177.2151898734226 468.3544303797468 0
5656 177.2151898734226 471.5189873417722 0
5657 177.2151898734226 474.6835443037974 0
5658 177.2151898734226 477.8481012658228 0
5659 177.2151898734226 481.0126582278481 0
5660 177.2151898734226 484.1772151898734 0
5661 177.2151898734226 487.3417721518986 0
5662 177.2151898734226 490.506329113924 0
5663 177.2151898734225 493.6708860759494 0
5664 177.2151898734226 496.8354430379749 0
5665 180.3797468354475 253.1645569620253 0
5666 180.3797468354477 256.3291139240506 0
5667 180.3797468354476 259.493670886076 0
5668 180.3797468354476 262.6582278481012 0
5669 180.3797468354476 265.8227848101266 0
5670 180.3797468354476 268.9873417721519 0
5671 180.3797468354476 272.1518987341772 0
5672 180.3797468354476 275.3164556962026 0
5673 180.3797468354476 278.4810126582278 0
5674 180.3797468354476 281.6455696202531 0
5675 180.3797468354477 284.8101265822783 0
5676 180.3797468354476 287.9746835443036 0
5677 180.3797468354476 291.1392405063291 0
5678 180.3797468354476 294.3037974683543 0
5679 180.3797468354477 297.4683544303796 0
5680 180.3797468354476 300.6329113924051 0
5681 180.3797468354476 303.7974683544303 0
5682 180.3797468354477 306.9620253164557 0
5683 180.3797468354476 310.1265822784808 0
5684 180.3797468354476 313.2911392405061 0
5685 180.3797468354476 316.4556962025316 0
5686 180.3797468354476 319.6202531645569 0
5687 180.3797468354476 322.7848101265822 0
5688 180.3797468354476 325.9493670886075 0
5689 180.3797468354476 329.1139240506328 0
5690 180.3797468354476 332.2784810126582 0
5691 180.3797468354476 335.4430379746835 0
5692 180.3797468354476 338.6075949367087 0
5693 180.3797468354476 341.7721518987341 0
5694 180.3797468354476 344.9367088607595 0
5695 180.3797468354476 348.1012658227847 0
5696 180.3797468354476 351.26582278481 0
5697 180.3797468354477 354.4303797468355 0
5698 180.3797468354476 357.5949367088607 0
5699 180.3797468354476 360.7594936708861 0
5700 180.3797468354476 363.9240506329114 0
5701 180.3797468354476 367.0886075949367 0
5702 180.3797468354476 370.253164556962 0
5703 180.3797468354476 373.4177215189874 0
5704 180.3797468354476 376.5822784810126 0
5705 180.3797468354476 379.746835443038 0
5706 180.3797468354476 382.9113924050633 0
5707 180.3797468354476 386.0759493670886 0
5708 180.3797468354476 389.2405063291139 0
5709 180.3797468354476 392.4050632911391 0
5710 180.3797468354476 395.5696202531645 0
5711 180.3797468354476 398.7341772151899 0
5712 180.3797468354476 401.8987341772153 0
5713 180.3797468354476 405.0632911392405 0
5714 180.3797468354476 408.2278481012659 0
5715 180.3797468354476 411.3924050632911 0
5716 180.3797468354476 414.5569620253165 0
5717 180.3797468354476 417.7215189873418 0
5718 180.3797468354476 420.886075949367 0
5719 180.3797468354476 424.0506329113924 0
5720 180.3797468354476 427.2151898734178 0
5721 180.3797468354476 430.379746835443 0
5722 180.3797468354476 433.5443037974684 0
5723 180.3797468354476 436.7088607594937 0
5724 180.3797468354476 439.8734177215189 0
5725 180.3797468354476 443.0379746835443 0
5726 180.3797468354476 446.2025316455697 0
5727 180.3797468354476 449.3670886075949 0
5728 180.3797468354476 452.5316455696201 0
5729 180.3797468354476 455.6962025316455 0
5730 180.3797468354476 458.8607594936709 0
5731 180.3797468354476 462.025316455696 0
5732 180.3797468354476 465.1898734177214 0
5733 180.3797468354476 468.3544303797468 0
5734 180.3797468354476 471.5189873417721 0
5735 180.3797468354476 474.6835443037975 0
5736 180.3797468354476 477.8481012658228 0
5737 180.3797468354476 481.0126582278481 0
5738 180.3797468354476 484.1772151898734 0
5739 180.3797468354476 487.3417721518986 0
5740 180.3797468354476 490.506329113924 0
5741 180.3797468354476 493.6708860759494 0
5742 180.3797468354476 496.8354430379748 0
5743 183.5443037974728 253.1645569620253 0
5744 183.5443037974727 256.3291139240506 0
5745 183.5443037974728 259.493670886076 0
5746 183.5443037974728 262.6582278481011 0
5747 183.5443037974728 265.8227848101266 0
5748 183.5443037974728 268.9873417721519 0
5749 183.5443037974727 272.1518987341771 0
5750 183.5443037974728 275.3164556962026 0
5751 183.5443037974728 278.4810126582279 0
5752 183.5443037974727 281.6455696202532 0
5753 183.5443037974728 284.8101265822783 0
5754 183.5443037974727 287.9746835443038 0
5755 183.5443037974728 291.1392405063291 0
5756 183.5443037974728 294.3037974683543 0
5757 183.5443037974728 297.4683544303796 0
5758 183.5443037974728 300.632911392405 0
5759 183.5443037974728 303.7974683544303 0
5760 183.5443037974727 306.9620253164557 0
5761 183.5443037974728 310.1265822784808 0
5762 183.5443037974728 313.2911392405061 0
5763 183.5443037974727 316.4556962025316 0
5764 183.5443037974728 319.6202531645568 0
5765 183.5443037974727 322.7848101265822 0
5766 183.5443037974727 325.9493670886076 0
5767 183.5443037974727 329.1139240506328 0
5768 183.5443037974727 332.2784810126582 0
5769 183.5443037974728 335.4430379746835 0
5770 183.5443037974728 338.6075949367087 0
5771 183.5443037974728 341.7721518987341 0
5772 183.5443037974728 344.9367088607593 0
5773 183.5443037974728 348.1012658227847 0
5774 183.5443037974728 351.2658227848101 0
5775 183.5443037974728 354.4303797468355 0
5776 183.5443037974728 357.5949367088607 0
5777 183.5443037974728 360.759493670886 0
5778 183.5443037974728 363.9240506329114 0
5779 183.5443037974728 367.0886075949367 0
5780 183.5443037974727 370.253164556962 0
5781 183.5443037974728 373.4177215189873 0
5782 183.5443037974728 376.5822784810126 0
5783 183.5443037974728 379.746835443038 0
5784 183.5443037974728 382.9113924050633 0
5785 183.5443037974728 386.0759493670886 0
5786 183.5443037974728 389.2405063291139 0
5787 183.5443037974728 392.4050632911391 0
5788 183.5443037974728 395.5696202531645 0
5789 183.5443037974728 398.7341772151899 0
5790 183.5443037974728 401.8987341772153 0
5791 183.5443037974728 405.0632911392405 0
5792 183.5443037974728 408.2278481012659 0
5793 183.5443037974728 411.392405063291 0
5794 183.5443037974728 414.5569620253164 0
5795 183.5443037974728 417.7215189873418 0
5796 183.5443037974728 420.8860759493671 0
5797 183.5443037974728 424.0506329113925 0
5798 183.5443037974728 427.2151898734178 0
5799 183.5443037974728 430.3797468354431 0
5800 183.5443037974727 433.5443037974684 0
5801 183.5443037974728 436.7088607594937 0
5802 183.5443037974728 439.873417721519 0
5803 183.5443037974728 443.0379746835443 0
5804 183.5443037974727 446.2025316455696 0
5805 183.5443037974727 449.3670886075949 0
5806 183.5443037974728 452.5316455696203 0
5807 183.5443037974728 455.6962025316455 0
5808 183.5443037974728 458.8607594936709 0
5809 183.5443037974727 462.025316455696 0
5810 183.5443037974728 465.1898734177215 0
5811 183.5443037974728 468.3544303797469 0
5812 183.5443037974728 471.5189873417722 0
5813 183.5443037974728 474.6835443037975 0
5814 183.5443037974727 477.8481012658228 0
5815 183.5443037974728 481.0126582278481 0
5816 183.5443037974728 484.1772151898734 0
5817 183.5443037974728 487.3417721518986 0
5818 183.5443037974727 490.506329113924 0
5819 183.5443037974727 493.6708860759494 0
5820 183.5443037974728 496.8354430379749 0
5821 186.7088607594979 253.1645569620253 0
5822 186.7088607594979 256.3291139240506 0
5823 186.7088607594979 259.493670886076 0
5824 186.7088607594979 262.6582278481013 0
5825 186.7088607594979 265.8227848101266 0
5826 186.7088607594979 268.987341772152 0
5827 186.7088607594979 272.1518987341771 0
5828 186.7088607594979 275.3164556962026 0
5829 186.7088607594978 278.4810126582278 0
5830 186.7088607594979 281.6455696202532 0
5831 186.7088607594979 284.8101265822784 0
5832 186.7088607594978 287.9746835443037 0
5833 186.7088607594978 291.1392405063291 0
5834 186.7088607594978 294.3037974683543 0
5835 186.7088607594978 297.4683544303797 0
5836 186.7088607594978 300.6329113924051 0
5837 186.7088607594978 303.7974683544303 0
5838 186.7088607594979 306.9620253164554 0
5839 186.7088607594979 310.1265822784808 0
5840 186.7088607594979 313.2911392405061 0
5841 186.7088607594979 316.4556962025316 0
5842 186.7088607594978 319.6202531645568 0
5843 186.7088607594978 322.7848101265822 0
5844 186.7088607594979 325.9493670886076 0
5845 186.7088607594979 329.1139240506328 0
5846 186.7088607594979 332.2784810126582 0
5847 186.7088607594979 335.4430379746836 0
5848 186.7088607594979 338.6075949367087 0
5849 186.7088607594979 341.7721518987341 0
5850 186.708860759498 344.9367088607595 0
5851 186.7088607594979 348.1012658227847 0
5852 186.708860759498 351.2658227848101 0
5853 186.7088607594979 354.4303797468355 0
5854 186.708860759498 357.5949367088607 0
5855 186.7088607594979 360.759493670886 0
5856 186.7088607594979 363.9240506329114 0
5857 186.7088607594979 367.0886075949367 0
5858 186.7088607594979 370.253164556962 0
5859 186.7088607594978 373.4177215189873 0
5860 186.7088607594979 376.5822784810126 0
5861 186.7088607594979 379.746835443038 0
5862 186.7088607594978 382.9113924050633 0
5863 186.7088607594979 386.0759493670886 0
5864 186.7088607594979 389.2405063291138 0
5865 186.7088607594979 392.4050632911393 0
5866 186.7088607594978 395.5696202531645 0
5867 186.7088607594979 398.7341772151899 0
5868 186.7088607594979 401.8987341772153 0
5869 186.7088607594979 405.0632911392404 0
5870 186.7088607594979 408.2278481012659 0
5871 186.7088607594979 411.392405063291 0
5872 186.7088607594979 414.5569620253165 0
5873 186.7088607594979 417.7215189873417 0
5874 186.7088607594979 420.8860759493671 0
5875 186.7088607594979 424.0506329113924 0
5876 186.7088607594979 427.2151898734178 0
5877 186.7088607594979 430.379746835443 0
5878 186.7088607594979 433.5443037974683 0
5879 186.7088607594979 436.7088607594937 0
5880 186.7088607594979 439.8734177215189 0
5881 186.7088607594979 443.0379746835443 0
5882 186.7088607594979 446.2025316455696 0
5883 186.7088607594979 449.3670886075949 0
5884 186.7088607594979 452.5316455696204 0
5885 186.7088607594979 455.6962025316456 0
5886 186.7088607594979 458.8607594936709 0
5887 186.7088607594979 462.0253164556961 0
5888 186.7088607594979 465.1898734177215 0
5889 186.7088607594979 468.354430379747 0
5890 186.7088607594979 471.5189873417722 0
5891 186.7088607594979 474.6835443037974 0
5892 186.7088607594979 477.8481012658228 0
5893 186.7088607594979 481.0126582278481 0
5894 186.7088607594979 484.1772151898734 0
5895 186.7088607594979 487.3417721518987 0
5896 186.7088607594979 490.506329113924 0
5897 186.7088607594979 493.6708860759494 0
5898 186.7088607594979 496.8354430379747 0
5899 189.873417721523 253.1645569620253 0
5900 189.873417721523 256.3291139240506 0
5901 189.873417721523 259.493670886076 0
5902 189.873417721523 262.6582278481011 0
5903 189.8734177215229 265.8227848101266 0
5904 189.873417721523 268.987341772152 0
5905 189.8734177215229 272.1518987341771 0
5906 189.873417721523 275.3164556962025 0
5907 189.873417721523 278.4810126582278 0
5908 189.873417721523 281.6455696202532 0
5909 189.873417721523 284.8101265822783 0
5910 189.873417721523 287.9746835443037 0
5911 189.873417721523 291.1392405063291 0
5912 189.873417721523 294.3037974683543 0
5913 189.8734177215229 297.4683544303797 0
5914 189.873417721523 300.632911392405 0
5915 189.873417721523 303.7974683544303 0
5916 189.873417721523 306.9620253164557 0
5917 189.873417721523 310.1265822784808 0
5918 189.8734177215229 313.2911392405062 0
5919 189.873417721523 316.4556962025316 0
5920 189.873417721523 319.6202531645568 0
5921 189.8734177215229 322.7848101265823 0
5922 189.873417721523 325.9493670886076 0
5923 189.873417721523 329.1139240506328 0
5924 189.8734177215229 332.2784810126582 0
5925 189.873417721523 335.4430379746836 0
5926 189.873417721523 338.6075949367087 0
5927 189.873417721523 341.7721518987341 0
5928 189.873417721523 344.9367088607595 0
5929 189.873417721523 348.1012658227847 0
5930 189.873417721523 351.2658227848101 0
5931 189.873417721523 354.4303797468354 0
5932 189.873417721523 357.5949367088607 0
5933 189.873417721523 360.7594936708861 0
5934 189.873417721523 363.9240506329114 0
5935 189.873417721523 367.0886075949367 0
5936 189.873417721523 370.2531645569619 0
5937 189.873417721523 373.4177215189873 0
5938 189.873417721523 376.5822784810126 0
5939 189.873417721523 379.746835443038 0
5940 189.873417721523 382.9113924050631 0
5941 189.873417721523 386.0759493670886 0
5942 189.873417721523 389.2405063291139 0
5943 189.873417721523 392.4050632911393 0
5944 189.873417721523 395.5696202531645 0
5945 189.873417721523 398.73417721519 0
5946 189.873417721523 401.8987341772153 0
5947 189.873417721523 405.0632911392405 0
5948 189.873417721523 408.2278481012659 0
5949 189.873417721523 411.3924050632911 0
5950 189.873417721523 414.5569620253165 0
5951 189.873417721523 417.7215189873418 0
5952 189.873417721523 420.8860759493671 0
5953 189.873417721523 424.0506329113924 0
5954 189.873417721523 427.2151898734178 0
5955 189.873417721523 430.3797468354432 0
5956 189.873417721523 433.5443037974684 0
5957 189.873417721523 436.7088607594937 0
5958 189.873417721523 439.8734177215189 0
5959 189.873417721523 443.0379746835443 0
5960 189.873417721523 446.2025316455696 0
5961 189.873417721523 449.3670886075949 0
5962 189.873417721523 452.5316455696201 0
5963 189.873417721523 455.6962025316455 0
5964 189.873417721523 458.8607594936709 0
5965 189.873417721523 462.0253164556962 0
5966 189.873417721523 465.1898734177214 0
5967 189.873417721523 468.3544303797469 0
5968 189.873417721523 471.5189873417722 0
5969 189.873417721523 474.6835443037975 0
5970 189.8734177215229 477.8481012658228 0
5971 189.873417721523 481.0126582278481 0
5972 189.873417721523 484.1772151898734 0
5973 189.873417721523 487.3417721518987 0
5974 189.873417721523 490.506329113924 0
5975 189.8734177215229 493.6708860759494 0
5976 189.873417721523 496.8354430379748 0
5977 193.037974683548 253.1645569620253 0
5978 193.0379746835481 256.3291139240506 0
5979 193.0379746835481 259.493670886076 0
5980 193.037974683548 262.6582278481011 0
5981 193.0379746835481 265.8227848101266 0
5982 193.037974683548 268.9873417721519 0
5983 193.037974683548 272.1518987341772 0
5984 193.0379746835481 275.3164556962025 0
5985 193.037974683548 278.4810126582278 0
5986 193.0379746835481 281.6455696202532 0
5987 193.0379746835481 284.8101265822783 0
5988 193.037974683548 287.9746835443037 0
5989 193.0379746835481 291.1392405063291 0
5990 193.0379746835481 294.3037974683543 0
5991 193.037974683548 297.4683544303797 0
5992 193.0379746835481 300.6329113924048 0
5993 193.0379746835481 303.7974683544303 0
5994 193.037974683548 306.9620253164557 0
5995 193.0379746835481 310.1265822784808 0
5996 193.037974683548 313.2911392405061 0
5997 193.0379746835481 316.4556962025316 0
5998 193.0379746835481 319.6202531645568 0
5999 193.037974683548 322.7848101265822 0
6000 193.0379746835481 325.9493670886075 0
6001 193.0379746835481 329.1139240506328 0
6002 193.037974683548 332.2784810126581 0
6003 193.0379746835481 335.4430379746836 0
6004 193.0379746835481 338.6075949367088 0
6005 193.037974683548 341.772151898734 0
6006 193.037974683548 344.9367088607593 0
6007 193.037974683548 348.1012658227847 0
6008 193.0379746835481 351.2658227848101 0
6009 193.037974683548 354.4303797468353 0
6010 193.037974683548 357.5949367088607 0
6011 193.037974683548 360.7594936708861 0
6012 193.0379746835481 363.9240506329114 0
6013 193.0379746835481 367.0886075949366 0
6014 193.0379746835481 370.253164556962 0
6015 193.0379746835481 373.4177215189873 0
6016 193.037974683548 376.5822784810126 0
6017 193.0379746835481 379.746835443038 0
6018 193.037974683548 382.9113924050633 0
6019 193.037974683548 386.0759493670886 0
6020 193.0379746835481 389.2405063291139 0
6021 193.037974683548 392.4050632911393 0
6022 193.037974683548 395.5696202531645 0
6023 193.0379746835481 398.7341772151899 0
6024 193.037974683548 401.8987341772153 0
6025 193.037974683548 405.0632911392404 0
6026 193.037974683548 408.2278481012659 0
6027 193.0379746835481 411.3924050632911 0
6028 193.0379746835481 414.5569620253164 0
6029 193.0379746835481 417.7215189873417 0
6030 193.0379746835481 420.8860759493671 0
6031 193.037974683548 424.0506329113924 0
6032 193.0379746835481 427.2151898734177 0
6033 193.037974683548 430.379746835443 0
6034 193.0379746835481 433.5443037974684 0
6035 193.0379746835481 436.7088607594937 0
6036 193.0379746835481 439.8734177215189 0
6037 193.0379746835481 443.0379746835443 0
6038 193.0379746835481 446.2025316455696 0
6039 193.037974683548 449.3670886075949 0
6040 193.0379746835481 452.5316455696204 0
6041 193.037974683548 455.6962025316454 0
6042 193.0379746835481 458.8607594936709 0
6043 193.0379746835481 462.0253164556962 0
6044 193.0379746835481 465.1898734177215 0
6045 193.0379746835481 468.3544303797469 0
6046 193.037974683548 471.5189873417721 0
6047 193.037974683548 474.6835443037974 0
6048 193.037974683548 477.8481012658229 0
6049 193.037974683548 481.0126582278481 0
6050 193.0379746835481 484.1772151898734 0
6051 193.0379746835481 487.3417721518986 0
6052 193.0379746835481 490.506329113924 0
6053 193.037974683548 493.6708860759494 0
6054 193.037974683548 496.8354430379746 0
6055 196.2025316455732 253.1645569620253 0
6056 196.2025316455731 256.3291139240506 0
6057 196.2025316455731 259.493670886076 0
6058 196.2025316455732 262.6582278481013 0
6059 196.2025316455732 265.8227848101266 0
6060 196.2025316455732 268.987341772152 0
6061 196.2025316455732 272.1518987341771 0
6062 196.2025316455732 275.3164556962025 0
6063 196.2025316455732 278.4810126582277 0
6064 196.2025316455731 281.6455696202532 0
6065 196.2025316455732 284.8101265822784 0
6066 196.2025316455732 287.9746835443037 0
6067 196.2025316455732 291.1392405063291 0
6068 196.2025316455732 294.3037974683543 0
6069 196.2025316455732 297.4683544303796 0
6070 196.2025316455732 300.632911392405 0
6071 196.2025316455732 303.7974683544303 0
6072 196.2025316455732 306.9620253164554 0
6073 196.2025316455732 310.1265822784808 0
6074 196.2025316455732 313.2911392405061 0
6075 196.2025316455732 316.4556962025316 0
6076 196.2025316455731 319.6202531645569 0
6077 196.2025316455731 322.7848101265823 0
6078 196.2025316455732 325.9493670886075 0
6079 196.2025316455731 329.1139240506328 0
6080 196.2025316455732 332.2784810126582 0
6081 196.2025316455731 335.4430379746836 0
6082 196.2025316455732 338.6075949367087 0
6083 196.2025316455732 341.7721518987341 0
6084 196.2025316455732 344.9367088607593 0
6085 196.2025316455732 348.1012658227847 0
6086 196.2025316455732 351.2658227848101 0
6087 196.2025316455732 354.4303797468354 0
6088 196.2025316455732 357.5949367088607 0
6089 196.2025316455732 360.7594936708861 0
6090 196.2025316455732 363.9240506329115 0
6091 196.2025316455732 367.0886075949367 0
6092 196.2025316455732 370.253164556962 0
6093 196.2025316455732 373.4177215189873 0
6094 196.2025316455732 376.5822784810126 0
6095 196.2025316455732 379.7468354430379 0
6096 196.2025316455732 382.9113924050633 0
6097 196.2025316455732 386.0759493670886 0
6098 196.2025316455732 389.2405063291139 0
6099 196.2025316455732 392.4050632911394 0
6100 196.2025316455732 395.5696202531644 0
6101 196.2025316455732 398.7341772151899 0
6102 196.2025316455732 401.8987341772152 0
6103 196.2025316455732 405.0632911392405 0
6104 196.2025316455732 408.2278481012657 0
6105 196.2025316455732 411.392405063291 0
6106 196.2025316455732 414.5569620253165 0
6107 196.2025316455732 417.7215189873418 0
6108 196.2025316455732 420.8860759493671 0
6109 196.2025316455732 424.0506329113923 0
6110 196.2025316455732 427.2151898734178 0
6111 196.2025316455732 430.3797468354429 0
6112 196.2025316455732 433.5443037974684 0
6113 196.2025316455732 436.7088607594936 0
6114 196.2025316455732 439.8734177215189 0
6115 196.2025316455732 443.0379746835443 0
6116 196.2025316455732 446.2025316455696 0
6117 196.2025316455732 449.3670886075949 0
6118 196.2025316455732 452.5316455696201 0
6119 196.2025316455732 455.6962025316456 0
6120 196.2025316455732 458.8607594936709 0
6121 196.2025316455732 462.0253164556961 0
6122 196.2025316455732 465.1898734177215 0
6123 196.2025316455732 468.3544303797469 0
6124 196.2025316455732 471.5189873417722 0
6125 196.2025316455732 474.6835443037975 0
6126 196.2025316455732 477.8481012658228 0
6127 196.2025316455732 481.0126582278481 0
6128 196.2025316455732 484.1772151898734 0
6129 196.2025316455732 487.3417721518987 0
6130 196.2025316455732 490.506329113924 0
6131 196.2025316455732 493.6708860759494 0
6132 196.2025316455732 496.8354430379747 0
6133 199.3670886075983 253.1645569620253 0
6134 199.3670886075983 256.3291139240506 0
6135 199.3670886075983 259.493670886076 0
6136 199.3670886075983 262.6582278481011 0
6137 199.3670886075983 265.8227848101266 0
6138 199.3670886075982 268.9873417721519 0
6139 199.3670886075983 272.1518987341772 0
6140 199.3670886075982 275.3164556962025 0
6141 199.3670886075983 278.4810126582277 0
6142 199.3670886075983 281.6455696202532 0
6143 199.3670886075983 284.8101265822783 0
6144 199.3670886075983 287.9746835443037 0
6145 199.3670886075983 291.1392405063291 0
6146 199.3670886075983 294.3037974683543 0
6147 199.3670886075983 297.4683544303796 0
6148 199.3670886075983 300.6329113924049 0
6149 199.3670886075983 303.7974683544304 0
6150 199.3670886075982 306.9620253164557 0
6151 199.3670886075983 310.1265822784808 0
6152 199.3670886075983 313.2911392405061 0
6153 199.3670886075982 316.4556962025316 0
6154 199.3670886075983 319.6202531645568 0
6155 199.3670886075982 322.7848101265823 0
6156 199.3670886075983 325.9493670886076 0
6157 199.3670886075982 329.1139240506328 0
6158 199.3670886075983 332.2784810126581 0
6159 199.3670886075983 335.4430379746835 0
6160 199.3670886075982 338.6075949367087 0
6161 199.3670886075983 341.7721518987341 0
6162 199.3670886075982 344.9367088607596 0
6163 199.3670886075983 348.1012658227847 0
6164 199.3670886075983 351.2658227848101 0
6165 199.3670886075983 354.4303797468354 0
6166 199.3670886075983 357.5949367088607 0
6167 199.3670886075983 360.7594936708861 0
6168 199.3670886075983 363.9240506329114 0
6169 199.3670886075983 367.0886075949366 0
6170 199.3670886075983 370.2531645569618 0
6171 199.3670886075982 373.4177215189873 0
6172 199.3670886075983 376.5822784810126 0
6173 199.3670886075983 379.746835443038 0
6174 199.3670886075983 382.9113924050634 0
6175 199.3670886075983 386.0759493670886 0
6176 199.3670886075982 389.2405063291138 0
6177 199.3670886075983 392.4050632911393 0
6178 199.3670886075983 395.5696202531645 0
6179 199.3670886075983 398.7341772151899 0
6180 199.3670886075983 401.8987341772151 0
6181 199.3670886075983 405.0632911392405 0
6182 199.3670886075983 408.2278481012659 0
6183 199.3670886075983 411.3924050632911 0
6184 199.3670886075983 414.5569620253165 0
6185 199.3670886075983 417.7215189873418 0
6186 199.3670886075982 420.8860759493669 0
6187 199.3670886075983 424.0506329113923 0
6188 199.3670886075982 427.2151898734178 0
6189 199.3670886075983 430.3797468354431 0
6190 199.3670886075983 433.5443037974684 0
6191 199.3670886075982 436.7088607594937 0
6192 199.3670886075983 439.8734177215189 0
6193 199.3670886075983 443.0379746835443 0
6194 199.3670886075983 446.2025316455697 0
6195 199.3670886075983 449.3670886075949 0
6196 199.3670886075983 452.5316455696203 0
6197 199.3670886075983 455.6962025316456 0
6198 199.3670886075982 458.8607594936709 0
6199 199.3670886075983 462.0253164556961 0
6200 199.3670886075983 465.1898734177214 0
6201 199.3670886075983 468.3544303797469 0
6202 199.3670886075983 471.5189873417722 0
6203 199.3670886075982 474.6835443037974 0
6204 199.3670886075983 477.8481012658229 0
6205 199.3670886075983 481.0126582278481 0
6206 199.3670886075983 484.1772151898734 0
6207 199.3670886075983 487.3417721518986 0
6208 199.3670886075983 490.5063291139242 0
6209 199.3670886075983 493.6708860759494 0
6210 199.3670886075983 496.8354430379747 0
6211 202.5316455696234 253.1645569620253 0
6212 202.5316455696234 256.3291139240506 0
6213 202.5316455696234 259.493670886076 0
6214 202.5316455696234 262.6582278481011 0
6215 202.5316455696234 265.8227848101265 0
6216 202.5316455696234 268.9873417721519 0
6217 202.5316455696234 272.1518987341771 0
6218 202.5316455696234 275.3164556962026 0
6219 202.5316455696234 278.4810126582277 0
6220 202.5316455696234 281.6455696202532 0
6221 202.5316455696233 284.8101265822783 0
6222 202.5316455696234 287.9746835443037 0
6223 202.5316455696234 291.1392405063291 0
6224 202.5316455696234 294.3037974683543 0
6225 202.5316455696234 297.4683544303796 0
6226 202.5316455696234 300.632911392405 0
6227 202.5316455696233 303.7974683544303 0
6228 202.5316455696234 306.9620253164557 0
6229 202.5316455696234 310.1265822784808 0
6230 202.5316455696234 313.2911392405061 0
6231 202.5316455696234 316.4556962025316 0
6232 202.5316455696234 319.6202531645569 0
6233 202.5316455696234 322.7848101265823 0
6234 202.5316455696234 325.9493670886076 0
6235 202.5316455696234 329.1139240506328 0
6236 202.5316455696234 332.2784810126581 0
6237 202.5316455696233 335.4430379746835 0
6238 202.5316455696234 338.6075949367087 0
6239 202.5316455696234 341.772151898734 0
6240 202.5316455696234 344.9367088607593 0
6241 202.5316455696234 348.1012658227847 0
6242 202.5316455696234 351.26582278481 0
6243 202.5316455696234 354.4303797468353 0
6244 202.5316455696234 357.5949367088606 0
6245 202.5316455696234 360.7594936708861 0
6246 202.5316455696234 363.9240506329114 0
6247 202.5316455696234 367.0886075949366 0
6248 202.5316455696234 370.253164556962 0
6249 202.5316455696234 373.4177215189874 0
6250 202.5316455696234 376.5822784810126 0
6251 202.5316455696234 379.7468354430379 0
6252 202.5316455696234 382.9113924050631 0
6253 202.5316455696234 386.0759493670885 0
6254 202.5316455696234 389.2405063291138 0
6255 202.5316455696234 392.4050632911391 0
6256 202.5316455696234 395.5696202531645 0
6257 202.5316455696234 398.7341772151899 0
6258 202.5316455696234 401.8987341772153 0
6259 202.5316455696234 405.0632911392405 0
6260 202.5316455696234 408.2278481012659 0
6261 202.5316455696234 411.3924050632911 0
6262 202.5316455696234 414.5569620253163 0
6263 202.5316455696234 417.7215189873418 0
6264 202.5316455696234 420.886075949367 0
6265 202.5316455696234 424.0506329113923 0
6266 202.5316455696234 427.2151898734177 0
6267 202.5316455696234 430.3797468354429 0
6268 202.5316455696234 433.5443037974684 0
6269 202.5316455696234 436.7088607594937 0
6270 202.5316455696234 439.8734177215189 0
6271 202.5316455696234 443.0379746835443 0
6272 202.5316455696234 446.2025316455697 0
6273 202.5316455696234 449.3670886075949 0
6274 202.5316455696234 452.5316455696201 0
6275 202.5316455696234 455.6962025316454 0
6276 202.5316455696234 458.8607594936709 0
6277 202.5316455696234 462.0253164556961 0
6278 202.5316455696234 465.1898734177214 0
6279 202.5316455696234 468.3544303797469 0
6280 202.5316455696234 471.5189873417722 0
6281 202.5316455696234 474.6835443037975 0
6282 202.5316455696234 477.8481012658229 0
6283 202.5316455696234 481.0126582278481 0
6284 202.5316455696234 484.1772151898734 0
6285 202.5316455696234 487.3417721518986 0
6286 202.5316455696234 490.506329113924 0
6287 202.5316455696234 493.6708860759494 0
6288 202.5316455696234 496.8354430379747 0
6289 205.6962025316485 253.1645569620253 0
6290 205.6962025316485 256.3291139240506 0
6291 205.6962025316485 259.493670886076 0
6292 205.6962025316485 262.6582278481011 0
6293 205.6962025316486 265.8227848101266 0
6294 205.6962025316485 268.9873417721519 0
6295 205.6962025316485 272.1518987341772 0
6296 205.6962025316484 275.3164556962026 0
6297 205.6962025316485 278.4810126582277 0
6298 205.6962025316485 281.6455696202531 0
6299 205.6962025316485 284.8101265822783 0
6300 205.6962025316485 287.9746835443037 0
6301 205.6962025316485 291.139240506329 0
6302 205.6962025316485 294.3037974683543 0
6303 205.6962025316485 297.4683544303797 0
6304 205.6962025316485 300.6329113924048 0
6305 205.6962025316485 303.7974683544303 0
6306 205.6962025316485 306.9620253164554 0
6307 205.6962025316486 310.1265822784809 0
6308 205.6962025316485 313.2911392405061 0
6309 205.6962025316485 316.4556962025316 0
6310 205.6962025316484 319.6202531645569 0
6311 205.6962025316485 322.7848101265822 0
6312 205.6962025316485 325.9493670886076 0
6313 205.6962025316485 329.1139240506328 0
6314 205.6962025316485 332.2784810126581 0
6315 205.6962025316485 335.4430379746836 0
6316 205.6962025316485 338.6075949367087 0
6317 205.6962025316485 341.7721518987341 0
6318 205.6962025316485 344.9367088607593 0
6319 205.6962025316485 348.1012658227847 0
6320 205.6962025316485 351.2658227848101 0
6321 205.6962025316485 354.4303797468355 0
6322 205.6962025316485 357.5949367088607 0
6323 205.6962025316485 360.7594936708861 0
6324 205.6962025316485 363.9240506329115 0
6325 205.6962025316486 367.0886075949367 0
6326 205.6962025316485 370.253164556962 0
6327 205.6962025316485 373.4177215189873 0
6328 205.6962025316485 376.5822784810126 0
6329 205.6962025316485 379.746835443038 0
6330 205.6962025316485 382.9113924050632 0
6331 205.6962025316485 386.0759493670886 0
6332 205.6962025316485 389.2405063291139 0
6333 205.6962025316485 392.4050632911391 0
6334 205.6962025316485 395.5696202531645 0
6335 205.6962025316485 398.7341772151899 0
6336 205.6962025316485 401.8987341772152 0
6337 205.6962025316486 405.0632911392405 0
6338 205.6962025316486 408.2278481012659 0
6339 205.6962025316485 411.3924050632911 0
6340 205.6962025316485 414.5569620253165 0
6341 205.6962025316484 417.7215189873418 0
6342 205.6962025316486 420.886075949367 0
6343 205.6962025316485 424.0506329113924 0
6344 205.6962025316485 427.2151898734178 0
6345 205.6962025316485 430.379746835443 0
6346 205.6962025316485 433.5443037974684 0
6347 205.6962025316485 436.7088607594937 0
6348 205.6962025316485 439.8734177215189 0
6349 205.6962025316485 443.0379746835443 0
6350 205.6962025316485 446.2025316455697 0
6351 205.6962025316485 449.3670886075949 0
6352 205.6962025316485 452.5316455696203 0
6353 205.6962025316485 455.6962025316456 0
6354 205.6962025316485 458.8607594936709 0
6355 205.6962025316485 462.0253164556962 0
6356 205.6962025316485 465.1898734177215 0
6357 205.6962025316485 468.3544303797468 0
6358 205.6962025316485 471.5189873417722 0
6359 205.6962025316485 474.6835443037974 0
6360 205.6962025316485 477.8481012658229 0
6361 205.6962025316485 481.0126582278481 0
6362 205.6962025316485 484.1772151898734 0
6363 205.6962025316485 487.3417721518986 0
6364 205.6962025316485 490.506329113924 0
6365 205.6962025316485 493.6708860759494 0
6366 205.6962025316485 496.8354430379747 0
6367 208.8607594936736 253.1645569620253 0
6368 208.8607594936735 256.3291139240506 0
6369 208.8607594936736 259.493670886076 0
6370 208.8607594936735 262.6582278481011 0
6371 208.8607594936736 265.8227848101266 0
6372 208.8607594936736 268.9873417721519 0
6373 208.8607594936736 272.1518987341772 0
6374 208.8607594936736 275.3164556962025 0
6375 208.8607594936736 278.4810126582277 0
6376 208.8607594936736 281.6455696202532 0
6377 208.8607594936736 284.8101265822783 0
6378 208.8607594936736 287.9746835443037 0
6379 208.8607594936736 291.1392405063291 0
6380 208.8607594936736 294.3037974683543 0
6381 208.8607594936736 297.4683544303796 0
6382 208.8607594936735 300.6329113924049 0
6383 208.8607594936736 303.7974683544303 0
6384 208.8607594936736 306.9620253164554 0
6385 208.8607594936736 310.1265822784808 0
6386 208.8607594936736 313.2911392405061 0
6387 208.8607594936736 316.4556962025315 0
6388 208.8607594936736 319.6202531645568 0
6389 208.8607594936736 322.7848101265821 0
6390 208.8607594936736 325.9493670886076 0
6391 208.8607594936736 329.1139240506328 0
6392 208.8607594936736 332.2784810126581 0
6393 208.8607594936735 335.4430379746835 0
6394 208.8607594936736 338.6075949367087 0
6395 208.8607594936736 341.7721518987341 0
6396 208.8607594936736 344.9367088607593 0
6397 208.8607594936736 348.1012658227847 0
6398 208.8607594936736 351.2658227848101 0
6399 208.8607594936736 354.4303797468353 0
6400 208.8607594936736 357.5949367088607 0
6401 208.8607594936736 360.7594936708861 0
6402 208.8607594936736 363.9240506329114 0
6403 208.8607594936736 367.0886075949366 0
6404 208.8607594936736 370.2531645569619 0
6405 208.8607594936736 373.4177215189874 0
6406 208.8607594936736 376.5822784810126 0
6407 208.8607594936736 379.7468354430379 0
6408 208.8607594936736 382.9113924050634 0
6409 208.8607594936736 386.0759493670885 0
6410 208.8607594936736 389.2405063291139 0
6411 208.8607594936736 392.4050632911391 0
6412 208.8607594936736 395.5696202531644 0
6413 208.8607594936736 398.7341772151899 0
6414 208.8607594936736 401.8987341772152 0
6415 208.8607594936736 405.0632911392404 0
6416 208.8607594936736 408.2278481012659 0
6417 208.8607594936736 411.3924050632911 0
6418 208.8607594936736 414.5569620253165 0
6419 208.8607594936736 417.7215189873417 0
6420 208.8607594936736 420.8860759493671 0
6421 208.8607594936736 424.0506329113924 0
6422 208.8607594936736 427.2151898734177 0
6423 208.8607594936736 430.3797468354432 0
6424 208.8607594936736 433.5443037974683 0
6425 208.8607594936736 436.7088607594937 0
6426 208.8607594936736 439.8734177215189 0
6427 208.8607594936736 443.0379746835443 0
6428 208.8607594936736 446.2025316455698 0
6429 208.8607594936736 449.3670886075949 0
6430 208.8607594936736 452.5316455696201 0
6431 208.8607594936736 455.6962025316454 0
6432 208.8607594936736 458.8607594936709 0
6433 208.8607594936736 462.0253164556961 0
6434 208.8607594936736 465.1898734177214 0
6435 208.8607594936736 468.3544303797469 0
6436 208.8607594936736 471.5189873417722 0
6437 208.8607594936736 474.6835443037974 0
6438 208.8607594936736 477.8481012658229 0
6439 208.8607594936736 481.0126582278481 0
6440 208.8607594936736 484.1772151898734 0
6441 208.8607594936736 487.3417721518987 0
6442 208.8607594936736 490.506329113924 0
6443 208.8607594936736 493.6708860759494 0
6444 208.8607594936736 496.8354430379746 0
6445 212.0253164556987 253.1645569620253 0
6446 212.0253164556987 256.3291139240506 0
6447 212.0253164556987 259.493670886076 0
6448 212.0253164556987 262.6582278481011 0
6449 212.0253164556987 265.8227848101266 0
6450 212.0253164556988 268.987341772152 0
6451 212.0253164556988 272.1518987341771 0
6452 212.0253164556988 275.3164556962025 0
6453 212.0253164556987 278.4810126582277 0
6454 212.0253164556987 281.6455696202532 0
6455 212.0253164556987 284.8101265822784 0
6456 212.0253164556987 287.9746835443037 0
6457 212.0253164556987 291.1392405063291 0
6458 212.0253164556987 294.3037974683543 0
6459 212.0253164556987 297.4683544303796 0
6460 212.0253164556987 300.6329113924048 0
6461 212.0253164556987 303.7974683544303 0
6462 212.0253164556987 306.9620253164554 0
6463 212.0253164556987 310.1265822784809 0
6464 212.0253164556987 313.2911392405061 0
6465 212.0253164556987 316.4556962025316 0
6466 212.0253164556987 319.6202531645568 0
6467 212.0253164556987 322.7848101265823 0
6468 212.0253164556987 325.9493670886075 0
6469 212.0253164556987 329.1139240506328 0
6470 212.0253164556987 332.2784810126581 0
6471 212.0253164556987 335.4430379746834 0
6472 212.0253164556987 338.6075949367087 0
6473 212.0253164556987 341.7721518987341 0
6474 212.0253164556987 344.9367088607596 0
6475 212.0253164556987 348.1012658227847 0
6476 212.0253164556987 351.26582278481 0
6477 212.0253164556988 354.4303797468353 0
6478 212.0253164556987 357.5949367088607 0
6479 212.0253164556987 360.7594936708859 0
6480 212.0253164556987 363.9240506329115 0
6481 212.0253164556987 367.0886075949367 0
6482 212.0253164556987 370.2531645569621 0
6483 212.0253164556987 373.4177215189873 0
6484 212.0253164556987 376.5822784810126 0
6485 212.0253164556987 379.7468354430379 0
6486 212.0253164556987 382.9113924050632 0
6487 212.0253164556987 386.0759493670884 0
6488 212.0253164556987 389.2405063291139 0
6489 212.0253164556987 392.4050632911393 0
6490 212.0253164556987 395.5696202531645 0
6491 212.0253164556987 398.7341772151898 0
6492 212.0253164556987 401.8987341772151 0
6493 212.0253164556987 405.0632911392404 0
6494 212.0253164556987 408.2278481012659 0
6495 212.0253164556987 411.3924050632911 0
6496 212.0253164556987 414.5569620253165 0
6497 212.0253164556987 417.7215189873418 0
6498 212.0253164556987 420.886075949367 0
6499 212.0253164556987 424.0506329113923 0
6500 212.0253164556987 427.2151898734177 0
6501 212.0253164556987 430.3797468354429 0
6502 212.0253164556987 433.5443037974682 0
6503 212.0253164556987 436.7088607594937 0
6504 212.0253164556987 439.8734177215189 0
6505 212.0253164556987 443.0379746835443 0
6506 212.0253164556987 446.2025316455696 0
6507 212.0253164556987 449.3670886075949 0
6508 212.0253164556987 452.5316455696201 0
6509 212.0253164556987 455.6962025316456 0
6510 212.0253164556987 458.8607594936709 0
6511 212.0253164556987 462.0253164556961 0
6512 212.0253164556987 465.1898734177215 0
6513 212.0253164556987 468.3544303797468 0
6514 212.0253164556987 471.5189873417721 0
6515 212.0253164556987 474.6835443037974 0
6516 212.0253164556987 477.8481012658228 0
6517 212.0253164556987 481.0126582278481 0
6518 212.0253164556987 484.1772151898734 0
6519 212.0253164556987 487.3417721518986 0
6520 212.0253164556987 490.506329113924 0
6521 212.0253164556987 493.6708860759494 0
6522 212.0253164556987 496.8354430379747 0
6523 215.1898734177238 253.1645569620253 0
6524 215.1898734177238 256.3291139240506 0
6525 215.1898734177238 259.493670886076 0
6526 215.1898734177238 262.6582278481011 0
6527 215.1898734177238 265.8227848101265 0
6528 215.1898734177238 268.987341772152 0
6529 215.1898734177238 272.1518987341772 0
6530 215.1898734177238 275.3164556962025 0
6531 215.1898734177238 278.4810126582277 0
6532 215.1898734177238 281.6455696202532 0
6533 215.1898734177238 284.8101265822783 0
6534 215.1898734177238 287.9746835443037 0
6535 215.1898734177238 291.139240506329 0
6536 215.1898734177238 294.3037974683543 0
6537 215.1898734177238 297.4683544303797 0
6538 215.1898734177238 300.6329113924048 0
6539 215.1898734177238 303.7974683544303 0
6540 215.1898734177238 306.9620253164555 0
6541 215.1898734177238 310.1265822784808 0
6542 215.1898734177238 313.2911392405061 0
6543 215.1898734177239 316.4556962025316 0
6544 215.1898734177238 319.6202531645569 0
6545 215.1898734177238 322.7848101265822 0
6546 215.1898734177238 325.9493670886075 0
6547 215.1898734177238 329.1139240506328 0
6548 215.1898734177238 332.2784810126581 0
6549 215.1898734177237 335.4430379746835 0
6550 215.1898734177238 338.6075949367087 0
6551 215.1898734177238 341.7721518987341 0
6552 215.1898734177238 344.9367088607595 0
6553 215.1898734177238 348.1012658227847 0
6554 215.1898734177238 351.26582278481 0
6555 215.1898734177238 354.4303797468353 0
6556 215.1898734177238 357.5949367088607 0
6557 215.1898734177238 360.759493670886 0
6558 215.1898734177238 363.9240506329114 0
6559 215.1898734177238 367.0886075949366 0
6560 215.1898734177238 370.253164556962 0
6561 215.1898734177238 373.4177215189874 0
6562 215.1898734177238 376.5822784810126 0
6563 215.1898734177238 379.7468354430379 0
6564 215.1898734177238 382.9113924050631 0
6565 215.1898734177238 386.0759493670885 0
6566 215.1898734177238 389.2405063291138 0
6567 215.1898734177238 392.4050632911391 0
6568 215.1898734177238 395.5696202531645 0
6569 215.1898734177238 398.7341772151899 0
6570 215.1898734177238 401.8987341772153 0
6571 215.1898734177238 405.0632911392404 0
6572 215.1898734177238 408.2278481012657 0
6573 215.1898734177238 411.392405063291 0
6574 215.1898734177238 414.5569620253164 0
6575 215.1898734177238 417.7215189873417 0
6576 215.1898734177238 420.8860759493671 0
6577 215.1898734177238 424.0506329113925 0
6578 215.1898734177238 427.2151898734178 0
6579 215.1898734177238 430.379746835443 0
6580 215.1898734177238 433.5443037974683 0
6581 215.1898734177238 436.7088607594936 0
6582 215.1898734177238 439.873417721519 0
6583 215.1898734177238 443.0379746835443 0
6584 215.1898734177238 446.2025316455697 0
6585 215.1898734177238 449.3670886075949 0
6586 215.1898734177238 452.5316455696204 0
6587 215.1898734177238 455.6962025316455 0
6588 215.1898734177238 458.8607594936709 0
6589 215.1898734177238 462.025316455696 0
6590 215.1898734177238 465.1898734177215 0
6591 215.1898734177238 468.3544303797469 0
6592 215.1898734177238 471.5189873417722 0
6593 215.1898734177238 474.6835443037974 0
6594 215.1898734177238 477.8481012658229 0
6595 215.1898734177238 481.0126582278481 0
6596 215.1898734177238 484.1772151898734 0
6597 215.1898734177238 487.3417721518986 0
6598 215.1898734177238 490.506329113924 0
6599 215.1898734177238 493.6708860759494 0
6600 215.1898734177238 496.8354430379746 0
6601 218.3544303797489 253.1645569620253 0
6602 218.3544303797489 256.3291139240506 0
6603 218.3544303797489 259.493670886076 0
6604 218.354430379749 262.6582278481011 0
6605 218.3544303797489 265.8227848101266 0
6606 218.3544303797489 268.987341772152 0
6607 218.3544303797489 272.1518987341772 0
6608 218.3544303797489 275.3164556962025 0
6609 218.3544303797489 278.4810126582277 0
6610 218.3544303797489 281.6455696202531 0
6611 218.3544303797489 284.8101265822783 0
6612 218.3544303797489 287.9746835443036 0
6613 218.3544303797489 291.1392405063291 0
6614 218.354430379749 294.3037974683544 0
6615 218.3544303797489 297.4683544303797 0
6616 218.3544303797489 300.6329113924049 0
6617 218.3544303797489 303.7974683544303 0
6618 218.354430379749 306.9620253164554 0
6619 218.3544303797489 310.1265822784808 0
6620 218.3544303797489 313.2911392405061 0
6621 218.3544303797489 316.4556962025316 0
6622 218.3544303797489 319.6202531645569 0
6623 218.3544303797489 322.7848101265821 0
6624 218.3544303797489 325.9493670886076 0
6625 218.3544303797489 329.1139240506328 0
6626 218.3544303797489 332.2784810126581 0
6627 218.3544303797489 335.4430379746835 0
6628 218.3544303797489 338.6075949367087 0
6629 218.3544303797489 341.7721518987341 0
6630 218.3544303797489 344.9367088607593 0
6631 218.3544303797489 348.1012658227847 0
6632 218.3544303797489 351.2658227848101 0
6633 218.3544303797489 354.4303797468353 0
6634 218.3544303797489 357.5949367088607 0
6635 218.3544303797489 360.7594936708861 0
6636 218.3544303797489 363.9240506329113 0
6637 218.3544303797489 367.0886075949366 0
6638 218.354430379749 370.2531645569619 0
6639 218.3544303797489 373.4177215189873 0
6640 218.3544303797489 376.5822784810126 0
6641 218.3544303797489 379.7468354430379 0
6642 218.3544303797489 382.9113924050634 0
6643 218.3544303797489 386.0759493670885 0
6644 218.3544303797489 389.2405063291138 0
6645 218.3544303797489 392.4050632911394 0
6646 218.3544303797489 395.5696202531644 0
6647 218.3544303797489 398.7341772151899 0
6648 218.3544303797489 401.8987341772153 0
6649 218.3544303797489 405.0632911392405 0
6650 218.3544303797489 408.2278481012659 0
6651 218.3544303797489 411.3924050632911 0
6652 218.3544303797489 414.5569620253165 0
6653 218.3544303797489 417.7215189873418 0
6654 218.3544303797489 420.886075949367 0
6655 218.3544303797489 424.0506329113924 0
6656 218.3544303797489 427.2151898734177 0
6657 218.3544303797489 430.3797468354429 0
6658 218.3544303797489 433.5443037974684 0
6659 218.3544303797489 436.7088607594936 0
6660 218.3544303797489 439.8734177215189 0
6661 218.3544303797489 443.0379746835443 0
6662 218.3544303797489 446.2025316455696 0
6663 218.3544303797489 449.3670886075949 0
6664 218.3544303797489 452.5316455696201 0
6665 218.3544303797489 455.6962025316455 0
6666 218.3544303797489 458.8607594936709 0
6667 218.3544303797489 462.025316455696 0
6668 218.3544303797489 465.1898734177216 0
6669 218.3544303797489 468.3544303797468 0
6670 218.3544303797489 471.5189873417721 0
6671 218.3544303797489 474.6835443037974 0
6672 218.3544303797489 477.8481012658228 0
6673 218.3544303797489 481.0126582278481 0
6674 218.3544303797489 484.1772151898734 0
6675 218.3544303797489 487.3417721518986 0
6676 218.3544303797489 490.506329113924 0
6677 218.3544303797489 493.6708860759494 0
6678 218.3544303797489 496.8354430379747 0
6679 221.5189873417741 253.1645569620253 0
6680 221.518987341774 256.3291139240506 0
6681 221.5189873417741 259.493670886076 0
6682 221.5189873417741 262.6582278481011 0
6683 221.518987341774 265.8227848101266 0
6684 221.518987341774 268.9873417721519 0
6685 221.518987341774 272.1518987341771 0
6686 221.5189873417741 275.3164556962026 0
6687 221.518987341774 278.4810126582277 0
6688 221.518987341774 281.6455696202532 0
6689 221.518987341774 284.8101265822784 0
6690 221.518987341774 287.9746835443037 0
6691 221.5189873417739 291.139240506329 0
6692 221.5189873417741 294.3037974683543 0
6693 221.518987341774 297.4683544303797 0
6694 221.518987341774 300.6329113924049 0
6695 221.518987341774 303.7974683544302 0
6696 221.518987341774 306.9620253164557 0
6697 221.5189873417741 310.1265822784808 0
6698 221.518987341774 313.2911392405061 0
6699 221.5189873417741 316.4556962025316 0
6700 221.518987341774 319.6202531645568 0
6701 221.518987341774 322.7848101265821 0
6702 221.5189873417741 325.9493670886075 0
6703 221.518987341774 329.1139240506328 0
6704 221.518987341774 332.2784810126582 0
6705 221.5189873417741 335.4430379746834 0
6706 221.518987341774 338.6075949367087 0
6707 221.518987341774 341.7721518987341 0
6708 221.518987341774 344.9367088607593 0
6709 221.5189873417741 348.1012658227848 0
6710 221.518987341774 351.2658227848101 0
6711 221.5189873417741 354.4303797468353 0
6712 221.518987341774 357.5949367088608 0
6713 221.518987341774 360.7594936708861 0
6714 221.5189873417741 363.9240506329113 0
6715 221.518987341774 367.0886075949366 0
6716 221.518987341774 370.253164556962 0
6717 221.518987341774 373.4177215189873 0
6718 221.518987341774 376.5822784810126 0
6719 221.518987341774 379.746835443038 0
6720 221.518987341774 382.9113924050632 0
6721 221.518987341774 386.0759493670885 0
6722 221.518987341774 389.2405063291139 0
6723 221.518987341774 392.4050632911391 0
6724 221.518987341774 395.5696202531645 0
6725 221.5189873417741 398.7341772151898 0
6726 221.518987341774 401.8987341772151 0
6727 221.5189873417741 405.0632911392405 0
6728 221.5189873417739 408.2278481012657 0
6729 221.518987341774 411.392405063291 0
6730 221.518987341774 414.5569620253165 0
6731 221.518987341774 417.7215189873417 0
6732 221.518987341774 420.886075949367 0
6733 221.5189873417739 424.0506329113924 0
6734 221.5189873417741 427.2151898734177 0
6735 221.518987341774 430.3797468354429 0
6736 221.518987341774 433.5443037974684 0
6737 221.5189873417741 436.7088607594936 0
6738 221.518987341774 439.8734177215189 0
6739 221.5189873417741 443.0379746835443 0
6740 221.5189873417739 446.2025316455696 0
6741 221.5189873417741 449.3670886075949 0
6742 221.518987341774 452.5316455696202 0
6743 221.5189873417741 455.6962025316456 0
6744 221.518987341774 458.8607594936709 0
6745 221.518987341774 462.025316455696 0
6746 221.518987341774 465.1898734177214 0
6747 221.518987341774 468.3544303797469 0
6748 221.518987341774 471.5189873417721 0
6749 221.518987341774 474.6835443037975 0
6750 221.518987341774 477.8481012658228 0
6751 221.518987341774 481.012658227848 0
6752 221.518987341774 484.1772151898734 0
6753 221.518987341774 487.3417721518987 0
6754 221.5189873417741 490.506329113924 0
6755 221.518987341774 493.6708860759493 0
6756 221.518987341774 496.8354430379746 0
6757 224.6835443037991 253.1645569620253 0
6758 224.6835443037991 256.3291139240506 0
6759 224.6835443037991 259.493670886076 0
6760 224.6835443037992 262.6582278481011 0
6761 224.6835443037991 265.8227848101266 0
6762 224.6835443037991 268.987341772152 0
6763 224.6835443037991 272.1518987341772 0
6764 224.6835443037991 275.3164556962026 0
6765 224.6835443037991 278.4810126582277 0
6766 224.6835443037991 281.6455696202532 0
6767 224.6835443037991 284.8101265822783 0
6768 224.6835443037991 287.9746835443037 0
6769 224.6835443037991 291.1392405063291 0
6770 224.6835443037991 294.3037974683543 0
6771 224.683544303799 297.4683544303797 0
6772 224.6835443037991 300.6329113924048 0
6773 224.6835443037991 303.7974683544302 0
6774 224.6835443037991 306.9620253164554 0
6775 224.683544303799 310.1265822784808 0
6776 224.6835443037991 313.2911392405061 0
6777 224.6835443037991 316.4556962025316 0
6778 224.6835443037992 319.6202531645569 0
6779 224.6835443037991 322.7848101265822 0
6780 224.6835443037991 325.9493670886075 0
6781 224.6835443037991 329.1139240506328 0
6782 224.6835443037991 332.2784810126581 0
6783 224.6835443037991 335.4430379746834 0
6784 224.6835443037991 338.6075949367087 0
6785 224.6835443037991 341.772151898734 0
6786 224.6835443037991 344.9367088607593 0
6787 224.6835443037991 348.1012658227848 0
6788 224.6835443037991 351.2658227848102 0
6789 224.6835443037991 354.4303797468355 0
6790 224.6835443037991 357.5949367088607 0
6791 224.6835443037991 360.7594936708859 0
6792 224.6835443037991 363.9240506329113 0
6793 224.6835443037991 367.0886075949367 0
6794 224.6835443037991 370.2531645569619 0
6795 224.6835443037991 373.4177215189873 0
6796 224.6835443037991 376.5822784810126 0
6797 224.6835443037991 379.7468354430379 0
6798 224.6835443037991 382.9113924050632 0
6799 224.6835443037991 386.0759493670886 0
6800 224.6835443037991 389.2405063291139 0
6801 224.6835443037991 392.4050632911391 0
6802 224.6835443037991 395.5696202531645 0
6803 224.6835443037991 398.7341772151898 0
6804 224.6835443037991 401.8987341772153 0
6805 224.6835443037991 405.0632911392405 0
6806 224.6835443037991 408.2278481012657 0
6807 224.6835443037991 411.392405063291 0
6808 224.6835443037991 414.5569620253163 0
6809 224.6835443037991 417.7215189873418 0
6810 224.6835443037991 420.8860759493671 0
6811 224.6835443037991 424.0506329113925 0
6812 224.6835443037991 427.2151898734178 0
6813 224.6835443037991 430.3797468354429 0
6814 224.6835443037991 433.5443037974683 0
6815 224.6835443037991 436.7088607594936 0
6816 224.6835443037991 439.8734177215189 0
6817 224.6835443037991 443.0379746835443 0
6818 224.6835443037991 446.2025316455696 0
6819 224.6835443037991 449.3670886075949 0
6820 224.6835443037991 452.5316455696201 0
6821 224.6835443037991 455.6962025316455 0
6822 224.6835443037991 458.8607594936709 0
6823 224.6835443037991 462.0253164556962 0
6824 224.6835443037991 465.1898734177215 0
6825 224.6835443037991 468.3544303797469 0
6826 224.6835443037991 471.5189873417721 0
6827 224.6835443037991 474.6835443037975 0
6828 224.6835443037991 477.8481012658229 0
6829 224.6835443037991 481.0126582278481 0
6830 224.6835443037991 484.1772151898734 0
6831 224.6835443037991 487.3417721518986 0
6832 224.6835443037991 490.506329113924 0
6833 224.6835443037991 493.6708860759495 0
6834 224.6835443037991 496.8354430379749 0
6835 227.8481012658242 253.1645569620253 0
6836 227.8481012658242 256.3291139240506 0
6837 227.8481012658243 259.493670886076 0
6838 227.8481012658243 262.6582278481011 0
6839 227.8481012658242 265.8227848101266 0
6840 227.8481012658242 268.9873417721519 0
6841 227.8481012658243 272.1518987341771 0
6842 227.8481012658243 275.3164556962026 0
6843 227.8481012658243 278.4810126582277 0
6844 227.8481012658243 281.6455696202532 0
6845 227.8481012658243 284.8101265822784 0
6846 227.8481012658242 287.9746835443038 0
6847 227.8481012658243 291.1392405063291 0
6848 227.8481012658243 294.3037974683543 0
6849 227.8481012658242 297.4683544303796 0
6850 227.8481012658242 300.6329113924049 0
6851 227.8481012658242 303.7974683544303 0
6852 227.8481012658243 306.9620253164557 0
6853 227.8481012658242 310.1265822784808 0
6854 227.8481012658243 313.2911392405061 0
6855 227.8481012658242 316.4556962025315 0
6856 227.8481012658242 319.6202531645569 0
6857 227.8481012658243 322.7848101265822 0
6858 227.8481012658242 325.9493670886076 0
6859 227.8481012658243 329.1139240506328 0
6860 227.8481012658242 332.2784810126581 0
6861 227.8481012658243 335.4430379746835 0
6862 227.8481012658242 338.6075949367087 0
6863 227.8481012658242 341.7721518987341 0
6864 227.8481012658243 344.9367088607595 0
6865 227.8481012658243 348.1012658227847 0
6866 227.8481012658243 351.26582278481 0
6867 227.8481012658242 354.4303797468353 0
6868 227.8481012658241 357.5949367088607 0
6869 227.8481012658242 360.7594936708861 0
6870 227.8481012658243 363.9240506329114 0
6871 227.8481012658242 367.0886075949366 0
6872 227.8481012658243 370.2531645569619 0
6873 227.8481012658242 373.4177215189873 0
6874 227.8481012658242 376.5822784810126 0
6875 227.8481012658243 379.746835443038 0
6876 227.8481012658242 382.9113924050633 0
6877 227.8481012658242 386.0759493670885 0
6878 227.8481012658243 389.2405063291138 0
6879 227.8481012658242 392.405063291139 0
6880 227.8481012658243 395.5696202531644 0
6881 227.8481012658243 398.73417721519 0
6882 227.8481012658243 401.8987341772153 0
6883 227.8481012658242 405.0632911392406 0
6884 227.8481012658242 408.2278481012657 0
6885 227.8481012658241 411.392405063291 0
6886 227.8481012658243 414.5569620253164 0
6887 227.8481012658243 417.7215189873417 0
6888 227.8481012658242 420.8860759493671 0
6889 227.8481012658242 424.0506329113923 0
6890 227.8481012658243 427.2151898734177 0
6891 227.8481012658242 430.3797468354429 0
6892 227.8481012658242 433.5443037974683 0
6893 227.8481012658242 436.7088607594936 0
6894 227.8481012658243 439.8734177215189 0
6895 227.8481012658243 443.0379746835443 0
6896 227.8481012658243 446.2025316455696 0
6897 227.8481012658242 449.3670886075949 0
6898 227.8481012658243 452.5316455696201 0
6899 227.8481012658242 455.6962025316455 0
6900 227.8481012658243 458.8607594936709 0
6901 227.8481012658242 462.0253164556961 0
6902 227.8481012658242 465.1898734177215 0
6903 227.8481012658242 468.3544303797468 0
6904 227.8481012658242 471.5189873417721 0
6905 227.8481012658243 474.6835443037975 0
6906 227.8481012658243 477.8481012658228 0
6907 227.8481012658242 481.0126582278481 0
6908 227.8481012658242 484.1772151898734 0
6909 227.8481012658242 487.3417721518986 0
6910 227.8481012658243 490.506329113924 0
6911 227.8481012658242 493.6708860759494 0
6912 227.8481012658242 496.8354430379747 0
6913 231.0126582278493 253.1645569620253 0
6914 231.0126582278494 256.3291139240506 0
6915 231.0126582278494 259.493670886076 0
6916 231.0126582278493 262.6582278481012 0
6917 231.0126582278494 265.8227848101266 0
6918 231.0126582278494 268.9873417721519 0
6919 231.0126582278494 272.1518987341771 0
6920 231.0126582278494 275.3164556962025 0
6921 231.0126582278494 278.4810126582278 0
6922 231.0126582278494 281.6455696202532 0
6923 231.0126582278494 284.8101265822784 0
6924 231.0126582278494 287.9746835443037 0
6925 231.0126582278494 291.139240506329 0
6926 231.0126582278494 294.3037974683543 0
6927 231.0126582278493 297.4683544303796 0
6928 231.0126582278493 300.6329113924048 0
6929 231.0126582278494 303.7974683544302 0
6930 231.0126582278494 306.9620253164557 0
6931 231.0126582278494 310.1265822784808 0
6932 231.0126582278493 313.2911392405061 0
6933 231.0126582278494 316.4556962025315 0
6934 231.0126582278493 319.6202531645568 0
6935 231.0126582278494 322.7848101265821 0
6936 231.0126582278494 325.9493670886074 0
6937 231.0126582278494 329.1139240506328 0
6938 231.0126582278494 332.278481012658 0
6939 231.0126582278494 335.4430379746835 0
6940 231.0126582278494 338.6075949367088 0
6941 231.0126582278493 341.772151898734 0
6942 231.0126582278494 344.9367088607593 0
6943 231.0126582278493 348.1012658227847 0
6944 231.0126582278494 351.2658227848101 0
6945 231.0126582278494 354.4303797468353 0
6946 231.0126582278494 357.5949367088607 0
6947 231.0126582278493 360.7594936708859 0
6948 231.0126582278493 363.9240506329112 0
6949 231.0126582278494 367.0886075949366 0
6950 231.0126582278494 370.2531645569618 0
6951 231.0126582278494 373.4177215189873 0
6952 231.0126582278493 376.5822784810126 0
6953 231.0126582278494 379.746835443038 0
6954 231.0126582278494 382.9113924050632 0
6955 231.0126582278493 386.0759493670886 0
6956 231.0126582278493 389.2405063291138 0
6957 231.0126582278494 392.4050632911391 0
6958 231.0126582278494 395.5696202531644 0
6959 231.0126582278494 398.7341772151898 0
6960 231.0126582278493 401.8987341772153 0
6961 231.0126582278494 405.0632911392406 0
6962 231.0126582278493 408.2278481012659 0
6963 231.0126582278494 411.3924050632911 0
6964 231.0126582278493 414.5569620253163 0
6965 231.0126582278493 417.7215189873417 0
6966 231.0126582278494 420.886075949367 0
6967 231.0126582278493 424.0506329113924 0
6968 231.0126582278494 427.2151898734177 0
6969 231.0126582278493 430.3797468354429 0
6970 231.0126582278494 433.5443037974683 0
6971 231.0126582278493 436.7088607594936 0
6972 231.0126582278494 439.8734177215189 0
6973 231.0126582278493 443.0379746835443 0
6974 231.0126582278494 446.2025316455696 0
6975 231.0126582278493 449.3670886075949 0
6976 231.0126582278494 452.5316455696203 0
6977 231.0126582278494 455.6962025316455 0
6978 231.0126582278494 458.8607594936709 0
6979 231.0126582278494 462.0253164556962 0
6980 231.0126582278493 465.1898734177214 0
6981 231.0126582278494 468.3544303797469 0
6982 231.0126582278494 471.5189873417721 0
6983 231.0126582278494 474.6835443037974 0
6984 231.0126582278494 477.8481012658229 0
6985 231.0126582278494 481.0126582278481 0
6986 231.0126582278494 484.1772151898734 0
6987 231.0126582278494 487.3417721518986 0
6988 231.0126582278494 490.506329113924 0
6989 231.0126582278494 493.6708860759494 0
6990 231.0126582278493 496.8354430379746 0
6991 234.1772151898745 253.1645569620253 0
6992 234.1772151898744 256.3291139240506 0
6993 234.1772151898745 259.493670886076 0
6994 234.1772151898744 262.6582278481011 0
6995 234.1772151898744 265.8227848101265 0
6996 234.1772151898745 268.9873417721519 0
6997 234.1772151898745 272.1518987341772 0
6998 234.1772151898745 275.3164556962025 0
6999 234.1772151898744 278.4810126582278 0
7000 234.1772151898745 281.6455696202531 0
7001 234.1772151898745 284.8101265822783 0
7002 234.1772151898745 287.9746835443037 0
7003 234.1772151898745 291.1392405063291 0
7004 234.1772151898745 294.3037974683543 0
7005 234.1772151898744 297.4683544303796 0
7006 234.1772151898745 300.632911392405 0
7007 234.1772151898744 303.7974683544303 0
7008 234.1772151898744 306.9620253164554 0
7009 234.1772151898744 310.1265822784808 0
7010 234.1772151898744 313.2911392405061 0
7011 234.1772151898745 316.4556962025315 0
7012 234.1772151898745 319.6202531645569 0
7013 234.1772151898745 322.7848101265821 0
7014 234.1772151898745 325.9493670886075 0
7015 234.1772151898745 329.1139240506328 0
7016 234.1772151898745 332.2784810126582 0
7017 234.1772151898745 335.4430379746834 0
7018 234.1772151898745 338.6075949367087 0
7019 234.1772151898744 341.7721518987341 0
7020 234.1772151898745 344.9367088607593 0
7021 234.1772151898744 348.1012658227847 0
7022 234.1772151898745 351.26582278481 0
7023 234.1772151898744 354.4303797468353 0
7024 234.1772151898745 357.5949367088607 0
7025 234.1772151898744 360.7594936708859 0
7026 234.1772151898745 363.9240506329113 0
7027 234.1772151898745 367.0886075949367 0
7028 234.1772151898745 370.2531645569619 0
7029 234.1772151898744 373.4177215189874 0
7030 234.1772151898745 376.5822784810126 0
7031 234.1772151898745 379.7468354430379 0
7032 234.1772151898745 382.9113924050634 0
7033 234.1772151898745 386.0759493670885 0
7034 234.1772151898745 389.2405063291138 0
7035 234.1772151898745 392.4050632911391 0
7036 234.1772151898745 395.5696202531644 0
7037 234.1772151898745 398.7341772151898 0
7038 234.1772151898745 401.8987341772152 0
7039 234.1772151898745 405.0632911392405 0
7040 234.1772151898744 408.2278481012657 0
7041 234.1772151898745 411.3924050632911 0
7042 234.1772151898745 414.5569620253165 0
7043 234.1772151898745 417.7215189873417 0
7044 234.1772151898745 420.886075949367 0
7045 234.1772151898745 424.0506329113923 0
7046 234.1772151898745 427.2151898734177 0
7047 234.1772151898745 430.379746835443 0
7048 234.1772151898745 433.5443037974683 0
7049 234.1772151898744 436.7088607594936 0
7050 234.1772151898745 439.8734177215189 0
7051 234.1772151898744 443.0379746835443 0
7052 234.1772151898745 446.2025316455698 0
7053 234.1772151898745 449.367088607595 0
7054 234.1772151898744 452.53164556962 0
7055 234.1772151898745 455.6962025316455 0
7056 234.1772151898745 458.8607594936709 0
7057 234.1772151898745 462.0253164556961 0
7058 234.1772151898745 465.1898734177215 0
7059 234.1772151898745 468.3544303797468 0
7060 234.1772151898744 471.5189873417721 0
7061 234.1772151898745 474.6835443037974 0
7062 234.1772151898745 477.8481012658229 0
7063 234.1772151898745 481.0126582278481 0
7064 234.1772151898744 484.1772151898734 0
7065 234.1772151898745 487.3417721518986 0
7066 234.1772151898745 490.506329113924 0
7067 234.1772151898744 493.6708860759494 0
7068 234.1772151898744 496.8354430379747 0
7069 237.3417721518996 253.1645569620253 0
7070 237.3417721518996 256.3291139240506 0
7071 237.3417721518995 259.493670886076 0
7072 237.3417721518996 262.6582278481011 0
7073 237.3417721518996 265.8227848101266 0
7074 237.3417721518996 268.9873417721519 0
7075 237.3417721518996 272.1518987341771 0
7076 237.3417721518996 275.3164556962025 0
7077 237.3417721518996 278.4810126582277 0
7078 237.3417721518996 281.6455696202532 0
7079 237.3417721518996 284.8101265822783 0
7080 237.3417721518995 287.9746835443037 0
7081 237.3417721518995 291.1392405063291 0
7082 237.3417721518995 294.3037974683543 0
7083 237.3417721518996 297.4683544303797 0
7084 237.3417721518996 300.6329113924049 0
7085 237.3417721518996 303.7974683544303 0
7086 237.3417721518995 306.9620253164554 0
7087 237.3417721518995 310.1265822784808 0
7088 237.3417721518996 313.2911392405061 0
7089 237.3417721518996 316.4556962025316 0
7090 237.3417721518996 319.6202531645568 0
7091 237.3417721518996 322.7848101265821 0
7092 237.3417721518995 325.9493670886075 0
7093 237.3417721518996 329.1139240506328 0
7094 237.3417721518996 332.2784810126581 0
7095 237.3417721518996 335.4430379746834 0
7096 237.3417721518996 338.6075949367088 0
7097 237.3417721518996 341.772151898734 0
7098 237.3417721518995 344.9367088607593 0
7099 237.3417721518995 348.1012658227847 0
7100 237.3417721518995 351.26582278481 0
7101 237.3417721518996 354.4303797468353 0
7102 237.3417721518996 357.5949367088606 0
7103 237.3417721518996 360.759493670886 0
7104 237.3417721518995 363.9240506329114 0
7105 237.3417721518996 367.0886075949367 0
7106 237.3417721518995 370.2531645569619 0
7107 237.3417721518995 373.4177215189873 0
7108 237.3417721518995 376.5822784810126 0
7109 237.3417721518996 379.746835443038 0
7110 237.3417721518996 382.9113924050634 0
7111 237.3417721518996 386.0759493670886 0
7112 237.3417721518996 389.2405063291138 0
7113 237.3417721518995 392.4050632911391 0
7114 237.3417721518996 395.5696202531644 0
7115 237.3417721518995 398.7341772151898 0
7116 237.3417721518996 401.8987341772152 0
7117 237.3417721518996 405.0632911392405 0
7118 237.3417721518995 408.2278481012657 0
7119 237.3417721518996 411.3924050632911 0
7120 237.3417721518996 414.5569620253164 0
7121 237.3417721518996 417.7215189873417 0
7122 237.3417721518996 420.886075949367 0
7123 237.3417721518995 424.0506329113923 0
7124 237.3417721518996 427.2151898734177 0
7125 237.3417721518995 430.3797468354429 0
7126 237.3417721518996 433.5443037974683 0
7127 237.3417721518996 436.7088607594936 0
7128 237.3417721518996 439.8734177215189 0
7129 237.3417721518996 443.0379746835443 0
7130 237.3417721518995 446.2025316455697 0
7131 237.3417721518995 449.3670886075949 0
7132 237.3417721518995 452.5316455696201 0
7133 237.3417721518996 455.6962025316455 0
7134 237.3417721518996 458.8607594936709 0
7135 237.3417721518996 462.0253164556961 0
7136 237.3417721518996 465.1898734177215 0
7137 237.3417721518996 468.3544303797469 0
7138 237.3417721518996 471.5189873417721 0
7139 237.3417721518996 474.6835443037974 0
7140 237.3417721518996 477.8481012658229 0
7141 237.3417721518996 481.0126582278481 0
7142 237.3417721518996 484.1772151898734 0
7143 237.3417721518996 487.3417721518986 0
7144 237.3417721518996 490.506329113924 0
7145 237.3417721518996 493.6708860759494 0
7146 237.3417721518996 496.8354430379747 0
7147 240.5063291139246 253.1645569620253 0
7148 240.5063291139247 256.3291139240506 0
7149 240.5063291139247 259.493670886076 0
7150 240.5063291139246 262.6582278481011 0
7151 240.5063291139247 265.8227848101266 0
7152 240.5063291139247 268.9873417721519 0
7153 240.5063291139247 272.1518987341771 0
7154 240.5063291139246 275.3164556962025 0
7155 240.5063291139247 278.4810126582278 0
7156 240.5063291139247 281.6455696202531 0
7157 240.5063291139247 284.8101265822783 0
7158 240.5063291139247 287.9746835443037 0
7159 240.5063291139247 291.1392405063291 0
7160 240.5063291139247 294.3037974683543 0
7161 240.5063291139247 297.4683544303797 0
7162 240.5063291139247 300.6329113924051 0
7163 240.5063291139247 303.7974683544302 0
7164 240.5063291139246 306.9620253164554 0
7165 240.5063291139247 310.1265822784808 0
7166 240.5063291139247 313.2911392405062 0
7167 240.5063291139247 316.4556962025315 0
7168 240.5063291139246 319.6202531645569 0
7169 240.5063291139247 322.7848101265821 0
7170 240.5063291139246 325.9493670886074 0
7171 240.5063291139246 329.1139240506328 0
7172 240.5063291139247 332.278481012658 0
7173 240.5063291139247 335.4430379746834 0
7174 240.5063291139247 338.6075949367087 0
7175 240.5063291139247 341.7721518987341 0
7176 240.5063291139247 344.9367088607596 0
7177 240.5063291139246 348.1012658227847 0
7178 240.5063291139247 351.26582278481 0
7179 240.5063291139247 354.4303797468353 0
7180 240.5063291139247 357.5949367088607 0
7181 240.5063291139247 360.7594936708859 0
7182 240.5063291139247 363.9240506329113 0
7183 240.5063291139247 367.0886075949367 0
7184 240.5063291139246 370.2531645569618 0
7185 240.5063291139247 373.4177215189873 0
7186 240.5063291139247 376.5822784810126 0
7187 240.5063291139247 379.7468354430379 0
7188 240.5063291139247 382.9113924050632 0
7189 240.5063291139247 386.0759493670885 0
7190 240.5063291139247 389.2405063291139 0
7191 240.5063291139247 392.4050632911391 0
7192 240.5063291139247 395.5696202531644 0
7193 240.5063291139247 398.7341772151898 0
7194 240.5063291139246 401.8987341772151 0
7195 240.5063291139247 405.0632911392404 0
7196 240.5063291139247 408.2278481012657 0
7197 240.5063291139247 411.3924050632911 0
7198 240.5063291139247 414.5569620253164 0
7199 240.5063291139247 417.7215189873417 0
7200 240.5063291139247 420.886075949367 0
7201 240.5063291139246 424.0506329113923 0
7202 240.5063291139247 427.2151898734177 0
7203 240.5063291139247 430.3797468354429 0
7204 240.5063291139247 433.5443037974684 0
7205 240.5063291139247 436.7088607594936 0
7206 240.5063291139247 439.8734177215189 0
7207 240.5063291139247 443.0379746835443 0
7208 240.5063291139246 446.2025316455696 0
7209 240.5063291139247 449.367088607595 0
7210 240.5063291139247 452.5316455696202 0
7211 240.5063291139247 455.6962025316455 0
7212 240.5063291139247 458.8607594936709 0
7213 240.5063291139247 462.0253164556962 0
7214 240.5063291139247 465.1898734177214 0
7215 240.5063291139246 468.3544303797468 0
7216 240.5063291139247 471.5189873417721 0
7217 240.5063291139247 474.6835443037975 0
7218 240.5063291139247 477.8481012658228 0
7219 240.5063291139247 481.0126582278481 0
7220 240.5063291139247 484.1772151898734 0
7221 240.5063291139247 487.3417721518986 0
7222 240.5063291139246 490.506329113924 0
7223 240.5063291139247 493.6708860759494 0
7224 240.5063291139247 496.8354430379748 0
7225 243.6708860759498 253.1645569620253 0
7226 243.6708860759498 256.3291139240506 0
7227 243.6708860759498 259.493670886076 0
7228 243.6708860759498 262.6582278481011 0
7229 243.6708860759497 265.8227848101266 0
7230 243.6708860759498 268.987341772152 0
7231 243.6708860759498 272.1518987341772 0
7232 243.6708860759497 275.3164556962026 0
7233 243.6708860759498 278.4810126582277 0
7234 243.6708860759498 281.6455696202532 0
7235 243.6708860759497 284.8101265822784 0
7236 243.6708860759499 287.9746835443037 0
7237 243.6708860759498 291.1392405063291 0
7238 243.6708860759498 294.3037974683543 0
7239 243.6708860759498 297.4683544303797 0
7240 243.6708860759497 300.6329113924048 0
7241 243.6708860759498 303.7974683544302 0
7242 243.6708860759498 306.9620253164554 0
7243 243.6708860759497 310.1265822784808 0
7244 243.6708860759498 313.2911392405061 0
7245 243.6708860759498 316.4556962025315 0
7246 243.6708860759498 319.6202531645568 0
7247 243.6708860759498 322.7848101265821 0
7248 243.6708860759498 325.9493670886074 0
7249 243.6708860759497 329.1139240506327 0
7250 243.6708860759498 332.278481012658 0
7251 243.6708860759498 335.4430379746834 0
7252 243.6708860759498 338.6075949367087 0
7253 243.6708860759497 341.772151898734 0
7254 243.6708860759498 344.9367088607593 0
7255 243.6708860759498 348.1012658227847 0
7256 243.6708860759498 351.26582278481 0
7257 243.6708860759498 354.4303797468353 0
7258 243.6708860759498 357.5949367088606 0
7259 243.6708860759498 360.7594936708859 0
7260 243.6708860759497 363.9240506329114 0
7261 243.6708860759498 367.0886075949367 0
7262 243.6708860759498 370.2531645569619 0
7263 243.6708860759498 373.4177215189873 0
7264 243.6708860759498 376.5822784810126 0
7265 243.6708860759498 379.7468354430379 0
7266 243.6708860759498 382.9113924050634 0
7267 243.6708860759498 386.0759493670885 0
7268 243.6708860759498 389.2405063291138 0
7269 243.6708860759498 392.405063291139 0
7270 243.6708860759498 395.5696202531644 0
7271 243.6708860759498 398.7341772151898 0
7272 243.6708860759498 401.8987341772151 0
7273 243.6708860759498 405.0632911392404 0
7274 243.6708860759497 408.2278481012657 0
7275 243.6708860759498 411.3924050632911 0
7276 243.6708860759498 414.5569620253163 0
7277 243.6708860759498 417.7215189873417 0
7278 243.6708860759498 420.886075949367 0
7279 243.6708860759498 424.0506329113923 0
7280 243.6708860759498 427.2151898734177 0
7281 243.6708860759498 430.379746835443 0
7282 243.6708860759498 433.5443037974683 0
7283 243.6708860759498 436.7088607594936 0
7284 243.6708860759498 439.8734177215189 0
7285 243.6708860759498 443.0379746835443 0
7286 243.6708860759498 446.2025316455696 0
7287 243.6708860759498 449.3670886075949 0
7288 243.6708860759498 452.5316455696201 0
7289 243.6708860759498 455.6962025316455 0
7290 243.6708860759498 458.8607594936709 0
7291 243.6708860759498 462.0253164556961 0
7292 243.6708860759498 465.1898734177214 0
7293 243.6708860759498 468.354430379747 0
7294 243.6708860759498 471.5189873417721 0
7295 243.6708860759498 474.6835443037975 0
7296 243.6708860759498 477.8481012658228 0
7297 243.6708860759498 481.0126582278481 0
7298 243.6708860759498 484.1772151898734 0
7299 243.6708860759498 487.3417721518986 0
7300 243.6708860759498 490.506329113924 0
7301 243.6708860759498 493.6708860759494 0
7302 243.6708860759498 496.8354430379747 0
7303 246.8354430379749 253.1645569620253 0
7304 246.8354430379749 256.3291139240506 0
7305 246.8354430379749 259.493670886076 0
7306 246.8354430379749 262.6582278481011 0
7307 246.835443037975 265.8227848101265 0
7308 246.8354430379749 268.987341772152 0
7309 246.835443037975 272.1518987341771 0
7310 246.8354430379749 275.3164556962026 0
7311 246.8354430379749 278.4810126582277 0
7312 246.8354430379749 281.6455696202532 0
7313 246.8354430379749 284.8101265822783 0
7314 246.835443037975 287.9746835443037 0
7315 246.8354430379749 291.139240506329 0
7316 246.8354430379749 294.3037974683543 0
7317 246.835443037975 297.4683544303797 0
7318 246.8354430379749 300.6329113924049 0
7319 246.8354430379749 303.7974683544303 0
7320 246.8354430379749 306.9620253164555 0
7321 246.8354430379749 310.1265822784809 0
7322 246.8354430379749 313.2911392405062 0
7323 246.835443037975 316.4556962025315 0
7324 246.8354430379749 319.6202531645568 0
7325 246.8354430379749 322.7848101265822 0
7326 246.8354430379749 325.9493670886074 0
7327 246.8354430379749 329.1139240506328 0
7328 246.8354430379749 332.2784810126579 0
7329 246.8354430379749 335.4430379746834 0
7330 246.835443037975 338.6075949367087 0
7331 246.835443037975 341.772151898734 0
7332 246.8354430379749 344.9367088607595 0
7333 246.835443037975 348.1012658227847 0
7334 246.8354430379749 351.26582278481 0
7335 246.835443037975 354.4303797468353 0
7336 246.835443037975 357.5949367088606 0
7337 246.8354430379749 360.7594936708859 0
7338 246.8354430379749 363.9240506329114 0
7339 246.8354430379749 367.0886075949366 0
7340 246.8354430379749 370.2531645569619 0
7341 246.8354430379749 373.4177215189873 0
7342 246.8354430379749 376.5822784810126 0
7343 246.8354430379749 379.7468354430379 0
7344 246.8354430379748 382.9113924050631 0
7345 246.8354430379749 386.0759493670885 0
7346 246.8354430379748 389.2405063291138 0
7347 246.8354430379749 392.4050632911391 0
7348 246.835443037975 395.5696202531644 0
7349 246.8354430379749 398.7341772151898 0
7350 246.8354430379749 401.8987341772152 0
7351 246.8354430379749 405.0632911392405 0
7352 246.8354430379749 408.2278481012657 0
7353 246.8354430379749 411.3924050632911 0
7354 246.8354430379749 414.5569620253164 0
7355 246.8354430379749 417.7215189873417 0
7356 246.8354430379749 420.886075949367 0
7357 246.8354430379748 424.0506329113923 0
7358 246.835443037975 427.2151898734177 0
7359 246.8354430379748 430.3797468354429 0
7360 246.8354430379749 433.5443037974683 0
7361 246.8354430379749 436.7088607594936 0
7362 246.8354430379749 439.873417721519 0
7363 246.8354430379749 443.0379746835443 0
7364 246.8354430379749 446.2025316455696 0
7365 246.8354430379749 449.3670886075949 0
7366 246.8354430379749 452.5316455696201 0
7367 246.8354430379749 455.6962025316455 0
7368 246.8354430379749 458.8607594936709 0
7369 246.8354430379749 462.0253164556961 0
7370 246.835443037975 465.1898734177214 0
7371 246.835443037975 468.3544303797468 0
7372 246.8354430379749 471.5189873417721 0
7373 246.8354430379749 474.6835443037974 0
7374 246.8354430379749 477.8481012658228 0
7375 246.8354430379748 481.0126582278481 0
7376 246.8354430379749 484.1772151898734 0
7377 246.8354430379749 487.3417721518986 0
7378 246.8354430379748 490.506329113924 0
7379 246.8354430379749 493.6708860759494 0
7380 246.8354430379749 496.8354430379747 0
7381 254.9604678094013 253.1645569620253 0
7382 254.9604678027073 256.3291139240506 0
7383 254.9604677960131 259.493670886076 0
7384 254.9604677893191 262.6582278481012 0
7385 254.960467782625 265.8227848101266 0
7386 254.9604677759309 268.9873417721518 0
7387 254.9604677692369 272.1518987341772 0
7388 254.9604677625428 275.3164556962025 0
7389 254.9604677558487 278.4810126582278 0
7390 254.9604677491547 281.6455696202531 0
7391 254.9604677424607 284.8101265822784 0
7392 254.9604677357666 287.9746835443037 0
7393 254.9604677290725 291.1392405063289 0
7394 254.9604677223784 294.3037974683543 0
7395 254.9604677156844 297.4683544303796 0
7396 254.9604677089903 300.6329113924049 0
7397 254.9604677022962 303.7974683544302 0
7398 254.9604676956022 306.9620253164555 0
7399 254.9604676889081 310.1265822784808 0
7400 254.960467682214 313.2911392405061 0
7401 254.96046767552 316.4556962025315 0
7402 254.9604676688259 319.6202531645567 0
7403 254.9604676621318 322.7848101265822 0
7404 254.9604676554378 325.9493670886075 0
7405 254.9604676487437 329.1139240506328 0
7406 254.9604676420496 332.2784810126581 0
7407 254.9604676353556 335.4430379746834 0
7408 254.9604676286615 338.6075949367088 0
7409 254.9604676219675 341.772151898734 0
7410 254.9604676152733 344.9367088607594 0
7411 254.9604676085793 348.1012658227847 0
7412 254.9604676018853 351.26582278481 0
7413 254.9604675951912 354.4303797468353 0
7414 254.9604675884972 357.5949367088606 0
7415 254.960467581803 360.7594936708859 0
7416 254.960467575109 363.9240506329113 0
7417 254.9604675684149 367.0886075949367 0
7418 254.9604675617209 370.2531645569619 0
7419 254.9604675550267 373.4177215189873 0
7420 254.9604675483326 376.5822784810125 0
7421 254.9604675416386 379.7468354430379 0
7422 254.9604675349445 382.9113924050632 0
7423 254.9604675282505 386.0759493670885 0
7424 254.9604675215564 389.2405063291138 0
7425 254.9604675148624 392.4050632911392 0
7426 254.9604675081683 395.5696202531644 0
7427 254.9604675014743 398.7341772151898 0
7428 254.9604674947802 401.8987341772151 0
7429 254.9604674880861 405.0632911392403 0
7430 254.960467481392 408.2278481012658 0
7431 254.960467474698 411.392405063291 0
7432 254.9604674680039 414.5569620253163 0
7433 254.9604674613099 417.7215189873418 0
7434 254.9604674546158 420.8860759493671 0
7435 254.9604674479216 424.0506329113923 0
7436 254.9604674412277 427.2151898734177 0
7437 254.9604674345335 430.379746835443 0
7438 254.9604674278395 433.5443037974683 0
7439 254.9604674211454 436.7088607594936 0
7440 254.9604674144514 439.8734177215188 0
7441 254.9604674077573 443.0379746835443 0
7442 254.9604674010633 446.2025316455696 0
7443 254.9604673943692 449.3670886075948 0
7444 254.9604673876752 452.5316455696203 0
7445 254.960467380981 455.6962025316456 0
7446 254.9604673742869 458.8607594936709 0
7447 254.9604673675929 462.0253164556962 0
7448 254.9604673608989 465.1898734177215 0
7449 254.9604673542047 468.3544303797469 0
7450 254.9604673475107 471.5189873417721 0
7451 254.9604673408166 474.6835443037975 0
7452 254.9604673341226 477.8481012658227 0
7453 254.9604673274285 481.0126582278481 0
7454 254.9604673207345 484.1772151898734 0
7455 254.9604673140404 487.3417721518987 0
7456 254.9604673073463 490.5063291139241 0
7457 254.9604673006522 493.6708860759494 0
7458 254.9604672939582 496.8354430379748 0
7459 261.3098661210845 253.1645569620253 0
7460 261.3098661139038 256.3291139240506 0
7461 261.3098661067232 259.4936708860759 0
7462 261.3098660995427 262.6582278481012 0
7463 261.3098660923619 265.8227848101266 0
7464 261.3098660851813 268.9873417721519 0
7465 261.3098660780006 272.1518987341772 0
7466 261.30986607082 275.3164556962025 0
7467 261.3098660636393 278.4810126582278 0
7468 261.3098660564586 281.6455696202531 0
7469 261.309866049278 284.8101265822784 0
7470 261.3098660420974 287.9746835443037 0
7471 261.3098660349167 291.139240506329 0
7472 261.309866027736 294.3037974683543 0
7473 261.3098660205553 297.4683544303796 0
7474 261.3098660133747 300.6329113924049 0
7475 261.3098660061941 303.7974683544302 0
7476 261.3098659990133 306.9620253164555 0
7477 261.3098659918329 310.1265822784808 0
7478 261.3098659846522 313.2911392405061 0
7479 261.3098659774716 316.4556962025315 0
7480 261.3098659702908 319.6202531645568 0
7481 261.3098659631102 322.7848101265821 0
7482 261.3098659559295 325.9493670886075 0
7483 261.3098659487489 329.1139240506328 0
7484 261.3098659415682 332.2784810126581 0
7485 261.3098659343875 335.4430379746834 0
7486 261.3098659272069 338.6075949367088 0
7487 261.3098659200263 341.772151898734 0
7488 261.3098659128456 344.9367088607594 0
7489 261.3098659056649 348.1012658227847 0
7490 261.3098658984843 351.26582278481 0
7491 261.3098658913036 354.4303797468353 0
7492 261.3098658841229 357.5949367088606 0
7493 261.3098658769424 360.7594936708859 0
7494 261.3098658697617 363.9240506329113 0
7495 261.309865862581 367.0886075949365 0
7496 261.3098658554003 370.2531645569619 0
7497 261.3098658482197 373.4177215189873 0
7498 261.309865841039 376.5822784810126 0
7499 261.3098658338583 379.7468354430379 0
7500 261.3098658266778 382.9113924050632 0
7501 261.3098658194971 386.0759493670885 0
7502 261.3098658123164 389.2405063291138 0
7503 261.3098658051357 392.4050632911392 0
7504 261.3098657979551 395.5696202531644 0
7505 261.3098657907744 398.7341772151898 0
7506 261.3098657835939 401.8987341772151 0
7507 261.3098657764132 405.0632911392405 0
7508 261.3098657692325 408.2278481012657 0
7509 261.3098657620518 411.392405063291 0
7510 261.3098657548711 414.5569620253164 0
7511 261.3098657476905 417.7215189873417 0
7512 261.3098657405098 420.8860759493671 0
7513 261.3098657333293 424.0506329113923 0
7514 261.3098657261486 427.2151898734177 0
7515 261.3098657189679 430.379746835443 0
7516 261.3098657117872 433.5443037974683 0
7517 261.3098657046066 436.7088607594936 0
7518 261.3098656974259 439.8734177215189 0
7519 261.3098656902454 443.0379746835443 0
7520 261.3098656830647 446.2025316455696 0
7521 261.309865675884 449.3670886075948 0
7522 261.3098656687033 452.5316455696203 0
7523 261.3098656615227 455.6962025316456 0
7524 261.309865654342 458.8607594936709 0
7525 261.3098656471614 462.0253164556962 0
7526 261.3098656399808 465.1898734177215 0
7527 261.3098656328001 468.3544303797469 0
7528 261.3098656256194 471.5189873417721 0
7529 261.3098656184388 474.6835443037975 0
7530 261.3098656112581 477.8481012658228 0
7531 261.3098656040775 481.0126582278481 0
7532 261.3098655968968 484.1772151898734 0
7533 261.3098655897162 487.3417721518987 0
7534 261.3098655825355 490.506329113924 0
7535 261.3098655753549 493.6708860759494 0
7536 261.3098655681742 496.8354430379747 0
7537 269.4370961223899 253.1645569620253 0
7538 269.4370961137765 256.3291139240506 0
7539 269.4370961051633 259.4936708860759 0
7540 269.4370960965499 262.6582278481012 0
7541 269.4370960879364 265.8227848101265 0
7542 269.4370960793232 268.9873417721519 0
7543 269.4370960707098 272.1518987341772 0
7544 269.4370960620966 275.3164556962025 0
7545 269.4370960534832 278.4810126582278 0
7546 269.4370960448699 281.6455696202531 0
7547 269.4370960362566 284.8101265822784 0
7548 269.4370960276432 287.9746835443037 0
7549 269.4370960190299 291.139240506329 0
7550 269.4370960104166 294.3037974683543 0
7551 269.4370960018034 297.4683544303797 0
7552 269.4370959931901 300.6329113924049 0
7553 269.4370959845767 303.7974683544303 0
7554 269.4370959759635 306.9620253164555 0
7555 269.4370959673501 310.1265822784808 0
7556 269.4370959587368 313.2911392405061 0
7557 269.4370959501234 316.4556962025314 0
7558 269.4370959415101 319.6202531645569 0
7559 269.4370959328969 322.7848101265821 0
7560 269.4370959242835 325.9493670886075 0
7561 269.4370959156702 329.1139240506328 0
7562 269.4370959070569 332.2784810126581 0
7563 269.4370958984435 335.4430379746834 0
7564 269.4370958898303 338.6075949367087 0
7565 269.4370958812169 341.772151898734 0
7566 269.4370958726036 344.9367088607594 0
7567 269.4370958639904 348.1012658227847 0
7568 269.437095855377 351.26582278481 0
7569 269.4370958467637 354.4303797468353 0
7570 269.4370958381503 357.5949367088607 0
7571 269.4370958295371 360.7594936708859 0
7572 269.4370958209237 363.9240506329113 0
7573 269.4370958123105 367.0886075949365 0
7574 269.437095803697 370.2531645569619 0
7575 269.4370957950838 373.4177215189873 0
7576 269.4370957864705 376.5822784810125 0
7577 269.4370957778572 379.7468354430379 0
7578 269.4370957692439 382.9113924050632 0
7579 269.4370957606305 386.0759493670885 0
7580 269.4370957520172 389.2405063291138 0
7581 269.437095743404 392.4050632911392 0
7582 269.4370957347906 395.5696202531644 0
7583 269.4370957261773 398.7341772151898 0
7584 269.437095717564 401.8987341772151 0
7585 269.4370957089507 405.0632911392404 0
7586 269.4370957003374 408.2278481012657 0
7587 269.437095691724 411.3924050632912 0
7588 269.4370956831107 414.5569620253163 0
7589 269.4370956744974 417.7215189873417 0
7590 269.4370956658841 420.8860759493671 0
7591 269.4370956572708 424.0506329113923 0
7592 269.4370956486575 427.2151898734177 0
7593 269.4370956400442 430.3797468354431 0
7594 269.4370956314309 433.5443037974683 0
7595 269.4370956228176 436.7088607594936 0
7596 269.4370956142042 439.8734177215189 0
7597 269.437095605591 443.0379746835444 0
7598 269.4370955969776 446.2025316455696 0
7599 269.4370955883643 449.367088607595 0
7600 269.437095579751 452.5316455696202 0
7601 269.4370955711377 455.6962025316456 0
7602 269.4370955625243 458.8607594936708 0
7603 269.437095553911 462.0253164556962 0
7604 269.4370955452977 465.1898734177215 0
7605 269.4370955366844 468.3544303797468 0
7606 269.437095528071 471.5189873417721 0
7607 269.4370955194578 474.6835443037975 0
7608 269.4370955108445 477.8481012658227 0
7609 269.4370955022311 481.0126582278481 0
7610 269.4370954936178 484.1772151898734 0
7611 269.4370954850045 487.3417721518986 0
7612 269.4370954763912 490.506329113924 0
7613 269.4370954677779 493.6708860759493 0
7614 269.4370954591646 496.8354430379747 0
7615 279.8399509688024 253.1645569620253 0
7616 279.8399509592841 256.3291139240506 0
7617 279.8399509497658 259.4936708860759 0
7618 279.8399509402475 262.6582278481012 0
7619 279.8399509307291 265.8227848101265 0
7620 279.8399509212109 268.9873417721519 0
7621 279.8399509116926 272.1518987341772 0
7622 279.8399509021741 275.3164556962025 0
7623 279.8399508926557 278.4810126582278 0
7624 279.8399508831375 281.645569620253 0
7625 279.8399508736192 284.8101265822784 0
7626 279.8399508641009 287.9746835443037 0
7627 279.8399508545825 291.139240506329 0
7628 279.8399508450642 294.3037974683543 0
7629 279.8399508355458 297.4683544303797 0
7630 279.8399508260275 300.6329113924049 0
7631 279.8399508165091 303.7974683544303 0
7632 279.839950806991 306.9620253164555 0
7633 279.8399507974725 310.126582278481 0
7634 279.8399507879543 313.2911392405061 0
7635 279.8399507784359 316.4556962025315 0
7636 279.8399507689176 319.6202531645568 0
7637 279.8399507593993 322.7848101265821 0
7638 279.839950749881 325.9493670886075 0
7639 279.8399507403627 329.1139240506328 0
7640 279.8399507308444 332.2784810126581 0
7641 279.839950721326 335.4430379746834 0
7642 279.8399507118077 338.6075949367087 0
7643 279.8399507022894 341.772151898734 0
7644 279.839950692771 344.9367088607594 0
7645 279.8399506832527 348.1012658227847 0
7646 279.8399506737343 351.26582278481 0
7647 279.8399506642161 354.4303797468353 0
7648 279.8399506546977 357.5949367088608 0
7649 279.8399506451795 360.7594936708859 0
7650 279.839950635661 363.9240506329113 0
7651 279.8399506261428 367.0886075949367 0
7652 279.8399506166245 370.2531645569619 0
7653 279.8399506071061 373.4177215189873 0
7654 279.8399505975878 376.5822784810126 0
7655 279.8399505880695 379.7468354430379 0
7656 279.8399505785511 382.9113924050632 0
7657 279.8399505690329 386.0759493670885 0
7658 279.8399505595145 389.2405063291138 0
7659 279.8399505499962 392.4050632911392 0
7660 279.8399505404778 395.5696202531644 0
7661 279.8399505309595 398.7341772151897 0
7662 279.8399505214412 401.8987341772151 0
7663 279.8399505119228 405.0632911392404 0
7664 279.8399505024046 408.2278481012658 0
7665 279.8399504928862 411.3924050632912 0
7666 279.8399504833678 414.5569620253163 0
7667 279.8399504738496 417.7215189873417 0
7668 279.8399504643312 420.8860759493671 0
7669 279.8399504548129 424.0506329113923 0
7670 279.8399504452946 427.2151898734177 0
7671 279.8399504357763 430.379746835443 0
7672 279.839950426258 433.5443037974683 0
7673 279.8399504167397 436.7088607594936 0
7674 279.8399504072214 439.8734177215189 0
7675 279.839950397703 443.0379746835442 0
7676 279.8399503881847 446.2025316455696 0
7677 279.8399503786664 449.3670886075949 0
7678 279.839950369148 452.5316455696202 0
7679 279.8399503596298 455.6962025316456 0
7680 279.8399503501113 458.8607594936708 0
7681 279.839950340593 462.0253164556962 0
7682 279.8399503310747 465.1898734177215 0
7683 279.8399503215563 468.3544303797469 0
7684 279.8399503120381 471.5189873417721 0
7685 279.8399503025198 474.6835443037975 0
7686 279.8399502930014 477.8481012658228 0
7687 279.8399502834831 481.0126582278481 0
7688 279.8399502739647 484.1772151898734 0
7689 279.8399502644464 487.3417721518986 0
7690 279.8399502549281 490.506329113924 0
7691 279.8399502454097 493.6708860759494 0
7692 279.8399502358914 496.8354430379747 0
7693 293.1556050189745 253.1645569620253 0
7694 293.1556050087196 256.3291139240507 0
7695 293.1556049984647 259.4936708860759 0
7696 293.1556049882099 262.6582278481012 0
7697 293.155604977955 265.8227848101266 0
7698 293.1556049677002 268.9873417721519 0
7699 293.1556049574453 272.1518987341772 0
7700 293.1556049471906 275.3164556962025 0
7701 293.1556049369357 278.4810126582278 0
7702 293.1556049266808 281.6455696202531 0
7703 293.1556049164259 284.8101265822784 0
7704 293.1556049061709 287.9746835443037 0
7705 293.1556048959161 291.139240506329 0
7706 293.1556048856613 294.3037974683543 0
7707 293.1556048754064 297.4683544303796 0
7708 293.1556048651516 300.6329113924049 0
7709 293.1556048548968 303.7974683544302 0
7710 293.1556048446419 306.9620253164555 0
7711 293.155604834387 310.1265822784808 0
7712 293.1556048241322 313.2911392405061 0
7713 293.1556048138773 316.4556962025315 0
7714 293.1556048036225 319.6202531645568 0
7715 293.1556047933676 322.7848101265821 0
7716 293.1556047831127 325.9493670886075 0
7717 293.1556047728578 329.1139240506328 0
7718 293.155604762603 332.2784810126581 0
7719 293.1556047523483 335.4430379746834 0
7720 293.1556047420934 338.6075949367087 0
7721 293.1556047318385 341.772151898734 0
7722 293.1556047215837 344.9367088607594 0
7723 293.1556047113288 348.1012658227847 0
7724 293.1556047010739 351.26582278481 0
7725 293.155604690819 354.4303797468353 0
7726 293.1556046805642 357.5949367088606 0
7727 293.1556046703093 360.7594936708859 0
7728 293.1556046600545 363.9240506329113 0
7729 293.1556046497996 367.0886075949365 0
7730 293.1556046395448 370.2531645569619 0
7731 293.1556046292899 373.4177215189873 0
7732 293.1556046190351 376.5822784810126 0
7733 293.1556046087802 379.7468354430379 0
7734 293.1556045985254 382.9113924050632 0
7735 293.1556045882704 386.0759493670885 0
7736 293.1556045780156 389.2405063291138 0
7737 293.1556045677607 392.4050632911392 0
7738 293.155604557506 395.5696202531644 0
7739 293.1556045472511 398.7341772151898 0
7740 293.1556045369961 401.8987341772151 0
7741 293.1556045267413 405.0632911392405 0
7742 293.1556045164865 408.2278481012657 0
7743 293.1556045062316 411.3924050632912 0
7744 293.1556044959768 414.5569620253164 0
7745 293.1556044857219 417.7215189873417 0
7746 293.155604475467 420.8860759493671 0
7747 293.1556044652123 424.0506329113923 0
7748 293.1556044549574 427.2151898734177 0
7749 293.1556044447026 430.379746835443 0
7750 293.1556044344476 433.5443037974683 0
7751 293.1556044241928 436.7088607594936 0
7752 293.1556044139379 439.8734177215189 0
7753 293.155604403683 443.0379746835443 0
7754 293.1556043934282 446.2025316455696 0
7755 293.1556043831735 449.3670886075948 0
7756 293.1556043729184 452.5316455696202 0
7757 293.1556043626637 455.6962025316456 0
7758 293.1556043524087 458.8607594936709 0
7759 293.155604342154 462.0253164556962 0
7760 293.1556043318991 465.1898734177215 0
7761 293.1556043216442 468.3544303797469 0
7762 293.1556043113893 471.5189873417721 0
7763 293.1556043011345 474.6835443037975 0
7764 293.1556042908798 477.8481012658228 0
7765 293.1556042806247 481.0126582278481 0
7766 293.15560427037 484.1772151898734 0
7767 293.1556042601151 487.3417721518986 0
7768 293.1556042498602 490.506329113924 0
7769 293.1556042396054 493.6708860759494 0
7770 293.1556042293505 496.8354430379748 0
7771 310.1996419192139 253.1645569620253 0
7772 310.1996419085562 256.3291139240506 0
7773 310.1996418978987 259.4936708860759 0
7774 310.1996418872411 262.6582278481012 0
7775 310.1996418765834 265.8227848101266 0
7776 310.1996418659257 268.9873417721519 0
7777 310.1996418552682 272.1518987341772 0
7778 310.1996418446105 275.3164556962024 0
7779 310.1996418339529 278.4810126582278 0
7780 310.1996418232953 281.6455696202531 0
7781 310.1996418126378 284.8101265822784 0
7782 310.1996418019801 287.9746835443037 0
7783 310.1996417913226 291.139240506329 0
7784 310.1996417806649 294.3037974683543 0
7785 310.1996417700074 297.4683544303796 0
7786 310.1996417593497 300.6329113924049 0
7787 310.199641748692 303.7974683544302 0
7788 310.1996417380345 306.9620253164555 0
7789 310.1996417273768 310.1265822784808 0
7790 310.1996417167192 313.2911392405061 0
7791 310.1996417060617 316.4556962025315 0
7792 310.1996416954041 319.6202531645568 0
7793 310.1996416847464 322.7848101265822 0
7794 310.1996416740888 325.9493670886075 0
7795 310.1996416634313 329.1139240506328 0
7796 310.1996416527736 332.2784810126581 0
7797 310.199641642116 335.4430379746834 0
7798 310.1996416314585 338.6075949367087 0
7799 310.1996416208008 341.772151898734 0
7800 310.1996416101432 344.9367088607594 0
7801 310.1996415994856 348.1012658227846 0
7802 310.1996415888279 351.26582278481 0
7803 310.1996415781703 354.4303797468353 0
7804 310.1996415675128 357.5949367088607 0
7805 310.1996415568551 360.7594936708859 0
7806 310.1996415461975 363.9240506329113 0
7807 310.1996415355399 367.0886075949365 0
7808 310.1996415248822 370.2531645569619 0
7809 310.1996415142246 373.4177215189873 0
7810 310.1996415035671 376.5822784810126 0
7811 310.1996414929094 379.7468354430379 0
7812 310.1996414822518 382.9113924050632 0
7813 310.1996414715943 386.0759493670885 0
7814 310.1996414609366 389.2405063291138 0
7815 310.199641450279 392.4050632911392 0
7816 310.1996414396214 395.5696202531644 0
7817 310.1996414289638 398.7341772151898 0
7818 310.1996414183062 401.8987341772151 0
7819 310.1996414076486 405.0632911392406 0
7820 310.199641396991 408.2278481012657 0
7821 310.1996413863334 411.3924050632911 0
7822 310.1996413756758 414.5569620253164 0
7823 310.1996413650181 417.7215189873417 0
7824 310.1996413543606 420.8860759493671 0
7825 310.199641343703 424.0506329113923 0
7826 310.1996413330453 427.2151898734177 0
7827 310.1996413223877 430.3797468354431 0
7828 310.1996413117301 433.5443037974682 0
7829 310.1996413010725 436.7088607594936 0
7830 310.1996412904148 439.8734177215189 0
7831 310.1996412797573 443.0379746835443 0
7832 310.1996412690996 446.2025316455696 0
7833 310.1996412584421 449.367088607595 0
7834 310.1996412477844 452.5316455696202 0
7835 310.1996412371268 455.6962025316456 0
7836 310.1996412264692 458.8607594936709 0
7837 310.1996412158117 462.0253164556962 0
7838 310.199641205154 465.1898734177215 0
7839 310.1996411944963 468.3544303797469 0
7840 310.1996411838388 471.5189873417721 0
7841 310.1996411731811 474.6835443037975 0
7842 310.1996411625236 477.8481012658227 0
7843 310.199641151866 481.0126582278481 0
7844 310.1996411412083 484.1772151898734 0
7845 310.1996411305507 487.3417721518987 0
7846 310.1996411198932 490.5063291139241 0
7847 310.1996411092354 493.6708860759493 0
7848 310.1996410985779 496.8354430379748 0
7849 332.0160093048075 253.1645569620253 0
7850 332.0160092943258 256.3291139240507 0
7851 332.0160092838438 259.4936708860759 0
7852 332.0160092733619 262.6582278481012 0
7853 332.0160092628799 265.8227848101266 0
7854 332.016009252398 268.9873417721519 0
7855 332.016009241916 272.1518987341772 0
7856 332.0160092314342 275.3164556962025 0
7857 332.0160092209522 278.4810126582278 0
7858 332.0160092104703 281.6455696202531 0
7859 332.0160091999884 284.8101265822784 0
7860 332.0160091895064 287.9746835443037 0
7861 332.0160091790245 291.1392405063291 0
7862 332.0160091685426 294.3037974683543 0
7863 332.0160091580606 297.4683544303796 0
7864 332.0160091475787 300.6329113924049 0
7865 332.0160091370968 303.7974683544302 0
7866 332.0160091266148 306.9620253164555 0
7867 332.016009116133 310.1265822784808 0
7868 332.0160091056511 313.2911392405061 0
7869 332.0160090951691 316.4556962025315 0
7870 332.0160090846871 319.6202531645568 0
7871 332.0160090742053 322.7848101265821 0
7872 332.0160090637235 325.9493670886075 0
7873 332.0160090532414 329.1139240506328 0
7874 332.0160090427595 332.2784810126581 0
7875 332.0160090322776 335.4430379746834 0
7876 332.0160090217957 338.6075949367087 0
7877 332.0160090113137 341.772151898734 0
7878 332.0160090008318 344.9367088607594 0
7879 332.0160089903498 348.1012658227846 0
7880 332.0160089798679 351.26582278481 0
7881 332.016008969386 354.4303797468353 0
7882 332.016008958904 357.5949367088607 0
7883 332.0160089484222 360.7594936708859 0
7884 332.0160089379403 363.9240506329113 0
7885 332.0160089274582 367.0886075949365 0
7886 332.0160089169763 370.2531645569619 0
7887 332.0160089064944 373.4177215189873 0
7888 332.0160088960125 376.5822784810126 0
7889 332.0160088855305 379.7468354430379 0
7890 332.0160088750487 382.9113924050632 0
7891 332.0160088645667 386.0759493670885 0
7892 332.0160088540848 389.2405063291138 0
7893 332.0160088436028 392.4050632911392 0
7894 332.0160088331209 395.5696202531644 0
7895 332.016008822639 398.7341772151898 0
7896 332.0160088121571 401.8987341772151 0
7897 332.0160088016751 405.0632911392403 0
7898 332.0160087911933 408.2278481012657 0
7899 332.0160087807113 411.3924050632911 0
7900 332.0160087702294 414.5569620253164 0
7901 332.0160087597475 417.7215189873417 0
7902 332.0160087492656 420.8860759493671 0
7903 332.0160087387836 424.0506329113923 0
7904 332.0160087283017 427.2151898734177 0
7905 332.0160087178197 430.379746835443 0
7906 332.0160087073378 433.5443037974683 0
7907 332.0160086968559 436.7088607594936 0
7908 332.016008686374 439.873417721519 0
7909 332.016008675892 443.0379746835443 0
7910 332.0160086654101 446.2025316455696 0
7911 332.0160086549282 449.367088607595 0
7912 332.0160086444462 452.5316455696202 0
7913 332.0160086339644 455.6962025316456 0
7914 332.0160086234824 458.8607594936708 0
7915 332.0160086130005 462.0253164556962 0
7916 332.0160086025186 465.1898734177215 0
7917 332.0160085920367 468.3544303797469 0
7918 332.0160085815547 471.5189873417721 0
7919 332.0160085710728 474.6835443037975 0
7920 332.0160085605909 477.8481012658228 0
7921 332.0160085501089 481.0126582278481 0
7922 332.016008539627 484.1772151898734 0
7923 332.0160085291451 487.3417721518987 0
7924 332.0160085186632 490.5063291139241 0
7925 332.0160085081812 493.6708860759495 0
7926 332.0160084976993 496.8354430379746 0
7927 359.9409597553073 253.1645569620253 0
7928 359.9409597459351 256.3291139240506 0
7929 359.9409597365627 259.4936708860759 0
7930 359.9409597271903 262.6582278481012 0
7931 359.9409597178183 265.8227848101266 0
7932 359.9409597084459 268.9873417721519 0
7933 359.9409596990735 272.1518987341772 0
7934 359.9409596897013 275.3164556962025 0
7935 359.9409596803289 278.4810126582278 0
7936 359.9409596709567 281.6455696202531 0
7937 359.9409596615844 284.8101265822784 0
7938 359.9409596522122 287.9746835443037 0
7939 359.9409596428398 291.139240506329 0
7940 359.9409596334675 294.3037974683543 0
7941 359.940959624095 297.4683544303796 0
7942 359.9409596147229 300.6329113924049 0
7943 359.9409596053506 303.7974683544302 0
7944 359.9409595959783 306.9620253164555 0
7945 359.9409595866061 310.1265822784808 0
7946 359.9409595772337 313.2911392405061 0
7947 359.9409595678613 316.4556962025315 0
7948 359.940959558489 319.6202531645568 0
7949 359.9409595491168 322.7848101265821 0
7950 359.9409595397444 325.9493670886075 0
7951 359.9409595303721 329.1139240506328 0
7952 359.9409595209999 332.2784810126581 0
7953 359.9409595116277 335.4430379746834 0
7954 359.9409595022553 338.6075949367087 0
7955 359.9409594928829 341.772151898734 0
7956 359.9409594835107 344.9367088607594 0
7957 359.9409594741384 348.1012658227847 0
7958 359.9409594647662 351.26582278481 0
7959 359.9409594553938 354.4303797468353 0
7960 359.9409594460213 357.5949367088606 0
7961 359.9409594366491 360.7594936708859 0
7962 359.9409594272768 363.9240506329113 0
7963 359.9409594179045 367.0886075949365 0
7964 359.9409594085323 370.2531645569619 0
7965 359.94095939916 373.4177215189873 0
7966 359.9409593897876 376.5822784810126 0
7967 359.9409593804154 379.7468354430379 0
7968 359.9409593710429 382.9113924050632 0
7969 359.9409593616708 386.0759493670885 0
7970 359.9409593522985 389.2405063291138 0
7971 359.9409593429261 392.4050632911392 0
7972 359.9409593335538 395.5696202531644 0
7973 359.9409593241816 398.7341772151898 0
7974 359.9409593148092 401.8987341772151 0
7975 359.940959305437 405.0632911392404 0
7976 359.9409592960646 408.2278481012657 0
7977 359.9409592866923 411.3924050632911 0
7978 359.94095927732 414.5569620253164 0
7979 359.9409592679477 417.7215189873417 0
7980 359.9409592585754 420.8860759493671 0
7981 359.9409592492032 424.0506329113923 0
7982 359.9409592398308 427.2151898734177 0
7983 359.9409592304585 430.379746835443 0
7984 359.9409592210862 433.5443037974683 0
7985 359.940959211714 436.7088607594936 0
7986 359.9409592023417 439.8734177215189 0
7987 359.9409591929693 443.0379746835443 0
7988 359.940959183597 446.2025316455696 0
7989 359.9409591742246 449.367088607595 0
7990 359.9409591648524 452.5316455696202 0
7991 359.9409591554801 455.6962025316456 0
7992 359.9409591461078 458.860759493671 0
7993 359.9409591367355 462.0253164556962 0
7994 359.9409591273632 465.1898734177215 0
7995 359.9409591179909 468.3544303797469 0
7996 359.9409591086187 471.5189873417721 0
7997 359.9409590992464 474.6835443037975 0
7998 359.940959089874 477.8481012658228 0
7999 359.9409590805017 481.0126582278481 0
8000 359.9409590711294 484.1772151898734 0
8001 359.9409590617571 487.3417721518986 0
8002 359.9409590523849 490.506329113924 0
8003 359.9409590430125 493.6708860759494 0
8004 359.9409590336402 496.8354430379746 0
8005 395.6848961184859 253.1645569620253 0
8006 395.6848961116665 256.3291139240506 0
8007 395.684896104847 259.4936708860759 0
8008 395.6848960980275 262.6582278481012 0
8009 395.684896091208 265.8227848101266 0
8010 395.6848960843886 268.9873417721519 0
8011 395.6848960775691 272.1518987341772 0
8012 395.6848960707496 275.3164556962025 0
8013 395.6848960639301 278.4810126582278 0
8014 395.6848960571104 281.6455696202531 0
8015 395.6848960502911 284.8101265822784 0
8016 395.6848960434716 287.9746835443037 0
8017 395.684896036652 291.139240506329 0
8018 395.6848960298325 294.3037974683543 0
8019 395.684896023013 297.4683544303796 0
8020 395.6848960161935 300.6329113924049 0
8021 395.684896009374 303.7974683544302 0
8022 395.6848960025545 306.9620253164555 0
8023 395.684895995735 310.1265822784808 0
8024 395.6848959889155 313.2911392405061 0
8025 395.684895982096 316.4556962025315 0
8026 395.6848959752765 319.6202531645568 0
8027 395.684895968457 322.7848101265821 0
8028 395.6848959616376 325.9493670886075 0
8029 395.684895954818 329.1139240506328 0
8030 395.6848959479986 332.2784810126581 0
8031 395.684895941179 335.4430379746834 0
8032 395.6848959343595 338.6075949367087 0
8033 395.68489592754 341.772151898734 0
8034 395.6848959207205 344.9367088607594 0
8035 395.684895913901 348.1012658227847 0
8036 395.6848959070814 351.26582278481 0
8037 395.684895900262 354.4303797468353 0
8038 395.6848958934426 357.5949367088607 0
8039 395.6848958866229 360.7594936708859 0
8040 395.6848958798035 363.9240506329113 0
8041 395.6848958729839 367.0886075949365 0
8042 395.6848958661644 370.2531645569619 0
8043 395.684895859345 373.4177215189873 0
8044 395.6848958525255 376.5822784810125 0
8045 395.684895845706 379.7468354430379 0
8046 395.6848958388865 382.9113924050632 0
8047 395.684895832067 386.0759493670885 0
8048 395.6848958252475 389.2405063291138 0
8049 395.6848958184279 392.4050632911392 0
8050 395.6848958116084 395.5696202531644 0
8051 395.684895804789 398.7341772151898 0
8052 395.6848957979694 401.8987341772152 0
8053 395.68489579115 405.0632911392404 0
8054 395.6848957843305 408.2278481012657 0
8055 395.6848957775109 411.3924050632911 0
8056 395.6848957706915 414.5569620253164 0
8057 395.684895763872 417.7215189873417 0
8058 395.6848957570524 420.8860759493671 0
8059 395.6848957502331 424.0506329113923 0
8060 395.6848957434134 427.2151898734177 0
8061 395.6848957365941 430.379746835443 0
8062 395.6848957297744 433.5443037974683 0
8063 395.684895722955 436.7088607594936 0
8064 395.6848957161354 439.873417721519 0
8065 395.684895709316 443.0379746835443 0
8066 395.6848957024965 446.2025316455696 0
8067 395.684895695677 449.367088607595 0
8068 395.6848956888575 452.5316455696202 0
8069 395.684895682038 455.6962025316456 0
8070 395.6848956752185 458.8607594936709 0
8071 395.684895668399 462.0253164556962 0
8072 395.6848956615795 465.1898734177215 0
8073 395.68489565476 468.3544303797469 0
8074 395.6848956479406 471.5189873417721 0
8075 395.684895641121 474.6835443037975 0
8076 395.6848956343015 477.8481012658227 0
8077 395.684895627482 481.0126582278481 0
8078 395.6848956206625 484.1772151898734 0
8079 395.684895613843 487.3417721518986 0
8080 395.6848956070234 490.506329113924 0
8081 395.684895600204 493.6708860759494 0
8082 395.6848955933846 496.8354430379747 0
8083 441.4371345753184 253.1645569620253 0
8084 441.437134573216 256.3291139240506 0
8085 441.4371345711136 259.493670886076 0
8086 441.4371345690112 262.6582278481011 0
8087 441.4371345669089 265.8227848101266 0
8088 441.4371345648066 268.9873417721519 0
8089 441.4371345627042 272.1518987341772 0
8090 441.4371345606018 275.3164556962025 0
8091 441.4371345584995 278.4810126582278 0
8092 441.4371345563972 281.6455696202531 0
8093 441.4371345542948 284.8101265822784 0
8094 441.4371345521924 287.9746835443037 0
8095 441.4371345500901 291.139240506329 0
8096 441.4371345479877 294.3037974683543 0
8097 441.4371345458854 297.4683544303796 0
8098 441.4371345437831 300.6329113924049 0
8099 441.4371345416806 303.7974683544302 0
8100 441.4371345395782 306.9620253164555 0
8101 441.4371345374759 310.1265822784808 0
8102 441.4371345353737 313.2911392405061 0
8103 441.4371345332711 316.4556962025315 0
8104 441.4371345311689 319.6202531645568 0
8105 441.4371345290666 322.7848101265821 0
8106 441.4371345269641 325.9493670886074 0
8107 441.4371345248619 329.1139240506328 0
8108 441.4371345227594 332.2784810126581 0
8109 441.437134520657 335.4430379746834 0
8110 441.4371345185547 338.6075949367087 0
8111 441.4371345164524 341.772151898734 0
8112 441.43713451435 344.9367088607594 0
8113 441.4371345122476 348.1012658227847 0
8114 441.4371345101454 351.26582278481 0
8115 441.437134508043 354.4303797468353 0
8116 441.4371345059406 357.5949367088606 0
8117 441.4371345038382 360.7594936708859 0
8118 441.4371345017359 363.9240506329112 0
8119 441.4371344996335 367.0886075949365 0
8120 441.4371344975312 370.2531645569619 0
8121 441.4371344954288 373.4177215189873 0
8122 441.4371344933265 376.5822784810126 0
8123 441.4371344912241 379.7468354430379 0
8124 441.4371344891218 382.9113924050632 0
8125 441.4371344870195 386.0759493670885 0
8126 441.437134484917 389.2405063291138 0
8127 441.4371344828147 392.4050632911392 0
8128 441.4371344807124 395.5696202531644 0
8129 441.4371344786101 398.7341772151898 0
8130 441.4371344765077 401.8987341772151 0
8131 441.4371344744052 405.0632911392404 0
8132 441.437134472303 408.2278481012657 0
8133 441.4371344702005 411.3924050632912 0
8134 441.4371344680981 414.5569620253163 0
8135 441.4371344659958 417.7215189873417 0
8136 441.4371344638935 420.8860759493671 0
8137 441.4371344617909 424.0506329113923 0
8138 441.4371344596887 427.2151898734177 0
8139 441.4371344575865 430.379746835443 0
8140 441.437134455484 433.5443037974683 0
8141 441.4371344533816 436.7088607594936 0
8142 441.4371344512793 439.8734177215189 0
8143 441.4371344491769 443.0379746835443 0
8144 441.4371344470747 446.2025316455696 0
8145 441.4371344449722 449.367088607595 0
8146 441.4371344428699 452.5316455696202 0
8147 441.4371344407676 455.6962025316456 0
8148 441.4371344386651 458.8607594936708 0
8149 441.4371344365629 462.0253164556962 0
8150 441.4371344344605 465.1898734177215 0
8151 441.4371344323582 468.3544303797469 0
8152 441.4371344302557 471.5189873417721 0
8153 441.4371344281534 474.6835443037975 0
8154 441.4371344260511 477.8481012658229 0
8155 441.4371344239487 481.0126582278481 0
8156 441.4371344218463 484.1772151898734 0
8157 441.4371344197439 487.3417721518986 0
8158 441.4371344176416 490.5063291139241 0
8159 441.4371344155393 493.6708860759494 0
8160 441.437134413437 496.8354430379748 0
$EndNodes
$Elements
8227
1 1 2 1 1 1 9
2 1 2 1 1 9 10
3 1 2 1 1 10 11
4 1 2 1 1 11 12
5 1 2 1 1 12 13
6 1 2 1 1 13 14
7 1 2 1 1 14 15
8 1 2 1 1 15 16
9 1 2 1 1 16 17
10 1 2 1 1 17 18
11 1 2 1 1 18 19
12 1 2 1 1 19 20
13 1 2 1 1 20 21
14 1 2 1 1 21 22
15 1 2 1 1 22 23
16 1 2 1 1 23 24
17 1 2 1 1 24 25
18 1 2 1 1 25 26
19 1 2 1 1 26 27
20 1 2 1 1 27 28
21 1 2 1 1 28 29
22 1 2 1 1 29 30
23 1 2 1 1 30 31
24 1 2 1 1 31 32
25 1 2 1 1 32 33
26 1 2 1 1 33 34
27 1 2 1 1 34 35
28 1 2 1 1 35 36
29 1 2 1 1 36 37
30 1 2 1 1 37 38
31 1 2 1 1 38 39
32 1 2 1 1 39 40
33 1 2 1 1 40 41
34 1 2 1 1 41 42
35 1 2 1 1 42 43
36 1 2 1 1 43 44
37 1 2 1 1 44 45
38 1 2 1 1 45 46
39 1 2 1 1 46 47
40 1 2 1 1 47 48
41 1 2 1 1 48 49
42 1 2 1 1 49 50
43 1 2 1 1 50 51
44 1 2 1 1 51 52
45 1 2 1 1 52 53
46 1 2 1 1 53 54
47 1 2 1 1 54 55
48 1 2 1 1 55 56
49 1 2 1 1 56 57
50 1 2 1 1 57 58
51 1 2 1 1 58 59
52 1 2 1 1 59 60
53 1 2 1 1 60 61
54 1 2 1 1 61 62
55 1 2 1 1 62 63
56 1 2 1 1 63 64
57 1 2 1 1 64 65
58 1 2 1 1 65 66
59 1 2 1 1 66 67
60 1 2 1 1 67 68
61 1 2 1 1 68 69
62 1 2 1 1 69 70
63 1 2 1 1 70 71
64 1 2 1 1 71 72
65 1 2 1 1 72 73
66 1 2 1 1 73 74
67 1 2 1 1 74 75
68 1 2 1 1 75 76
69 1 2 1 1 76 77
70 1 2 1 1 77 78
71 1 2 1 1 78 79
72 1 2 1 1 79 80
73 1 2 1 1 80 81
74 1 2 1 1 81 82
75 1 2 1 1 82 83
76 1 2 1 1 83 84
77 1 2 1 1 84 85
78 1 2 1 1 85 86
79 1 2 1 1 86 2
80 1 2 3 4 4 175
81 1 2 3 4 175 176
82 1 2 3 4 176 177
83 1 2 3 4 177 178
84 1 2 3 4 178 179
85 1 2 3 4 179 180
86 1 2 3 4 180 181
87 1 2 3 4 181 182
88 1 2 3 4 182 183
89 1 2 3 4 183 184
90 1 2 3 4 184 1
91 1 2 3 7 5 341
92 1 2 3 7 341 342
93 1 2 3 7 342 343
94 1 2 3 7 343 344
95 1 2 3 7 344 345
96 1 2 3 7 345 346
97 1 2 3 7 346 347
98 1 2 3 7 347 348
99 1 2 3 7 348 349
100 1 2 3 7 349 350
101 1 2 3 7 350 351
102 1 2 3 7 351 352
103 1 2 3 7 352 353
104 1 2 3 7 353 354
105 1 2 3 7 354 355
106 1 2 3 7 355 356
107 1 2 3 7 356 357
108 1 2 3 7 357 358
109 1 2 3 7 358 359
110 1 2 3 7 359 360
111 1 2 3 7 360 361
112 1 2 3 7 361 362
113 1 2 3 7 362 363
114 1 2 3 7 363 364
115 1 2 3 7 364 365
116 1 2 3 7 365 366
117 1 2 3 7 366 367
118 1 2 3 7 367 368
119 1 2 3 7 368 369
120 1 2 3 7 369 370
121 1 2 3 7 370 371
122 1 2 3 7 371 372
123 1 2 3 7 372 373
124 1 2 3 7 373 374
125 1 2 3 7 374 375
126 1 2 3 7 375 376
127 1 2 3 7 376 377
128 1 2 3 7 377 378
129 1 2 3 7 378 379
130 1 2 3 7 379 380
131 1 2 3 7 380 381
132 1 2 3 7 381 382
133 1 2 3 7 382 383
134 1 2 3 7 383 384
135 1 2 3 7 384 385
136 1 2 3 7 385 386
137 1 2 3 7 386 387
138 1 2 3 7 387 388
139 1 2 3 7 388 389
140 1 2 3 7 389 390
141 1 2 3 7 390 391
142 1 2 3 7 391 392
143 1 2 3 7 392 393
144 1 2 3 7 393 394
145 1 2 3 7 394 395
146 1 2 3 7 395 396
147 1 2 3 7 396 397
148 1 2 3 7 397 398
149 1 2 3 7 398 399
150 1 2 3 7 399 400
151 1 2 3 7 400 401
152 1 2 3 7 401 402
153 1 2 3 7 402 403
154 1 2 3 7 403 404
155 1 2 3 7 404 405
156 1 2 3 7 405 406
157 1 2 3 7 406 407
158 1 2 3 7 407 408
159 1 2 3 7 408 409
160 1 2 3 7 409 410
161 1 2 3 7 410 411
162 1 2 3 7 411 412
163 1 2 3 7 412 413
164 1 2 3 7 413 414
165 1 2 3 7 414 415
166 1 2 3 7 415 416
167 1 2 3 7 416 417
168 1 2 3 7 417 418
169 1 2 3 7 418 4
170 1 2 2 9 8 429
171 1 2 2 9 429 430
172 1 2 2 9 430 431
173 1 2 2 9 431 432
174 1 2 2 9 432 433
175 1 2 2 9 433 434
176 1 2 2 9 434 435
177 1 2 2 9 435 436
178 1 2 2 9 436 437
179 1 2 2 9 437 438
180 1 2 2 9 438 439
181 1 2 2 9 439 440
182 1 2 2 9 440 441
183 1 2 2 9 441 442
184 1 2 2 9 442 443
185 1 2 2 9 443 444
186 1 2 2 9 444 445
187 1 2 2 9 445 446
188 1 2 2 9 446 447
189 1 2 2 9 447 448
190 1 2 2 9 448 449
191 1 2 2 9 449 450
192 1 2 2 9 450 451
193 1 2 2 9 451 452
194 1 2 2 9 452 453
195 1 2 2 9 453 454
196 1 2 2 9 454 455
197 1 2 2 9 455 456
198 1 2 2 9 456 457
199 1 2 2 9 457 458
200 1 2 2 9 458 459
201 1 2 2 9 459 460
202 1 2 2 9 460 461
203 1 2 2 9 461 462
204 1 2 2 9 462 463
205 1 2 2 9 463 464
206 1 2 2 9 464 465
207 1 2 2 9 465 466
208 1 2 2 9 466 467
209 1 2 2 9 467 468
210 1 2 2 9 468 469
211 1 2 2 9 469 470
212 1 2 2 9 470 471
213 1 2 2 9 471 472
214 1 2 2 9 472 473
215 1 2 2 9 473 474
216 1 2 2 9 474 475
217 1 2 2 9 475 476
218 1 2 2 9 476 477
219 1 2 2 9 477 478
220 1 2 2 9 478 479
221 1 2 2 9 479 480
222 1 2 2 9 480 481
223 1 2 2 9 481 482
224 1 2 2 9 482 483
225 1 2 2 9 483 484
226 1 2 2 9 484 485
227 1 2 2 9 485 486
228 1 2 2 9 486 487
229 1 2 2 9 487 488
230 1 2 2 9 488 489
231 1 2 2 9 489 490
232 1 2 2 9 490 491
233 1 2 2 9 491 492
234 1 2 2 9 492 493
235 1 2 2 9 493 494
236 1 2 2 9 494 495
237 1 2 2 9 495 496
238 1 2 2 9 496 497
239 1 2 2 9 497 498
240 1 2 2 9 498 499
241 1 2 2 9 499 500
242 1 2 2 9 500 501
243 1 2 2 9 501 502
244 1 2 2 9 502 503
245 1 2 2 9 503 504
246 1 2 2 9 504 505
247 1 2 2 9 505 506
248 1 2 2 9 506 7
249 3 2 1 1 1 9 517 184
250 3 2 1 1 184 517 518 183
251 3 2 1 1 183 518 519 182
252 3 2 1 1 182 519 520 181
253 3 2 1 1 181 520 521 180
254 3 2 1 1 180 521 522 179
255 3 2 1 1 179 522 523 178
256 3 2 1 1 178 523 524 177
257 3 2 1 1 177 524 525 176
258 3 2 1 1 176 525 526 175
259 3 2 1 1 175 526 174 4
260 3 2 1 1 9 10 527 517
261 3 2 1 1 517 527 528 518
262 3 2 1 1 518 528 529 519
263 3 2 1 1 519 529 530 520
264 3 2 1 1 520 530 531 521
265 3 2 1 1 521 531 532 522
266 3 2 1 1 522 532 533 523
267 3 2 1 1 523 533 534 524
268 3 2 1 1 524 534 535 525
269 3 2 1 1 525 535 536 526
270 3 2 1 1 526 536 173 174
271 3 2 1 1 10 11 537 527
272 3 2 1 1 527 537 538 528
273 3 2 1 1 528 538 539 529
274 3 2 1 1 529 539 540 530
275 3 2 1 1 530 540 541 531
276 3 2 1 1 531 541 542 532
277 3 2 1 1 532 542 543 533
278 3 2 1 1 533 543 544 534
279 3 2 1 1 534 544 545 535
280 3 2 1 1 535 545 546 536
281 3 2 1 1 536 546 172 173
282 3 2 1 1 11 12 547 537
283 3 2 1 1 537 547 548 538
284 3 2 1 1 538 548 549 539
285 3 2 1 1 539 549 550 540
286 3 2 1 1 540 550 551 541
287 3 2 1 1 541 551 552 542
288 3 2 1 1 542 552 553 543
289 3 2 1 1 543 553 554 544
290 3 2 1 1 544 554 555 545
291 3 2 1 1 545 555 556 546
292 3 2 1 1 546 556 171 172
293 3 2 1 1 12 13 557 547
294 3 2 1 1 547 557 558 548
295 3 2 1 1 548 558 559 549
296 3 2 1 1 549 559 560 550
297 3 2 1 1 550 560 561 551
298 3 2 1 1 551 561 562 552
299 3 2 1 1 552 562 563 553
300 3 2 1 1 553 563 564 554
301 3 2 1 1 554 564 565 555
302 3 2 1 1 555 565 566 556
303 3 2 1 1 556 566 170 171
304 3 2 1 1 13 14 567 557
305 3 2 1 1 557 567 568 558
306 3 2 1 1 558 568 569 559
307 3 2 1 1 559 569 570 560
308 3 2 1 1 560 570 571 561
309 3 2 1 1 561 571 572 562
310 3 2 1 1 562 572 573 563
311 3 2 1 1 563 573 574 564
312 3 2 1 1 564 574 575 565
313 3 2 1 1 565 575 576 566
314 3 2 1 1 566 576 169 170
315 3 2 1 1 14 15 577 567
316 3 2 1 1 567 577 578 568
317 3 2 1 1 568 578 579 569
318 3 2 1 1 569 579 580 570
319 3 2 1 1 570 580 581 571
320 3 2 1 1 571 581 582 572
321 3 2 1 1 572 582 583 573
322 3 2 1 1 573 583 584 574
323 3 2 1 1 574 584 585 575
324 3 2 1 1 575 585 586 576
325 3 2 1 1 576 586 168 169
326 3 2 1 1 15 16 587 577
327 3 2 1 1 577 587 588 578
328 3 2 1 1 578 588 589 579
329 3 2 1 1 579 589 590 580
330 3 2 1 1 580 590 591 581
331 3 2 1 1 581 591 592 582
332 3 2 1 1 582 592 593 583
333 3 2 1 1 583 593 594 584
334 3 2 1 1 584 594 595 585
335 3 2 1 1 585 595 596 586
336 3 2 1 1 586 596 167 168
337 3 2 1 1 16 17 597 587
338 3 2 1 1 587 597 598 588
339 3 2 1 1 588 598 599 589
340 3 2 1 1 589 599 600 590
341 3 2 1 1 590 600 601 591
342 3 2 1 1 591 601 602 592
343 3 2 1 1 592 602 603 593
344 3 2 1 1 593 603 604 594
345 3 2 1 1 594 604 605 595
346 3 2 1 1 595 605 606 596
347 3 2 1 1 596 606 166 167
348 3 2 1 1 17 18 607 597
349 3 2 1 1 597 607 608 598
350 3 2 1 1 598 608 609 599
351 3 2 1 1 599 609 610 600
352 3 2 1 1 600 610 611 601
353 3 2 1 1 601 611 612 602
354 3 2 1 1 602 612 613 603
355 3 2 1 1 603 613 614 604
356 3 2 1 1 604 614 615 605
357 3 2 1 1 605 615 616 606
358 3 2 1 1 606 616 165 166
359 3 2 1 1 18 19 617 607
360 3 2 1 1 607 617 618 608
361 3 2 1 1 608 618 619 609
362 3 2 1 1 609 619 620 610
363 3 2 1 1 610 620 621 611
364 3 2 1 1 611 621 622 612
365 3 2 1 1 612 622 623 613
366 3 2 1 1 613 623 624 614
367 3 2 1 1 614 624 625 615
368 3 2 1 1 615 625 626 616
369 3 2 1 1 616 626 164 165
370 3 2 1 1 19 20 627 617
371 3 2 1 1 617 627 628 618
372 3 2 1 1 618 628 629 619
373 3 2 1 1 619 629 630 620
374 3 2 1 1 620 630 631 621
375 3 2 1 1 621 631 632 622
376 3 2 1 1 622 632 633 623
377 3 2 1 1 623 633 634 624
378 3 2 1 1 624 634 635 625
379 3 2 1 1 625 635 636 626
380 3 2 1 1 626 636 163 164
381 3 2 1 1 20 21 637 627
382 3 2 1 1 627 637 638 628
383 3 2 1 1 628 638 639 629
384 3 2 1 1 629 639 640 630
385 3 2 1 1 630 640 641 631
386 3 2 1 1 631 641 642 632
387 3 2 1 1 632 642 643 633
388 3 2 1 1 633 643 644 634
389 3 2 1 1 634 644 645 635
390 3 2 1 1 635 645 646 636
391 3 2 1 1 636 646 162 163
392 3 2 1 1 21 22 647 637
393 3 2 1 1 637 647 648 638
394 3 2 1 1 638 648 649 639
395 3 2 1 1 639 649 650 640
396 3 2 1 1 640 650 651 641
397 3 2 1 1 641 651 652 642
398 3 2 1 1 642 652 653 643
399 3 2 1 1 643 653 654 644
400 3 2 1 1 644 654 655 645
401 3 2 1 1 645 655 656 646
402 3 2 1 1 646 656 161 162
403 3 2 1 1 22 23 657 647
404 3 2 1 1 647 657 658 648
405 3 2 1 1 648 658 659 649
406 3 2 1 1 649 659 660 650
407 3 2 1 1 650 660 661 651
408 3 2 1 1 651 661 662 652
409 3 2 1 1 652 662 663 653
410 3 2 1 1 653 663 664 654
411 3 2 1 1 654 664 665 655
412 3 2 1 1 655 665 666 656
413 3 2 1 1 656 666 160 161
414 3 2 1 1 23 24 667 657
415 3 2 1 1 657 667 668 658
416 3 2 1 1 658 668 669 659
417 3 2 1 1 659 669 670 660
418 3 2 1 1 660 670 671 661
419 3 2 1 1 661 671 672 662
420 3 2 1 1 662 672 673 663
421 3 2 1 1 663 673 674 664
422 3 2 1 1 664 674 675 665
423 3 2 1 1 665 675 676 666
424 3 2 1 1 666 676 159 160
425 3 2 1 1 24 25 677 667
426 3 2 1 1 667 677 678 668
427 3 2 1 1 668 678 679 669
428 3 2 1 1 669 679 680 670
429 3 2 1 1 670 680 681 671
430 3 2 1 1 671 681 682 672
431 3 2 1 1 672 682 683 673
432 3 2 1 1 673 683 684 674
433 3 2 1 1 674 684 685 675
434 3 2 1 1 675 685 686 676
435 3 2 1 1 676 686 158 159
436 3 2 1 1 25 26 687 677
437 3 2 1 1 677 687 688 678
438 3 2 1 1 678 688 689 679
439 3 2 1 1 679 689 690 680
440 3 2 1 1 680 690 691 681
441 3 2 1 1 681 691 692 682
442 3 2 1 1 682 692 693 683
443 3 2 1 1 683 693 694 684
444 3 2 1 1 684 694 695 685
445 3 2 1 1 685 695 696 686
446 3 2 1 1 686 696 157 158
447 3 2 1 1 26 27 697 687
448 3 2 1 1 687 697 698 688
449 3 2 1 1 688 698 699 689
450 3 2 1 1 689 699 700 690
451 3 2 1 1 690 700 701 691
452 3 2 1 1 691 701 702 692
453 3 2 1 1 692 702 703 693
454 3 2 1 1 693 703 704 694
455 3 2 1 1 694 704 705 695
456 3 2 1 1 695 705 706 696
457 3 2 1 1 696 706 156 157
458 3 2 1 1 27 28 707 697
459 3 2 1 1 697 707 708 698
460 3 2 1 1 698 708 709 699
461 3 2 1 1 699 709 710 700
462 3 2 1 1 700 710 711 701
463 3 2 1 1 701 711 712 702
464 3 2 1 1 702 712 713 703
465 3 2 1 1 703 713 714 704
466 3 2 1 1 704 714 715 705
467 3 2 1 1 705 715 716 706
468 3 2 1 1 706 716 155 156
469 3 2 1 1 28 29 717 707
470 3 2 1 1 707 717 718 708
471 3 2 1 1 708 718 719 709
472 3 2 1 1 709 719 720 710
473 3 2 1 1 710 720 721 711
474 3 2 1 1 711 721 722 712
475 3 2 1 1 712 722 723 713
476 3 2 1 1 713 723 724 714
477 3 2 1 1 714 724 725 715
478 3 2 1 1 715 725 726 716
479 3 2 1 1 716 726 154 155
480 3 2 1 1 29 30 727 717
481 3 2 1 1 717 727 728 718
482 3 2 1 1 718 728 729 719
483 3 2 1 1 719 729 730 720
484 3 2 1 1 720 730 731 721
485 3 2 1 1 721 731 732 722
486 3 2 1 1 722 732 733 723
487 3 2 1 1 723 733 734 724
488 3 2 1 1 724 734 735 725
489 3 2 1 1 725 735 736 726
490 3 2 1 1 726 736 153 154
491 3 2 1 1 30 31 737 727
492 3 2 1 1 727 737 738 728
493 3 2 1 1 728 738 739 729
494 3 2 1 1 729 739 740 730
495 3 2 1 1 730 740 741 731
496 3 2 1 1 731 741 742 732
497 3 2 1 1 732 742 743 733
498 3 2 1 1 733 743 744 734
499 3 2 1 1 734 744 745 735
500 3 2 1 1 735 745 746 736
501 3 2 1 1 736 746 152 153
502 3 2 1 1 31 32 747 737
503 3 2 1 1 737 747 748 738
504 3 2 1 1 738 748 749 739
505 3 2 1 1 739 749 750 740
506 3 2 1 1 740 750 751 741
507 3 2 1 1 741 751 752 742
508 3 2 1 1 742 752 753 743
509 3 2 1 1 743 753 754 744
510 3 2 1 1 744 754 755 745
511 3 2 1 1 745 755 756 746
512 3 2 1 1 746 756 151 152
513 3 2 1 1 32 33 757 747
514 3 2 1 1 747 757 758 748
515 3 2 1 1 748 758 759 749
516 3 2 1 1 749 759 760 750
517 3 2 1 1 750 760 761 751
518 3 2 1 1 751 761 762 752
519 3 2 1 1 752 762 763 753
520 3 2 1 1 753 763 764 754
521 3 2 1 1 754 764 765 755
522 3 2 1 1 755 765 766 756
523 3 2 1 1 756 766 150 151
524 3 2 1 1 33 34 767 757
525 3 2 1 1 757 767 768 758
526 3 2 1 1 758 768 769 759
527 3 2 1 1 759 769 770 760
528 3 2 1 1 760 770 771 761
529 3 2 1 1 761 771 772 762
530 3 2 1 1 762 772 773 763
531 3 2 1 1 763 773 774 764
532 3 2 1 1 764 774 775 765
533 3 2 1 1 765 775 776 766
534 3 2 1 1 766 776 149 150
535 3 2 1 1 34 35 777 767
536 3 2 1 1 767 777 778 768
537 3 2 1 1 768 778 779 769
538 3 2 1 1 769 779 780 770
539 3 2 1 1 770 780 781 771
540 3 2 1 1 771 781 782 772
541 3 2 1 1 772 782 783 773
542 3 2 1 1 773 783 784 774
543 3 2 1 1 774 784 785 775
544 3 2 1 1 775 785 786 776
545 3 2 1 1 776 786 148 149
546 3 2 1 1 35 36 787 777
547 3 2 1 1 777 787 788 778
548 3 2 1 1 778 788 789 779
549 3 2 1 1 779 789 790 780
550 3 2 1 1 780 790 791 781
551 3 2 1 1 781 791 792 782
552 3 2 1 1 782 792 793 783
553 3 2 1 1 783 793 794 784
554 3 2 1 1 784 794 795 785
555 3 2 1 1 785 795 796 786
556 3 2 1 1 786 796 147 148
557 3 2 1 1 36 37 797 787
558 3 2 1 1 787 797 798 788
559 3 2 1 1 788 798 799 789
560 3 2 1 1 789 799 800 790
561 3 2 1 1 790 800 801 791
562 3 2 1 1 791 801 802 792
563 3 2 1 1 792 802 803 793
564 3 2 1 1 793 803 804 794
565 3 2 1 1 794 804 805 795
566 3 2 1 1 795 805 806 796
567 3 2 1 1 796 806 146 147
568 3 2 1 1 37 38 807 797
569 3 2 1 1 797 807 808 798
570 3 2 1 1 798 808 809 799
571 3 2 1 1 799 809 810 800
572 3 2 1 1 800 810 811 801
573 3 2 1 1 801 811 812 802
574 3 2 1 1 802 812 813 803
575 3 2 1 1 803 813 814 804
576 3 2 1 1 804 814 815 805
577 3 2 1 1 805 815 816 806
578 3 2 1 1 806 816 145 146
579 3 2 1 1 38 39 817 807
580 3 2 1 1 807 817 818 808
581 3 2 1 1 808 818 819 809
582 3 2 1 1 809 819 820 810
583 3 2 1 1 810 820 821 811
584 3 2 1 1 811 821 822 812
585 3 2 1 1 812 822 823 813
586 3 2 1 1 813 823 824 814
587 3 2 1 1 814 824 825 815
588 3 2 1 1 815 825 826 816
589 3 2 1 1 816 826 144 145
590 3 2 1 1 39 40 827 817
591 3 2 1 1 817 827 828 818
592 3 2 1 1 818 828 829 819
593 3 2 1 1 819 829 830 820
594 3 2 1 1 820 830 831 821
595 3 2 1 1 821 831 832 822
596 3 2 1 1 822 832 833 823
597 3 2 1 1 823 833 834 824
598 3 2 1 1 824 834 835 825
599 3 2 1 1 825 835 836 826
600 3 2 1 1 826 836 143 144
601 3 2 1 1 40 41 837 827
602 3 2 1 1 827 837 838 828
603 3 2 1 1 828 838 839 829
604 3 2 1 1 829 839 840 830
605 3 2 1 1 830 840 841 831
606 3 2 1 1 831 841 842 832
607 3 2 1 1 832 842 843 833
608 3 2 1 1 833 843 844 834
609 3 2 1 1 834 844 845 835
610 3 2 1 1 835 845 846 836
611 3 2 1 1 836 846 142 143
612 3 2 1 1 41 42 847 837
613 3 2 1 1 837 847 848 838
614 3 2 1 1 838 848 849 839
615 3 2 1 1 839 849 850 840
616 3 2 1 1 840 850 851 841
617 3 2 1 1 841 851 852 842
618 3 2 1 1 842 852 853 843
619 3 2 1 1 843 853 854 844
620 3 2 1 1 844 854 855 845
621 3 2 1 1 845 855 856 846
622 3 2 1 1 846 856 141 142
623 3 2 1 1 42 43 857 847
624 3 2 1 1 847 857 858 848
625 3 2 1 1 848 858 859 849
626 3 2 1 1 849 859 860 850
627 3 2 1 1 850 860 861 851
628 3 2 1 1 851 861 862 852
629 3 2 1 1 852 862 863 853
630 3 2 1 1 853 863 864 854
631 3 2 1 1 854 864 865 855
632 3 2 1 1 855 865 866 856
633 3 2 1 1 856 866 140 141
634 3 2 1 1 43 44 867 857
635 3 2 1 1 857 867 868 858
636 3 2 1 1 858 868 869 859
637 3 2 1 1 859 869 870 860
638 3 2 1 1 860 870 871 861
639 3 2 1 1 861 871 872 862
640 3 2 1 1 862 872 873 863
641 3 2 1 1 863 873 874 864
642 3 2 1 1 864 874 875 865
643 3 2 1 1 865 875 876 866
644 3 2 1 1 866 876 139 140
645 3 2 1 1 44 45 877 867
646 3 2 1 1 867 877 878 868
647 3 2 1 1 868 878 879 869
648 3 2 1 1 869 879 880 870
649 3 2 1 1 870 880 881 871
650 3 2 1 1 871 881 882 872
651 3 2 1 1 872 882 883 873
652 3 2 1 1 873 883 884 874
653 3 2 1 1 874 884 885 875
654 3 2 1 1 875 885 886 876
655 3 2 1 1 876 886 138 139
656 3 2 1 1 45 46 887 877
657 3 2 1 1 877 887 888 878
658 3 2 1 1 878 888 889 879
659 3 2 1 1 879 889 890 880
660 3 2 1 1 880 890 891 881
661 3 2 1 1 881 891 892 882
662 3 2 1 1 882 892 893 883
663 3 2 1 1 883 893 894 884
664 3 2 1 1 884 894 895 885
665 3 2 1 1 885 895 896 886
666 3 2 1 1 886 896 137 138
667 3 2 1 1 46 47 897 887
668 3 2 1 1 887 897 898 888
669 3 2 1 1 888 898 899 889
670 3 2 1 1 889 899 900 890
671 3 2 1 1 890 900 901 891
672 3 2 1 1 891 901 902 892
673 3 2 1 1 892 902 903 893
674 3 2 1 1 893 903 904 894
675 3 2 1 1 894 904 905 895
676 3 2 1 1 895 905 906 896
677 3 2 1 1 896 906 136 137
678 3 2 1 1 47 48 907 897
679 3 2 1 1 897 907 908 898
680 3 2 1 1 898 908 909 899
681 3 2 1 1 899 909 910 900
682 3 2 1 1 900 910 911 901
683 3 2 1 1 901 911 912 902
684 3 2 1 1 902 912 913 903
685 3 2 1 1 903 913 914 904
686 3 2 1 1 904 914 915 905
687 3 2 1 1 905 915 916 906
688 3 2 1 1 906 916 135 136
689 3 2 1 1 48 49 917 907
690 3 2 1 1 907 917 918 908
691 3 2 1 1 908 918 919 909
692 3 2 1 1 909 919 920 910
693 3 2 1 1 910 920 921 911
694 3 2 1 1 911 921 922 912
695 3 2 1 1 912 922 923 913
696 3 2 1 1 913 923 924 914
697 3 2 1 1 914 924 925 915
698 3 2 1 1 915 925 926 916
699 3 2 1 1 916 926 134 135
700 3 2 1 1 49 50 927 917
701 3 2 1 1 917 927 928 918
702 3 2 1 1 918 928 929 919
703 3 2 1 1 919 929 930 920
704 3 2 1 1 920 930 931 921
705 3 2 1 1 921 931 932 922
706 3 2 1 1 922 932 933 923
707 3 2 1 1 923 933 934 924
708 3 2 1 1 924 934 935 925
709 3 2 1 1 925 935 936 926
710 3 2 1 1 926 936 133 134
711 3 2 1 1 50 51 937 927
712 3 2 1 1 927 937 938 928
713 3 2 1 1 928 938 939 929
714 3 2 1 1 929 939 940 930
715 3 2 1 1 930 940 941 931
716 3 2 1 1 931 941 942 932
717 3 2 1 1 932 942 943 933
718 3 2 1 1 933 943 944 934
719 3 2 1 1 934 944 945 935
720 3 2 1 1 935 945 946 936
721 3 2 1 1 936 946 132 133
722 3 2 1 1 51 52 947 937
723 3 2 1 1 937 947 948 938
724 3 2 1 1 938 948 949 939
725 3 2 1 1 939 949 950 940
726 3 2 1 1 940 950 951 941
727 3 2 1 1 941 951 952 942
728 3 2 1 1 942 952 953 943
729 3 2 1 1 943 953 954 944
730 3 2 1 1 944 954 955 945
731 3 2 1 1 945 955 956 946
732 3 2 1 1 946 956 131 132
733 3 2 1 1 52 53 957 947
734 3 2 1 1 947 957 958 948
735 3 2 1 1 948 958 959 949
736 3 2 1 1 949 959 960 950
737 3 2 1 1 950 960 961 951
738 3 2 1 1 951 961 962 952
739 3 2 1 1 952 962 963 953
740 3 2 1 1 953 963 964 954
741 3 2 1 1 954 964 965 955
742 3 2 1 1 955 965 966 956
743 3 2 1 1 956 966 130 131
744 3 2 1 1 53 54 967 957
745 3 2 1 1 957 967 968 958
746 3 2 1 1 958 968 969 959
747 3 2 1 1 959 969 970 960
748 3 2 1 1 960 970 971 961
749 3 2 1 1 961 971 972 962
750 3 2 1 1 962 972 973 963
751 3 2 1 1 963 973 974 964
752 3 2 1 1 964 974 975 965
753 3 2 1 1 965 975 976 966
754 3 2 1 1 966 976 129 130
755 3 2 1 1 54 55 977 967
756 3 2 1 1 967 977 978 968
757 3 2 1 1 968 978 979 969
758 3 2 1 1 969 979 980 970
759 3 2 1 1 970 980 981 971
760 3 2 1 1 971 981 982 972
761 3 2 1 1 972 982 983 973
762 3 2 1 1 973 983 984 974
763 3 2 1 1 974 984 985 975
764 3 2 1 1 975 985 986 976
765 3 2 1 1 976 986 128 129
766 3 2 1 1 55 56 987 977
767 3 2 1 1 977 987 988 978
768 3 2 1 1 978 988 989 979
769 3 2 1 1 979 989 990 980
770 3 2 1 1 980 990 991 981
771 3 2 1 1 981 991 992 982
772 3 2 1 1 982 992 993 983
773 3 2 1 1 983 993 994 984
774 3 2 1 1 984 994 995 985
775 3 2 1 1 985 995 996 986
776 3 2 1 1 986 996 127 128
777 3 2 1 1 56 57 997 987
778 3 2 1 1 987 997 998 988
779 3 2 1 1 988 998 999 989
780 3 2 1 1 989 999 1000 990
781 3 2 1 1 990 1000 1001 991
782 3 2 1 1 991 1001 1002 992
783 3 2 1 1 992 1002 1003 993
784 3 2 1 1 993 1003 1004 994
785 3 2 1 1 994 1004 1005 995
786 3 2 1 1 995 1005 1006 996
787 3 2 1 1 996 1006 126 127
788 3 2 1 1 57 58 1007 997
789 3 2 1 1 997 1007 1008 998
790 3 2 1 1 998 1008 1009 999
791 3 2 1 1 999 1009 1010 1000
792 3 2 1 1 1000 1010 1011 1001
793 3 2 1 1 1001 1011 1012 1002
794 3 2 1 1 1002 1012 1013 1003
795 3 2 1 1 1003 1013 1014 1004
796 3 2 1 1 1004 1014 1015 1005
797 3 2 1 1 1005 1015 1016 1006
798 3 2 1 1 1006 1016 125 126
799 3 2 1 1 58 59 1017 1007
800 3 2 1 1 1007 1017 1018 1008
801 3 2 1 1 1008 1018 1019 1009
802 3 2 1 1 1009 1019 1020 1010
803 3 2 1 1 1010 1020 1021 1011
804 3 2 1 1 1011 1021 1022 1012
805 3 2 1 1 1012 1022 1023 1013
806 3 2 1 1 1013 1023 1024 1014
807 3 2 1 1 1014 1024 1025 1015
808 3 2 1 1 1015 1025 1026 1016
809 3 2 1 1 1016 1026 124 125
810 3 2 1 1 59 60 1027 1017
811 3 2 1 1 1017 1027 1028 1018
812 3 2 1 1 1018 1028 1029 1019
813 3 2 1 1 1019 1029 1030 1020
814 3 2 1 1 1020 1030 1031 1021
815 3 2 1 1 1021 1031 1032 1022
816 3 2 1 1 1022 1032 1033 1023
817 3 2 1 1 1023 1033 1034 1024
818 3 2 1 1 1024 1034 1035 1025
819 3 2 1 1 1025 1035 1036 1026
820 3 2 1 1 1026 1036 123 124
821 3 2 1 1 60 61 1037 1027
822 3 2 1 1 1027 1037 1038 1028
823 3 2 1 1 1028 1038 1039 1029
824 3 2 1 1 1029 1039 1040 1030
825 3 2 1 1 1030 1040 1041 1031
826 3 2 1 1 1031 1041 1042 1032
827 3 2 1 1 1032 1042 1043 1033
828 3 2 1 1 1033 1043 1044 1034
829 3 2 1 1 1034 1044 1045 1035
830 3 2 1 1 1035 1045 1046 1036
831 3 2 1 1 1036 1046 122 123
832 3 2 1 1 61 62 1047 1037
833 3 2 1 1 1037 1047 1048 1038
834 3 2 1 1 1038 1048 1049 1039
835 3 2 1 1 1039 1049 1050 1040
836 3 2 1 1 1040 1050 1051 1041
837 3 2 1 1 1041 1051 1052 1042
838 3 2 1 1 1042 1052 1053 1043
839 3 2 1 1 1043 1053 1054 1044
840 3 2 1 1 1044 1054 1055 1045
841 3 2 1 1 1045 1055 1056 1046
842 3 2 1 1 1046 1056 121 122
843 3 2 1 1 62 63 1057 1047
844 3 2 1 1 1047 1057 1058 1048
845 3 2 1 1 1048 1058 1059 1049
846 3 2 1 1 1049 1059 1060 1050
847 3 2 1 1 1050 1060 1061 1051
848 3 2 1 1 1051 1061 1062 1052
849 3 2 1 1 1052 1062 1063 1053
850 3 2 1 1 1053 1063 1064 1054
851 3 2 1 1 1054 1064 1065 1055
852 3 2 1 1 1055 1065 1066 1056
853 3 2 1 1 1056 1066 120 121
854 3 2 1 1 63 64 1067 1057
855 3 2 1 1 1057 1067 1068 1058
856 3 2 1 1 1058 1068 1069 1059
857 3 2 1 1 1059 1069 1070 1060
858 3 2 1 1 1060 1070 1071 1061
859 3 2 1 1 1061 1071 1072 1062
860 3 2 1 1 1062 1072 1073 1063
861 3 2 1 1 1063 1073 1074 1064
862 3 2 1 1 1064 1074 1075 1065
863 3 2 1 1 1065 1075 1076 1066
864 3 2 1 1 1066 1076 119 120
865 3 2 1 1 64 65 1077 1067
866 3 2 1 1 1067 1077 1078 1068
867 3 2 1 1 1068 1078 1079 1069
868 3 2 1 1 1069 1079 1080 1070
869 3 2 1 1 1070 1080 1081 1071
870 3 2 1 1 1071 1081 1082 1072
871 3 2 1 1 1072 1082 1083 1073
872 3 2 1 1 1073 1083 1084 1074
873 3 2 1 1 1074 1084 1085 1075
874 3 2 1 1 1075 1085 1086 1076
875 3 2 1 1 1076 1086 118 119
876 3 2 1 1 65 66 1087 1077
877 3 2 1 1 1077 1087 1088 1078
878 3 2 1 1 1078 1088 1089 1079
879 3 2 1 1 1079 1089 1090 1080
880 3 2 1 1 1080 1090 1091 1081
881 3 2 1 1 1081 1091 1092 1082
882 3 2 1 1 1082 1092 1093 1083
883 3 2 1 1 1083 1093 1094 1084
884 3 2 1 1 1084 1094 1095 1085
885 3 2 1 1 1085 1095 1096 1086
886 3 2 1 1 1086 1096 117 118
887 3 2 1 1 66 67 1097 1087
888 3 2 1 1 1087 1097 1098 1088
889 3 2 1 1 1088 1098 1099 1089
890 3 2 1 1 1089 1099 1100 1090
891 3 2 1 1 1090 1100 1101 1091
892 3 2 1 1 1091 1101 1102 1092
893 3 2 1 1 1092 1102 1103 1093
894 3 2 1 1 1093 1103 1104 1094
895 3 2 1 1 1094 1104 1105 1095
896 3 2 1 1 1095 1105 1106 1096
897 3 2 1 1 1096 1106 116 117
898 3 2 1 1 67 68 1107 1097
899 3 2 1 1 1097 1107 1108 1098
900 3 2 1 1 1098 1108 1109 1099
901 3 2 1 1 1099 1109 1110 1100
902 3 2 1 1 1100 1110 1111 1101
903 3 2 1 1 1101 1111 1112 1102
904 3 2 1 1 1102 1112 1113 1103
905 3 2 1 1 1103 1113 1114 1104
906 3 2 1 1 1104 1114 1115 1105
907 3 2 1 1 1105 1115 1116 1106
908 3 2 1 1 1106 1116 115 116
909 3 2 1 1 68 69 1117 1107
910 3 2 1 1 1107 1117 1118 1108
911 3 2 1 1 1108 1118 1119 1109
912 3 2 1 1 1109 1119 1120 1110
913 3 2 1 1 1110 1120 1121 1111
914 3 2 1 1 1111 1121 1122 1112
915 3 2 1 1 1112 1122 1123 1113
916 3 2 1 1 1113 1123 1124 1114
917 3 2 1 1 1114 1124 1125 1115
918 3 2 1 1 1115 1125 1126 1116
919 3 2 1 1 1116 1126 114 115
920 3 2 1 1 69 70 1127 1117
921 3 2 1 1 1117 1127 1128 1118
922 3 2 1 1 1118 1128 1129 1119
923 3 2 1 1 1119 1129 1130 1120
924 3 2 1 1 1120 1130 1131 1121
925 3 2 1 1 1121 1131 1132 1122
926 3 2 1 1 1122 1132 1133 1123
927 3 2 1 1 1123 1133 1134 1124
928 3 2 1 1 1124 1134 1135 1125
929 3 2 1 1 1125 1135 1136 1126
930 3 2 1 1 1126 1136 113 114
931 3 2 1 1 70 71 1137 1127
932 3 2 1 1 1127 1137 1138 1128
933 3 2 1 1 1128 1138 1139 1129
934 3 2 1 1 1129 1139 1140 1130
935 3 2 1 1 1130 1140 1141 1131
936 3 2 1 1 1131 1141 1142 1132
937 3 2 1 1 1132 1142 1143 1133
938 3 2 1 1 1133 1143 1144 1134
939 3 2 1 1 1134 1144 1145 1135
940 3 2 1 1 1135 1145 1146 1136
941 3 2 1 1 1136 1146 112 113
942 3 2 1 1 71 72 1147 1137
943 3 2 1 1 1137 1147 1148 1138
944 3 2 1 1 1138 1148 1149 1139
945 3 2 1 1 1139 1149 1150 1140
946 3 2 1 1 1140 1150 1151 1141
947 3 2 1 1 1141 1151 1152 1142
948 3 2 1 1 1142 1152 1153 1143
949 3 2 1 1 1143 1153 1154 1144
950 3 2 1 1 1144 1154 1155 1145
951 3 2 1 1 1145 1155 1156 1146
952 3 2 1 1 1146 1156 111 112
953 3 2 1 1 72 73 1157 1147
954 3 2 1 1 1147 1157 1158 1148
955 3 2 1 1 1148 1158 1159 1149
956 3 2 1 1 1149 1159 1160 1150
957 3 2 1 1 1150 1160 1161 1151
958 3 2 1 1 1151 1161 1162 1152
959 3 2 1 1 1152 1162 1163 1153
960 3 2 1 1 1153 1163 1164 1154
961 3 2 1 1 1154 1164 1165 1155
962 3 2 1 1 1155 1165 1166 1156
963 3 2 1 1 1156 1166 110 111
964 3 2 1 1 73 74 1167 1157
965 3 2 1 1 1157 1167 1168 1158
966 3 2 1 1 1158 1168 1169 1159
967 3 2 1 1 1159 1169 1170 1160
968 3 2 1 1 1160 1170 1171 1161
969 3 2 1 1 1161 1171 1172 1162
970 3 2 1 1 1162 1172 1173 1163
971 3 2 1 1 1163 1173 1174 1164
972 3 2 1 1 1164 1174 1175 1165
973 3 2 1 1 1165 1175 1176 1166
974 3 2 1 1 1166 1176 109 110
975 3 2 1 1 74 75 1177 1167
976 3 2 1 1 1167 1177 1178 1168
977 3 2 1 1 1168 1178 1179 1169
978 3 2 1 1 1169 1179 1180 1170
979 3 2 1 1 1170 1180 1181 1171
980 3 2 1 1 1171 1181 1182 1172
981 3 2 1 1 1172 1182 1183 1173
982 3 2 1 1 1173 1183 1184 1174
983 3 2 1 1 1174 1184 1185 1175
984 3 2 1 1 1175 1185 1186 1176
985 3 2 1 1 1176 1186 108 109
986 3 2 1 1 75 76 1187 1177
987 3 2 1 1 1177 1187 1188 1178
988 3 2 1 1 1178 1188 1189 1179
989 3 2 1 1 1179 1189 1190 1180
990 3 2 1 1 1180 1190 1191 1181
991 3 2 1 1 1181 1191 1192 1182
992 3 2 1 1 1182 1192 1193 1183
993 3 2 1 1 1183 1193 1194 1184
994 3 2 1 1 1184 1194 1195 1185
995 3 2 1 1 1185 1195 1196 1186
996 3 2 1 1 1186 1196 107 108
997 3 2 1 1 76 77 1197 1187
998 3 2 1 1 1187 1197 1198 1188
999 3 2 1 1 1188 1198 1199 1189
1000 3 2 1 1 1189 1199 1200 1190
1001 3 2 1 1 1190 1200 1201 1191
1002 3 2 1 1 1191 1201 1202 1192
1003 3 2 1 1 1192 1202 1203 1193
1004 3 2 1 1 1193 1203 1204 1194
1005 3 2 1 1 1194 1204 1205 1195
1006 3 2 1 1 1195 1205 1206 1196
1007 3 2 1 1 1196 1206 106 107
1008 3 2 1 1 77 78 1207 1197
1009 3 2 1 1 1197 1207 1208 1198
1010 3 2 1 1 1198 1208 1209 1199
1011 3 2 1 1 1199 1209 1210 1200
1012 3 2 1 1 1200 1210 1211 1201
1013 3 2 1 1 1201 1211 1212 1202
1014 3 2 1 1 1202 1212 1213 1203
1015 3 2 1 1 1203 1213 1214 1204
1016 3 2 1 1 1204 1214 1215 1205
1017 3 2 1 1 1205 1215 1216 1206
1018 3 2 1 1 1206 1216 105 106
1019 3 2 1 1 78 79 1217 1207
1020 3 2 1 1 1207 1217 1218 1208
1021 3 2 1 1 1208 1218 1219 1209
1022 3 2 1 1 1209 1219 1220 1210
1023 3 2 1 1 1210 1220 1221 1211
1024 3 2 1 1 1211 1221 1222 1212
1025 3 2 1 1 1212 1222 1223 1213
1026 3 2 1 1 1213 1223 1224 1214
1027 3 2 1 1 1214 1224 1225 1215
1028 3 2 1 1 1215 1225 1226 1216
1029 3 2 1 1 1216 1226 104 105
1030 3 2 1 1 79 80 1227 1217
1031 3 2 1 1 1217 1227 1228 1218
1032 3 2 1 1 1218 1228 1229 1219
1033 3 2 1 1 1219 1229 1230 1220
1034 3 2 1 1 1220 1230 1231 1221
1035 3 2 1 1 1221 1231 1232 1222
1036 3 2 1 1 1222 1232 1233 1223
1037 3 2 1 1 1223 1233 1234 1224
1038 3 2 1 1 1224 1234 1235 1225
1039 3 2 1 1 1225 1235 1236 1226
1040 3 2 1 1 1226 1236 103 104
1041 3 2 1 1 80 81 1237 1227
1042 3 2 1 1 1227 1237 1238 1228
1043 3 2 1 1 1228 1238 1239 1229
1044 3 2 1 1 1229 1239 1240 1230
1045 3 2 1 1 1230 1240 1241 1231
1046 3 2 1 1 1231 1241 1242 1232
1047 3 2 1 1 1232 1242 1243 1233
1048 3 2 1 1 1233 1243 1244 1234
1049 3 2 1 1 1234 1244 1245 1235
1050 3 2 1 1 1235 1245 1246 1236
1051 3 2 1 1 1236 1246 102 103
1052 3 2 1 1 81 82 1247 1237
1053 3 2 1 1 1237 1247 1248 1238
1054 3 2 1 1 1238 1248 1249 1239
1055 3 2 1 1 1239 1249 1250 1240
1056 3 2 1 1 1240 1250 1251 1241
1057 3 2 1 1 1241 1251 1252 1242
1058 3 2 1 1 1242 1252 1253 1243
1059 3 2 1 1 1243 1253 1254 1244
1060 3 2 1 1 1244 1254 1255 1245
1061 3 2 1 1 1245 1255 1256 1246
1062 3 2 1 1 1246 1256 101 102
1063 3 2 1 1 82 83 1257 1247
1064 3 2 1 1 1247 1257 1258 1248
1065 3 2 1 1 1248 1258 1259 1249
1066 3 2 1 1 1249 1259 1260 1250
1067 3 2 1 1 1250 1260 1261 1251
1068 3 2 1 1 1251 1261 1262 1252
1069 3 2 1 1 1252 1262 1263 1253
1070 3 2 1 1 1253 1263 1264 1254
1071 3 2 1 1 1254 1264 1265 1255
1072 3 2 1 1 1255 1265 1266 1256
1073 3 2 1 1 1256 1266 100 101
1074 3 2 1 1 83 84 1267 1257
1075 3 2 1 1 1257 1267 1268 1258
1076 3 2 1 1 1258 1268 1269 1259
1077 3 2 1 1 1259 1269 1270 1260
1078 3 2 1 1 1260 1270 1271 1261
1079 3 2 1 1 1261 1271 1272 1262
1080 3 2 1 1 1262 1272 1273 1263
1081 3 2 1 1 1263 1273 1274 1264
1082 3 2 1 1 1264 1274 1275 1265
1083 3 2 1 1 1265 1275 1276 1266
1084 3 2 1 1 1266 1276 99 100
1085 3 2 1 1 84 85 1277 1267
1086 3 2 1 1 1267 1277 1278 1268
1087 3 2 1 1 1268 1278 1279 1269
1088 3 2 1 1 1269 1279 1280 1270
1089 3 2 1 1 1270 1280 1281 1271
1090 3 2 1 1 1271 1281 1282 1272
1091 3 2 1 1 1272 1282 1283 1273
1092 3 2 1 1 1273 1283 1284 1274
1093 3 2 1 1 1274 1284 1285 1275
1094 3 2 1 1 1275 1285 1286 1276
1095 3 2 1 1 1276 1286 98 99
1096 3 2 1 1 85 86 1287 1277
1097 3 2 1 1 1277 1287 1288 1278
1098 3 2 1 1 1278 1288 1289 1279
1099 3 2 1 1 1279 1289 1290 1280
1100 3 2 1 1 1280 1290 1291 1281
1101 3 2 1 1 1281 1291 1292 1282
1102 3 2 1 1 1282 1292 1293 1283
1103 3 2 1 1 1283 1293 1294 1284
1104 3 2 1 1 1284 1294 1295 1285
1105 3 2 1 1 1285 1295 1296 1286
1106 3 2 1 1 1286 1296 97 98
1107 3 2 1 1 86 2 87 1287
1108 3 2 1 1 1287 87 88 1288
1109 3 2 1 1 1288 88 89 1289
1110 3 2 1 1 1289 89 90 1290
1111 3 2 1 1 1290 90 91 1291
1112 3 2 1 1 1291 91 92 1292
1113 3 2 1 1 1292 92 93 1293
1114 3 2 1 1 1293 93 94 1294
1115 3 2 1 1 1294 94 95 1295
1116 3 2 1 1 1295 95 96 1296
1117 3 2 1 1 1296 96 3 97
1118 3 2 1 2 4 174 1297 418
1119 3 2 1 2 418 1297 1298 417
1120 3 2 1 2 417 1298 1299 416
1121 3 2 1 2 416 1299 1300 415
1122 3 2 1 2 415 1300 1301 414
1123 3 2 1 2 414 1301 1302 413
1124 3 2 1 2 413 1302 1303 412
1125 3 2 1 2 412 1303 1304 411
1126 3 2 1 2 411 1304 1305 410
1127 3 2 1 2 410 1305 1306 409
1128 3 2 1 2 409 1306 1307 408
1129 3 2 1 2 408 1307 1308 407
1130 3 2 1 2 407 1308 1309 406
1131 3 2 1 2 406 1309 1310 405
1132 3 2 1 2 405 1310 1311 404
1133 3 2 1 2 404 1311 1312 403
1134 3 2 1 2 403 1312 1313 402
1135 3 2 1 2 402 1313 1314 401
1136 3 2 1 2 401 1314 1315 400
1137 3 2 1 2 400 1315 1316 399
1138 3 2 1 2 399 1316 1317 398
1139 3 2 1 2 398 1317 1318 397
1140 3 2 1 2 397 1318 1319 396
1141 3 2 1 2 396 1319 1320 395
1142 3 2 1 2 395 1320 1321 394
1143 3 2 1 2 394 1321 1322 393
1144 3 2 1 2 393 1322 1323 392
1145 3 2 1 2 392 1323 1324 391
1146 3 2 1 2 391 1324 1325 390
1147 3 2 1 2 390 1325 1326 389
1148 3 2 1 2 389 1326 1327 388
1149 3 2 1 2 388 1327 1328 387
1150 3 2 1 2 387 1328 1329 386
1151 3 2 1 2 386 1329 1330 385
1152 3 2 1 2 385 1330 1331 384
1153 3 2 1 2 384 1331 1332 383
1154 3 2 1 2 383 1332 1333 382
1155 3 2 1 2 382 1333 1334 381
1156 3 2 1 2 381 1334 1335 380
1157 3 2 1 2 380 1335 1336 379
1158 3 2 1 2 379 1336 1337 378
1159 3 2 1 2 378 1337 1338 377
1160 3 2 1 2 377 1338 1339 376
1161 3 2 1 2 376 1339 1340 375
1162 3 2 1 2 375 1340 1341 374
1163 3 2 1 2 374 1341 1342 373
1164 3 2 1 2 373 1342 1343 372
1165 3 2 1 2 372 1343 1344 371
1166 3 2 1 2 371 1344 1345 370
1167 3 2 1 2 370 1345 1346 369
1168 3 2 1 2 369 1346 1347 368
1169 3 2 1 2 368 1347 1348 367
1170 3 2 1 2 367 1348 1349 366
1171 3 2 1 2 366 1349 1350 365
1172 3 2 1 2 365 1350 1351 364
1173 3 2 1 2 364 1351 1352 363
1174 3 2 1 2 363 1352 1353 362
1175 3 2 1 2 362 1353 1354 361
1176 3 2 1 2 361 1354 1355 360
1177 3 2 1 2 360 1355 1356 359
1178 3 2 1 2 359 1356 1357 358
1179 3 2 1 2 358 1357 1358 357
1180 3 2 1 2 357 1358 1359 356
1181 3 2 1 2 356 1359 1360 355
1182 3 2 1 2 355 1360 1361 354
1183 3 2 1 2 354 1361 1362 353
1184 3 2 1 2 353 1362 1363 352
1185 3 2 1 2 352 1363 1364 351
1186 3 2 1 2 351 1364 1365 350
1187 3 2 1 2 350 1365 1366 349
1188 3 2 1 2 349 1366 1367 348
1189 3 2 1 2 348 1367 1368 347
1190 3 2 1 2 347 1368 1369 346
1191 3 2 1 2 346 1369 1370 345
1192 3 2 1 2 345 1370 1371 344
1193 3 2 1 2 344 1371 1372 343
1194 3 2 1 2 343 1372 1373 342
1195 3 2 1 2 342 1373 1374 341
1196 3 2 1 2 341 1374 340 5
1197 3 2 1 2 174 173 1375 1297
1198 3 2 1 2 1297 1375 1376 1298
1199 3 2 1 2 1298 1376 1377 1299
1200 3 2 1 2 1299 1377 1378 1300
1201 3 2 1 2 1300 1378 1379 1301
1202 3 2 1 2 1301 1379 1380 1302
1203 3 2 1 2 1302 1380 1381 1303
1204 3 2 1 2 1303 1381 1382 1304
1205 3 2 1 2 1304 1382 1383 1305
1206 3 2 1 2 1305 1383 1384 1306
1207 3 2 1 2 1306 1384 1385 1307
1208 3 2 1 2 1307 1385 1386 1308
1209 3 2 1 2 1308 1386 1387 1309
1210 3 2 1 2 1309 1387 1388 1310
1211 3 2 1 2 1310 1388 1389 1311
1212 3 2 1 2 1311 1389 1390 1312
1213 3 2 1 2 1312 1390 1391 1313
1214 3 2 1 2 1313 1391 1392 1314
1215 3 2 1 2 1314 1392 1393 1315
1216 3 2 1 2 1315 1393 1394 1316
1217 3 2 1 2 1316 1394 1395 1317
1218 3 2 1 2 1317 1395 1396 1318
1219 3 2 1 2 1318 1396 1397 1319
1220 3 2 1 2 1319 1397 1398 1320
1221 3 2 1 2 1320 1398 1399 1321
1222 3 2 1 2 1321 1399 1400 1322
1223 3 2 1 2 1322 1400 1401 1323
1224 3 2 1 2 1323 1401 1402 1324
1225 3 2 1 2 1324 1402 1403 1325
1226 3 2 1 2 1325 1403 1404 1326
1227 3 2 1 2 1326 1404 1405 1327
1228 3 2 1 2 1327 1405 1406 1328
1229 3 2 1 2 1328 1406 1407 1329
1230 3 2 1 2 1329 1407 1408 1330
1231 3 2 1 2 1330 1408 1409 1331
1232 3 2 1 2 1331 1409 1410 1332
1233 3 2 1 2 1332 1410 1411 1333
1234 3 2 1 2 1333 1411 1412 1334
1235 3 2 1 2 1334 1412 1413 1335
1236 3 2 1 2 1335 1413 1414 1336
1237 3 2 1 2 1336 1414 1415 1337
1238 3 2 1 2 1337 1415 1416 1338
1239 3 2 1 2 1338 1416 1417 1339
1240 3 2 1 2 1339 1417 1418 1340
1241 3 2 1 2 1340 1418 1419 1341
1242 3 2 1 2 1341 1419 1420 1342
1243 3 2 1 2 1342 1420 1421 1343
1244 3 2 1 2 1343 1421 1422 1344
1245 3 2 1 2 1344 1422 1423 1345
1246 3 2 1 2 1345 1423 1424 1346
1247 3 2 1 2 1346 1424 1425 1347
1248 3 2 1 2 1347 1425 1426 1348
1249 3 2 1 2 1348 1426 1427 1349
1250 3 2 1 2 1349 1427 1428 1350
1251 3 2 1 2 1350 1428 1429 1351
1252 3 2 1 2 1351 1429 1430 1352
1253 3 2 1 2 1352 1430 1431 1353
1254 3 2 1 2 1353 1431 1432 1354
1255 3 2 1 2 1354 1432 1433 1355
1256 3 2 1 2 1355 1433 1434 1356
1257 3 2 1 2 1356 1434 1435 1357
1258 3 2 1 2 1357 1435 1436 1358
1259 3 2 1 2 1358 1436 1437 1359
1260 3 2 1 2 1359 1437 1438 1360
1261 3 2 1 2 1360 1438 1439 1361
1262 3 2 1 2 1361 1439 1440 1362
1263 3 2 1 2 1362 1440 1441 1363
1264 3 2 1 2 1363 1441 1442 1364
1265 3 2 1 2 1364 1442 1443 1365
1266 3 2 1 2 1365 1443 1444 1366
1267 3 2 1 2 1366 1444 1445 1367
1268 3 2 1 2 1367 1445 1446 1368
1269 3 2 1 2 1368 1446 1447 1369
1270 3 2 1 2 1369 1447 1448 1370
1271 3 2 1 2 1370 1448 1449 1371
1272 3 2 1 2 1371 1449 1450 1372
1273 3 2 1 2 1372 1450 1451 1373
1274 3 2 1 2 1373 1451 1452 1374
1275 3 2 1 2 1374 1452 339 340
1276 3 2 1 2 173 172 1453 1375
1277 3 2 1 2 1375 1453 1454 1376
1278 3 2 1 2 1376 1454 1455 1377
1279 3 2 1 2 1377 1455 1456 1378
1280 3 2 1 2 1378 1456 1457 1379
1281 3 2 1 2 1379 1457 1458 1380
1282 3 2 1 2 1380 1458 1459 1381
1283 3 2 1 2 1381 1459 1460 1382
1284 3 2 1 2 1382 1460 1461 1383
1285 3 2 1 2 1383 1461 1462 1384
1286 3 2 1 2 1384 1462 1463 1385
1287 3 2 1 2 1385 1463 1464 1386
1288 3 2 1 2 1386 1464 1465 1387
1289 3 2 1 2 1387 1465 1466 1388
1290 3 2 1 2 1388 1466 1467 1389
1291 3 2 1 2 1389 1467 1468 1390
1292 3 2 1 2 1390 1468 1469 1391
1293 3 2 1 2 1391 1469 1470 1392
1294 3 2 1 2 1392 1470 1471 1393
1295 3 2 1 2 1393 1471 1472 1394
1296 3 2 1 2 1394 1472 1473 1395
1297 3 2 1 2 1395 1473 1474 1396
1298 3 2 1 2 1396 1474 1475 1397
1299 3 2 1 2 1397 1475 1476 1398
1300 3 2 1 2 1398 1476 1477 1399
1301 3 2 1 2 1399 1477 1478 1400
1302 3 2 1 2 1400 1478 1479 1401
1303 3 2 1 2 1401 1479 1480 1402
1304 3 2 1 2 1402 1480 1481 1403
1305 3 2 1 2 1403 1481 1482 1404
1306 3 2 1 2 1404 1482 1483 1405
1307 3 2 1 2 1405 1483 1484 1406
1308 3 2 1 2 1406 1484 1485 1407
1309 3 2 1 2 1407 1485 1486 1408
1310 3 2 1 2 1408 1486 1487 1409
1311 3 2 1 2 1409 1487 1488 1410
1312 3 2 1 2 1410 1488 1489 1411
1313 3 2 1 2 1411 1489 1490 1412
1314 3 2 1 2 1412 1490 1491 1413
1315 3 2 1 2 1413 1491 1492 1414
1316 3 2 1 2 1414 1492 1493 1415
1317 3 2 1 2 1415 1493 1494 1416
1318 3 2 1 2 1416 1494 1495 1417
1319 3 2 1 2 1417 1495 1496 1418
1320 3 2 1 2 1418 1496 1497 1419
1321 3 2 1 2 1419 1497 1498 1420
1322 3 2 1 2 1420 1498 1499 1421
1323 3 2 1 2 1421 1499 1500 1422
1324 3 2 1 2 1422 1500 1501 1423
1325 3 2 1 2 1423 1501 1502 1424
1326 3 2 1 2 1424 1502 1503 1425
1327 3 2 1 2 1425 1503 1504 1426
1328 3 2 1 2 1426 1504 1505 1427
1329 3 2 1 2 1427 1505 1506 1428
1330 3 2 1 2 1428 1506 1507 1429
1331 3 2 1 2 1429 1507 1508 1430
1332 3 2 1 2 1430 1508 1509 1431
1333 3 2 1 2 1431 1509 1510 1432
1334 3 2 1 2 1432 1510 1511 1433
1335 3 2 1 2 1433 1511 1512 1434
1336 3 2 1 2 1434 1512 1513 1435
1337 3 2 1 2 1435 1513 1514 1436
1338 3 2 1 2 1436 1514 1515 1437
1339 3 2 1 2 1437 1515 1516 1438
1340 3 2 1 2 1438 1516 1517 1439
1341 3 2 1 2 1439 1517 1518 1440
1342 3 2 1 2 1440 1518 1519 1441
1343 3 2 1 2 1441 1519 1520 1442
1344 3 2 1 2 1442 1520 1521 1443
1345 3 2 1 2 1443 1521 1522 1444
1346 3 2 1 2 1444 1522 1523 1445
1347 3 2 1 2 1445 1523 1524 1446
1348 3 2 1 2 1446 1524 1525 1447
1349 3 2 1 2 1447 1525 1526 1448
1350 3 2 1 2 1448 1526 1527 1449
1351 3 2 1 2 1449 1527 1528 1450
1352 3 2 1 2 1450 1528 1529 1451
1353 3 2 1 2 1451 1529 1530 1452
1354 3 2 1 2 1452 1530 338 339
1355 3 2 1 2 172 171 1531 1453
1356 3 2 1 2 1453 1531 1532 1454
1357 3 2 1 2 1454 1532 1533 1455
1358 3 2 1 2 1455 1533 1534 1456
1359 3 2 1 2 1456 1534 1535 1457
1360 3 2 1 2 1457 1535 1536 1458
1361 3 2 1 2 1458 1536 1537 1459
1362 3 2 1 2 1459 1537 1538 1460
1363 3 2 1 2 1460 1538 1539 1461
1364 3 2 1 2 1461 1539 1540 1462
1365 3 2 1 2 1462 1540 1541 1463
1366 3 2 1 2 1463 1541 1542 1464
1367 3 2 1 2 1464 1542 1543 1465
1368 3 2 1 2 1465 1543 1544 1466
1369 3 2 1 2 1466 1544 1545 1467
1370 3 2 1 2 1467 1545 1546 1468
1371 3 2 1 2 1468 1546 1547 1469
1372 3 2 1 2 1469 1547 1548 1470
1373 3 2 1 2 1470 1548 1549 1471
1374 3 2 1 2 1471 1549 1550 1472
1375 3 2 1 2 1472 1550 1551 1473
1376 3 2 1 2 1473 1551 1552 1474
1377 3 2 1 2 1474 1552 1553 1475
1378 3 2 1 2 1475 1553 1554 1476
1379 3 2 1 2 1476 1554 1555 1477
1380 3 2 1 2 1477 1555 1556 1478
1381 3 2 1 2 1478 1556 1557 1479
1382 3 2 1 2 1479 1557 1558 1480
1383 3 2 1 2 1480 1558 1559 1481
1384 3 2 1 2 1481 1559 1560 1482
1385 3 2 1 2 1482 1560 1561 1483
1386 3 2 1 2 1483 1561 1562 1484
1387 3 2 1 2 1484 1562 1563 1485
1388 3 2 1 2 1485 1563 1564 1486
1389 3 2 1 2 1486 1564 1565 1487
1390 3 2 1 2 1487 1565 1566 1488
1391 3 2 1 2 1488 1566 1567 1489
1392 3 2 1 2 1489 1567 1568 1490
1393 3 2 1 2 1490 1568 1569 1491
1394 3 2 1 2 1491 1569 1570 1492
1395 3 2 1 2 1492 1570 1571 1493
1396 3 2 1 2 1493 1571 1572 1494
1397 3 2 1 2 1494 1572 1573 1495
1398 3 2 1 2 1495 1573 1574 1496
1399 3 2 1 2 1496 1574 1575 1497
1400 3 2 1 2 1497 1575 1576 1498
1401 3 2 1 2 1498 1576 1577 1499
1402 3 2 1 2 1499 1577 1578 1500
1403 3 2 1 2 1500 1578 1579 1501
1404 3 2 1 2 1501 1579 1580 1502
1405 3 2 1 2 1502 1580 1581 1503
1406 3 2 1 2 1503 1581 1582 1504
1407 3 2 1 2 1504 1582 1583 1505
1408 3 2 1 2 1505 1583 1584 1506
1409 3 2 1 2 1506 1584 1585 1507
1410 3 2 1 2 1507 1585 1586 1508
1411 3 2 1 2 1508 1586 1587 1509
1412 3 2 1 2 1509 1587 1588 1510
1413 3 2 1 2 1510 1588 1589 1511
1414 3 2 1 2 1511 1589 1590 1512
1415 3 2 1 2 1512 1590 1591 1513
1416 3 2 1 2 1513 1591 1592 1514
1417 3 2 1 2 1514 1592 1593 1515
1418 3 2 1 2 1515 1593 1594 1516
1419 3 2 1 2 1516 1594 1595 1517
1420 3 2 1 2 1517 1595 1596 1518
1421 3 2 1 2 1518 1596 1597 1519
1422 3 2 1 2 1519 1597 1598 1520
1423 3 2 1 2 1520 1598 1599 1521
1424 3 2 1 2 1521 1599 1600 1522
1425 3 2 1 2 1522 1600 1601 1523
1426 3 2 1 2 1523 1601 1602 1524
1427 3 2 1 2 1524 1602 1603 1525
1428 3 2 1 2 1525 1603 1604 1526
1429 3 2 1 2 1526 1604 1605 1527
1430 3 2 1 2 1527 1605 1606 1528
1431 3 2 1 2 1528 1606 1607 1529
1432 3 2 1 2 1529 1607 1608 1530
1433 3 2 1 2 1530 1608 337 338
1434 3 2 1 2 171 170 1609 1531
1435 3 2 1 2 1531 1609 1610 1532
1436 3 2 1 2 1532 1610 1611 1533
1437 3 2 1 2 1533 1611 1612 1534
1438 3 2 1 2 1534 1612 1613 1535
1439 3 2 1 2 1535 1613 1614 1536
1440 3 2 1 2 1536 1614 1615 1537
1441 3 2 1 2 1537 1615 1616 1538
1442 3 2 1 2 1538 1616 1617 1539
1443 3 2 1 2 1539 1617 1618 1540
1444 3 2 1 2 1540 1618 1619 1541
1445 3 2 1 2 1541 1619 1620 1542
1446 3 2 1 2 1542 1620 1621 1543
1447 3 2 1 2 1543 1621 1622 1544
1448 3 2 1 2 1544 1622 1623 1545
1449 3 2 1 2 1545 1623 1624 1546
1450 3 2 1 2 1546 1624 1625 1547
1451 3 2 1 2 1547 1625 1626 1548
1452 3 2 1 2 1548 1626 1627 1549
1453 3 2 1 2 1549 1627 1628 1550
1454 3 2 1 2 1550 1628 1629 1551
1455 3 2 1 2 1551 1629 1630 1552
1456 3 2 1 2 1552 1630 1631 1553
1457 3 2 1 2 1553 1631 1632 1554
1458 3 2 1 2 1554 1632 1633 1555
1459 3 2 1 2 1555 1633 1634 1556
1460 3 2 1 2 1556 1634 1635 1557
1461 3 2 1 2 1557 1635 1636 1558
1462 3 2 1 2 1558 1636 1637 1559
1463 3 2 1 2 1559 1637 1638 1560
1464 3 2 1 2 1560 1638 1639 1561
1465 3 2 1 2 1561 1639 1640 1562
1466 3 2 1 2 1562 1640 1641 1563
1467 3 2 1 2 1563 1641 1642 1564
1468 3 2 1 2 1564 1642 1643 1565
1469 3 2 1 2 1565 1643 1644 1566
1470 3 2 1 2 1566 1644 1645 1567
1471 3 2 1 2 1567 1645 1646 1568
1472 3 2 1 2 1568 1646 1647 1569
1473 3 2 1 2 1569 1647 1648 1570
1474 3 2 1 2 1570 1648 1649 1571
1475 3 2 1 2 1571 1649 1650 1572
1476 3 2 1 2 1572 1650 1651 1573
1477 3 2 1 2 1573 1651 1652 1574
1478 3 2 1 2 1574 1652 1653 1575
1479 3 2 1 2 1575 1653 1654 1576
1480 3 2 1 2 1576 1654 1655 1577
1481 3 2 1 2 1577 1655 1656 1578
1482 3 2 1 2 1578 1656 1657 1579
1483 3 2 1 2 1579 1657 1658 1580
1484 3 2 1 2 1580 1658 1659 1581
1485 3 2 1 2 1581 1659 1660 1582
1486 3 2 1 2 1582 1660 1661 1583
1487 3 2 1 2 1583 1661 1662 1584
1488 3 2 1 2 1584 1662 1663 1585
1489 3 2 1 2 1585 1663 1664 1586
1490 3 2 1 2 1586 1664 1665 1587
1491 3 2 1 2 1587 1665 1666 1588
1492 3 2 1 2 1588 1666 1667 1589
1493 3 2 1 2 1589 1667 1668 1590
1494 3 2 1 2 1590 1668 1669 1591
1495 3 2 1 2 1591 1669 1670 1592
1496 3 2 1 2 1592 1670 1671 1593
1497 3 2 1 2 1593 1671 1672 1594
1498 3 2 1 2 1594 1672 1673 1595
1499 3 2 1 2 1595 1673 1674 1596
1500 3 2 1 2 1596 1674 1675 1597
1501 3 2 1 2 1597 1675 1676 1598
1502 3 2 1 2 1598 1676 1677 1599
1503 3 2 1 2 1599 1677 1678 1600
1504 3 2 1 2 1600 1678 1679 1601
1505 3 2 1 2 1601 1679 1680 1602
1506 3 2 1 2 1602 1680 1681 1603
1507 3 2 1 2 1603 1681 1682 1604
1508 3 2 1 2 1604 1682 1683 1605
1509 3 2 1 2 1605 1683 1684 1606
1510 3 2 1 2 1606 1684 1685 1607
1511 3 2 1 2 1607 1685 1686 1608
1512 3 2 1 2 1608 1686 336 337
1513 3 2 1 2 170 169 1687 1609
1514 3 2 1 2 1609 1687 1688 1610
1515 3 2 1 2 1610 1688 1689 1611
1516 3 2 1 2 1611 1689 1690 1612
1517 3 2 1 2 1612 1690 1691 1613
1518 3 2 1 2 1613 1691 1692 1614
1519 3 2 1 2 1614 1692 1693 1615
1520 3 2 1 2 1615 1693 1694 1616
1521 3 2 1 2 1616 1694 1695 1617
1522 3 2 1 2 1617 1695 1696 1618
1523 3 2 1 2 1618 1696 1697 1619
1524 3 2 1 2 1619 1697 1698 1620
1525 3 2 1 2 1620 1698 1699 1621
1526 3 2 1 2 1621 1699 1700 1622
1527 3 2 1 2 1622 1700 1701 1623
1528 3 2 1 2 1623 1701 1702 1624
1529 3 2 1 2 1624 1702 1703 1625
1530 3 2 1 2 1625 1703 1704 1626
1531 3 2 1 2 1626 1704 1705 1627
1532 3 2 1 2 1627 1705 1706 1628
1533 3 2 1 2 1628 1706 1707 1629
1534 3 2 1 2 1629 1707 1708 1630
1535 3 2 1 2 1630 1708 1709 1631
1536 3 2 1 2 1631 1709 1710 1632
1537 3 2 1 2 1632 1710 1711 1633
1538 3 2 1 2 1633 1711 1712 1634
1539 3 2 1 2 1634 1712 1713 1635
1540 3 2 1 2 1635 1713 1714 1636
1541 3 2 1 2 1636 1714 1715 1637
1542 3 2 1 2 1637 1715 1716 1638
1543 3 2 1 2 1638 1716 1717 1639
1544 3 2 1 2 1639 1717 1718 1640
1545 3 2 1 2 1640 1718 1719 1641
1546 3 2 1 2 1641 1719 1720 1642
1547 3 2 1 2 1642 1720 1721 1643
1548 3 2 1 2 1643 1721 1722 1644
1549 3 2 1 2 1644 1722 1723 1645
1550 3 2 1 2 1645 1723 1724 1646
1551 3 2 1 2 1646 1724 1725 1647
1552 3 2 1 2 1647 1725 1726 1648
1553 3 2 1 2 1648 1726 1727 1649
1554 3 2 1 2 1649 1727 1728 1650
1555 3 2 1 2 1650 1728 1729 1651
1556 3 2 1 2 1651 1729 1730 1652
1557 3 2 1 2 1652 1730 1731 1653
1558 3 2 1 2 1653 1731 1732 1654
1559 3 2 1 2 1654 1732 1733 1655
1560 3 2 1 2 1655 1733 1734 1656
1561 3 2 1 2 1656 1734 1735 1657
1562 3 2 1 2 1657 1735 1736 1658
1563 3 2 1 2 1658 1736 1737 1659
1564 3 2 1 2 1659 1737 1738 1660
1565 3 2 1 2 1660 1738 1739 1661
1566 3 2 1 2 1661 1739 1740 1662
1567 3 2 1 2 1662 1740 1741 1663
1568 3 2 1 2 1663 1741 1742 1664
1569 3 2 1 2 1664 1742 1743 1665
1570 3 2 1 2 1665 1743 1744 1666
1571 3 2 1 2 1666 1744 1745 1667
1572 3 2 1 2 1667 1745 1746 1668
1573 3 2 1 2 1668 1746 1747 1669
1574 3 2 1 2 1669 1747 1748 1670
1575 3 2 1 2 1670 1748 1749 1671
1576 3 2 1 2 1671 1749 1750 1672
1577 3 2 1 2 1672 1750 1751 1673
1578 3 2 1 2 1673 1751 1752 1674
1579 3 2 1 2 1674 1752 1753 1675
1580 3 2 1 2 1675 1753 1754 1676
1581 3 2 1 2 1676 1754 1755 1677
1582 3 2 1 2 1677 1755 1756 1678
1583 3 2 1 2 1678 1756 1757 1679
1584 3 2 1 2 1679 1757 1758 1680
1585 3 2 1 2 1680 1758 1759 1681
1586 3 2 1 2 1681 1759 1760 1682
1587 3 2 1 2 1682 1760 1761 1683
1588 3 2 1 2 1683 1761 1762 1684
1589 3 2 1 2 1684 1762 1763 1685
1590 3 2 1 2 1685 1763 1764 1686
1591 3 2 1 2 1686 1764 335 336
1592 3 2 1 2 169 168 1765 1687
1593 3 2 1 2 1687 1765 1766 1688
1594 3 2 1 2 1688 1766 1767 1689
1595 3 2 1 2 1689 1767 1768 1690
1596 3 2 1 2 1690 1768 1769 1691
1597 3 2 1 2 1691 1769 1770 1692
1598 3 2 1 2 1692 1770 1771 1693
1599 3 2 1 2 1693 1771 1772 1694
1600 3 2 1 2 1694 1772 1773 1695
1601 3 2 1 2 1695 1773 1774 1696
1602 3 2 1 2 1696 1774 1775 1697
1603 3 2 1 2 1697 1775 1776 1698
1604 3 2 1 2 1698 1776 1777 1699
1605 3 2 1 2 1699 1777 1778 1700
1606 3 2 1 2 1700 1778 1779 1701
1607 3 2 1 2 1701 1779 1780 1702
1608 3 2 1 2 1702 1780 1781 1703
1609 3 2 1 2 1703 1781 1782 1704
1610 3 2 1 2 1704 1782 1783 1705
1611 3 2 1 2 1705 1783 1784 1706
1612 3 2 1 2 1706 1784 1785 1707
1613 3 2 1 2 1707 1785 1786 1708
1614 3 2 1 2 1708 1786 1787 1709
1615 3 2 1 2 1709 1787 1788 1710
1616 3 2 1 2 1710 1788 1789 1711
1617 3 2 1 2 1711 1789 1790 1712
1618 3 2 1 2 1712 1790 1791 1713
1619 3 2 1 2 1713 1791 1792 1714
1620 3 2 1 2 1714 1792 1793 1715
1621 3 2 1 2 1715 1793 1794 1716
1622 3 2 1 2 1716 1794 1795 1717
1623 3 2 1 2 1717 1795 1796 1718
1624 3 2 1 2 1718 1796 1797 1719
1625 3 2 1 2 1719 1797 1798 1720
1626 3 2 1 2 1720 1798 1799 1721
1627 3 2 1 2 1721 1799 1800 1722
1628 3 2 1 2 1722 1800 1801 1723
1629 3 2 1 2 1723 1801 1802 1724
1630 3 2 1 2 1724 1802 1803 1725
1631 3 2 1 2 1725 1803 1804 1726
1632 3 2 1 2 1726 1804 1805 1727
1633 3 2 1 2 1727 1805 1806 1728
1634 3 2 1 2 1728 1806 1807 1729
1635 3 2 1 2 1729 1807 1808 1730
1636 3 2 1 2 1730 1808 1809 1731
1637 3 2 1 2 1731 1809 1810 1732
1638 3 2 1 2 1732 1810 1811 1733
1639 3 2 1 2 1733 1811 1812 1734
1640 3 2 1 2 1734 1812 1813 1735
1641 3 2 1 2 1735 1813 1814 1736
1642 3 2 1 2 1736 1814 1815 1737
1643 3 2 1 2 1737 1815 1816 1738
1644 3 2 1 2 1738 1816 1817 1739
1645 3 2 1 2 1739 1817 1818 1740
1646 3 2 1 2 1740 1818 1819 1741
1647 3 2 1 2 1741 1819 1820 1742
1648 3 2 1 2 1742 1820 1821 1743
1649 3 2 1 2 1743 1821 1822 1744
1650 3 2 1 2 1744 1822 1823 1745
1651 3 2 1 2 1745 1823 1824 1746
1652 3 2 1 2 1746 1824 1825 1747
1653 3 2 1 2 1747 1825 1826 1748
1654 3 2 1 2 1748 1826 1827 1749
1655 3 2 1 2 1749 1827 1828 1750
1656 3 2 1 2 1750 1828 1829 1751
1657 3 2 1 2 1751 1829 1830 1752
1658 3 2 1 2 1752 1830 1831 1753
1659 3 2 1 2 1753 1831 1832 1754
1660 3 2 1 2 1754 1832 1833 1755
1661 3 2 1 2 1755 1833 1834 1756
1662 3 2 1 2 1756 1834 1835 1757
1663 3 2 1 2 1757 1835 1836 1758
1664 3 2 1 2 1758 1836 1837 1759
1665 3 2 1 2 1759 1837 1838 1760
1666 3 2 1 2 1760 1838 1839 1761
1667 3 2 1 2 1761 1839 1840 1762
1668 3 2 1 2 1762 1840 1841 1763
1669 3 2 1 2 1763 1841 1842 1764
1670 3 2 1 2 1764 1842 334 335
1671 3 2 1 2 168 167 1843 1765
1672 3 2 1 2 1765 1843 1844 1766
1673 3 2 1 2 1766 1844 1845 1767
1674 3 2 1 2 1767 1845 1846 1768
1675 3 2 1 2 1768 1846 1847 1769
1676 3 2 1 2 1769 1847 1848 1770
1677 3 2 1 2 1770 1848 1849 1771
1678 3 2 1 2 1771 1849 1850 1772
1679 3 2 1 2 1772 1850 1851 1773
1680 3 2 1 2 1773 1851 1852 1774
1681 3 2 1 2 1774 1852 1853 1775
1682 3 2 1 2 1775 1853 1854 1776
1683 3 2 1 2 1776 1854 1855 1777
1684 3 2 1 2 1777 1855 1856 1778
1685 3 2 1 2 1778 1856 1857 1779
1686 3 2 1 2 1779 1857 1858 1780
1687 3 2 1 2 1780 1858 1859 1781
1688 3 2 1 2 1781 1859 1860 1782
1689 3 2 1 2 1782 1860 1861 1783
1690 3 2 1 2 1783 1861 1862 1784
1691 3 2 1 2 1784 1862 1863 1785
1692 3 2 1 2 1785 1863 1864 1786
1693 3 2 1 2 1786 1864 1865 1787
1694 3 2 1 2 1787 1865 1866 1788
1695 3 2 1 2 1788 1866 1867 1789
1696 3 2 1 2 1789 1867 1868 1790
1697 3 2 1 2 1790 1868 1869 1791
1698 3 2 1 2 1791 1869 1870 1792
1699 3 2 1 2 1792 1870 1871 1793
1700 3 2 1 2 1793 1871 1872 1794
1701 3 2 1 2 1794 1872 1873 1795
1702 3 2 1 2 1795 1873 1874 1796
1703 3 2 1 2 1796 1874 1875 1797
1704 3 2 1 2 1797 1875 1876 1798
1705 3 2 1 2 1798 1876 1877 1799
1706 3 2 1 2 1799 1877 1878 1800
1707 3 2 1 2 1800 1878 1879 1801
1708 3 2 1 2 1801 1879 1880 1802
1709 3 2 1 2 1802 1880 1881 1803
1710 3 2 1 2 1803 1881 1882 1804
1711 3 2 1 2 1804 1882 1883 1805
1712 3 2 1 2 1805 1883 1884 1806
1713 3 2 1 2 1806 1884 1885 1807
1714 3 2 1 2 1807 1885 1886 1808
1715 3 2 1 2 1808 1886 1887 1809
1716 3 2 1 2 1809 1887 1888 1810
1717 3 2 1 2 1810 1888 1889 1811
1718 3 2 1 2 1811 1889 1890 1812
1719 3 2 1 2 1812 1890 1891 1813
1720 3 2 1 2 1813 1891 1892 1814
1721 3 2 1 2 1814 1892 1893 1815
1722 3 2 1 2 1815 1893 1894 1816
1723 3 2 1 2 1816 1894 1895 1817
1724 3 2 1 2 1817 1895 1896 1818
1725 3 2 1 2 1818 1896 1897 1819
1726 3 2 1 2 1819 1897 1898 1820
1727 3 2 1 2 1820 1898 1899 1821
1728 3 2 1 2 1821 1899 1900 1822
1729 3 2 1 2 1822 1900 1901 1823
1730 3 2 1 2 1823 1901 1902 1824
1731 3 2 1 2 1824 1902 1903 1825
1732 3 2 1 2 1825 1903 1904 1826
1733 3 2 1 2 1826 1904 1905 1827
1734 3 2 1 2 1827 1905 1906 1828
1735 3 2 1 2 1828 1906 1907 1829
1736 3 2 1 2 1829 1907 1908 1830
1737 3 2 1 2 1830 1908 1909 1831
1738 3 2 1 2 1831 1909 1910 1832
1739 3 2 1 2 1832 1910 1911 1833
1740 3 2 1 2 1833 1911 1912 1834
1741 3 2 1 2 1834 1912 1913 1835
1742 3 2 1 2 1835 1913 1914 1836
1743 3 2 1 2 1836 1914 1915 1837
1744 3 2 1 2 1837 1915 1916 1838
1745 3 2 1 2 1838 1916 1917 1839
1746 3 2 1 2 1839 1917 1918 1840
1747 3 2 1 2 1840 1918 1919 1841
1748 3 2 1 2 1841 1919 1920 1842
1749 3 2 1 2 1842 1920 333 334
1750 3 2 1 2 167 166 1921 1843
1751 3 2 1 2 1843 1921 1922 1844
1752 3 2 1 2 1844 1922 1923 1845
1753 3 2 1 2 1845 1923 1924 1846
1754 3 2 1 2 1846 1924 1925 1847
1755 3 2 1 2 1847 1925 1926 1848
1756 3 2 1 2 1848 1926 1927 1849
1757 3 2 1 2 1849 1927 1928 1850
1758 3 2 1 2 1850 1928 1929 1851
1759 3 2 1 2 1851 1929 1930 1852
1760 3 2 1 2 1852 1930 1931 1853
1761 3 2 1 2 1853 1931 1932 1854
1762 3 2 1 2 1854 1932 1933 1855
1763 3 2 1 2 1855 1933 1934 1856
1764 3 2 1 2 1856 1934 1935 1857
1765 3 2 1 2 1857 1935 1936 1858
1766 3 2 1 2 1858 1936 1937 1859
1767 3 2 1 2 1859 1937 1938 1860
1768 3 2 1 2 1860 1938 1939 1861
1769 3 2 1 2 1861 1939 1940 1862
1770 3 2 1 2 1862 1940 1941 1863
1771 3 2 1 2 1863 1941 1942 1864
1772 3 2 1 2 1864 1942 1943 1865
1773 3 2 1 2 1865 1943 1944 1866
1774 3 2 1 2 1866 1944 1945 1867
1775 3 2 1 2 1867 1945 1946 1868
1776 3 2 1 2 1868 1946 1947 1869
1777 3 2 1 2 1869 1947 1948 1870
1778 3 2 1 2 1870 1948 1949 1871
1779 3 2 1 2 1871 1949 1950 1872
1780 3 2 1 2 1872 1950 1951 1873
1781 3 2 1 2 1873 1951 1952 1874
1782 3 2 1 2 1874 1952 1953 1875
1783 3 2 1 2 1875 1953 1954 1876
1784 3 2 1 2 1876 1954 1955 1877
1785 3 2 1 2 1877 1955 1956 1878
1786 3 2 1 2 1878 1956 1957 1879
1787 3 2 1 2 1879 1957 1958 1880
1788 3 2 1 2 1880 1958 1959 1881
1789 3 2 1 2 1881 1959 1960 1882
1790 3 2 1 2 1882 1960 1961 1883
1791 3 2 1 2 1883 1961 1962 1884
1792 3 2 1 2 1884 1962 1963 1885
1793 3 2 1 2 1885 1963 1964 1886
1794 3 2 1 2 1886 1964 1965 1887
1795 3 2 1 2 1887 1965 1966 1888
1796 3 2 1 2 1888 1966 1967 1889
1797 3 2 1 2 1889 1967 1968 1890
1798 3 2 1 2 1890 1968 1969 1891
1799 3 2 1 2 1891 1969 1970 1892
1800 3 2 1 2 1892 1970 1971 1893
1801 3 2 1 2 1893 1971 1972 1894
1802 3 2 1 2 1894 1972 1973 1895
1803 3 2 1 2 1895 1973 1974 1896
1804 3 2 1 2 1896 1974 1975 1897
1805 3 2 1 2 1897 1975 1976 1898
1806 3 2 1 2 1898 1976 1977 1899
1807 3 2 1 2 1899 1977 1978 1900
1808 3 2 1 2 1900 1978 1979 1901
1809 3 2 1 2 1901 1979 1980 1902
1810 3 2 1 2 1902 1980 1981 1903
1811 3 2 1 2 1903 1981 1982 1904
1812 3 2 1 2 1904 1982 1983 1905
1813 3 2 1 2 1905 1983 1984 1906
1814 3 2 1 2 1906 1984 1985 1907
1815 3 2 1 2 1907 1985 1986 1908
1816 3 2 1 2 1908 1986 1987 1909
1817 3 2 1 2 1909 1987 1988 1910
1818 3 2 1 2 1910 1988 1989 1911
1819 3 2 1 2 1911 1989 1990 1912
1820 3 2 1 2 1912 1990 1991 1913
1821 3 2 1 2 1913 1991 1992 1914
1822 3 2 1 2 1914 1992 1993 1915
1823 3 2 1 2 1915 1993 1994 1916
1824 3 2 1 2 1916 1994 1995 1917
1825 3 2 1 2 1917 1995 1996 1918
1826 3 2 1 2 1918 1996 1997 1919
1827 3 2 1 2 1919 1997 1998 1920
1828 3 2 1 2 1920 1998 332 333
1829 3 2 1 2 166 165 1999 1921
1830 3 2 1 2 1921 1999 2000 1922
1831 3 2 1 2 1922 2000 2001 1923
1832 3 2 1 2 1923 2001 2002 1924
1833 3 2 1 2 1924 2002 2003 1925
1834 3 2 1 2 1925 2003 2004 1926
1835 3 2 1 2 1926 2004 2005 1927
1836 3 2 1 2 1927 2005 2006 1928
1837 3 2 1 2 1928 2006 2007 1929
1838 3 2 1 2 1929 2007 2008 1930
1839 3 2 1 2 1930 2008 2009 1931
1840 3 2 1 2 1931 2009 2010 1932
1841 3 2 1 2 1932 2010 2011 1933
1842 3 2 1 2 1933 2011 2012 1934
1843 3 2 1 2 1934 2012 2013 1935
1844 3 2 1 2 1935 2013 2014 1936
1845 3 2 1 2 1936 2014 2015 1937
1846 3 2 1 2 1937 2015 2016 1938
1847 3 2 1 2 1938 2016 2017 1939
1848 3 2 1 2 1939 2017 2018 1940
1849 3 2 1 2 1940 2018 2019 1941
1850 3 2 1 2 1941 2019 2020 1942
1851 3 2 1 2 1942 2020 2021 1943
1852 3 2 1 2 1943 2021 2022 1944
1853 3 2 1 2 1944 2022 2023 1945
1854 3 2 1 2 1945 2023 2024 1946
1855 3 2 1 2 1946 2024 2025 1947
1856 3 2 1 2 1947 2025 2026 1948
1857 3 2 1 2 1948 2026 2027 1949
1858 3 2 1 2 1949 2027 2028 1950
1859 3 2 1 2 1950 2028 2029 1951
1860 3 2 1 2 1951 2029 2030 1952
1861 3 2 1 2 1952 2030 2031 1953
1862 3 2 1 2 1953 2031 2032 1954
1863 3 2 1 2 1954 2032 2033 1955
1864 3 2 1 2 1955 2033 2034 1956
1865 3 2 1 2 1956 2034 2035 1957
1866 3 2 1 2 1957 2035 2036 1958
1867 3 2 1 2 1958 2036 2037 1959
1868 3 2 1 2 1959 2037 2038 1960
1869 3 2 1 2 1960 2038 2039 1961
1870 3 2 1 2 1961 2039 2040 1962
1871 3 2 1 2 1962 2040 2041 1963
1872 3 2 1 2 1963 2041 2042 1964
1873 3 2 1 2 1964 2042 2043 1965
1874 3 2 1 2 1965 2043 2044 1966
1875 3 2 1 2 1966 2044 2045 1967
1876 3 2 1 2 1967 2045 2046 1968
1877 3 2 1 2 1968 2046 2047 1969
1878 3 2 1 2 1969 2047 2048 1970
1879 3 2 1 2 1970 2048 2049 1971
1880 3 2 1 2 1971 2049 2050 1972
1881 3 2 1 2 1972 2050 2051 1973
1882 3 2 1 2 1973 2051 2052 1974
1883 3 2 1 2 1974 2052 2053 1975
1884 3 2 1 2 1975 2053 2054 1976
1885 3 2 1 2 1976 2054 2055 1977
1886 3 2 1 2 1977 2055 2056 1978
1887 3 2 1 2 1978 2056 2057 1979
1888 3 2 1 2 1979 2057 2058 1980
1889 3 2 1 2 1980 2058 2059 1981
1890 3 2 1 2 1981 2059 2060 1982
1891 3 2 1 2 1982 2060 2061 1983
1892 3 2 1 2 1983 2061 2062 1984
1893 3 2 1 2 1984 2062 2063 1985
1894 3 2 1 2 1985 2063 2064 1986
1895 3 2 1 2 1986 2064 2065 1987
1896 3 2 1 2 1987 2065 2066 1988
1897 3 2 1 2 1988 2066 2067 1989
1898 3 2 1 2 1989 2067 2068 1990
1899 3 2 1 2 1990 2068 2069 1991
1900 3 2 1 2 1991 2069 2070 1992
1901 3 2 1 2 1992 2070 2071 1993
1902 3 2 1 2 1993 2071 2072 1994
1903 3 2 1 2 1994 2072 2073 1995
1904 3 2 1 2 1995 2073 2074 1996
1905 3 2 1 2 1996 2074 2075 1997
1906 3 2 1 2 1997 2075 2076 1998
1907 3 2 1 2 1998 2076 331 332
1908 3 2 1 2 165 164 2077 1999
1909 3 2 1 2 1999 2077 2078 2000
1910 3 2 1 2 2000 2078 2079 2001
1911 3 2 1 2 2001 2079 2080 2002
1912 3 2 1 2 2002 2080 2081 2003
1913 3 2 1 2 2003 2081 2082 2004
1914 3 2 1 2 2004 2082 2083 2005
1915 3 2 1 2 2005 2083 2084 2006
1916 3 2 1 2 2006 2084 2085 2007
1917 3 2 1 2 2007 2085 2086 2008
1918 3 2 1 2 2008 2086 2087 2009
1919 3 2 1 2 2009 2087 2088 2010
1920 3 2 1 2 2010 2088 2089 2011
1921 3 2 1 2 2011 2089 2090 2012
1922 3 2 1 2 2012 2090 2091 2013
1923 3 2 1 2 2013 2091 2092 2014
1924 3 2 1 2 2014 2092 2093 2015
1925 3 2 1 2 2015 2093 2094 2016
1926 3 2 1 2 2016 2094 2095 2017
1927 3 2 1 2 2017 2095 2096 2018
1928 3 2 1 2 2018 2096 2097 2019
1929 3 2 1 2 2019 2097 2098 2020
1930 3 2 1 2 2020 2098 2099 2021
1931 3 2 1 2 2021 2099 2100 2022
1932 3 2 1 2 2022 2100 2101 2023
1933 3 2 1 2 2023 2101 2102 2024
1934 3 2 1 2 2024 2102 2103 2025
1935 3 2 1 2 2025 2103 2104 2026
1936 3 2 1 2 2026 2104 2105 2027
1937 3 2 1 2 2027 2105 2106 2028
1938 3 2 1 2 2028 2106 2107 2029
1939 3 2 1 2 2029 2107 2108 2030
1940 3 2 1 2 2030 2108 2109 2031
1941 3 2 1 2 2031 2109 2110 2032
1942 3 2 1 2 2032 2110 2111 2033
1943 3 2 1 2 2033 2111 2112 2034
1944 3 2 1 2 2034 2112 2113 2035
1945 3 2 1 2 2035 2113 2114 2036
1946 3 2 1 2 2036 2114 2115 2037
1947 3 2 1 2 2037 2115 2116 2038
1948 3 2 1 2 2038 2116 2117 2039
1949 3 2 1 2 2039 2117 2118 2040
1950 3 2 1 2 2040 2118 2119 2041
1951 3 2 1 2 2041 2119 2120 2042
1952 3 2 1 2 2042 2120 2121 2043
1953 3 2 1 2 2043 2121 2122 2044
1954 3 2 1 2 2044 2122 2123 2045
1955 3 2 1 2 2045 2123 2124 2046
1956 3 2 1 2 2046 2124 2125 2047
1957 3 2 1 2 2047 2125 2126 2048
1958 3 2 1 2 2048 2126 2127 2049
1959 3 2 1 2 2049 2127 2128 2050
1960 3 2 1 2 2050 2128 2129 2051
1961 3 2 1 2 2051 2129 2130 2052
1962 3 2 1 2 2052 2130 2131 2053
1963 3 2 1 2 2053 2131 2132 2054
1964 3 2 1 2 2054 2132 2133 2055
1965 3 2 1 2 2055 2133 2134 2056
1966 3 2 1 2 2056 2134 2135 2057
1967 3 2 1 2 2057 2135 2136 2058
1968 3 2 1 2 2058 2136 2137 2059
1969 3 2 1 2 2059 2137 2138 2060
1970 3 2 1 2 2060 2138 2139 2061
1971 3 2 1 2 2061 2139 2140 2062
1972 3 2 1 2 2062 2140 2141 2063
1973 3 2 1 2 2063 2141 2142 2064
1974 3 2 1 2 2064 2142 2143 2065
1975 3 2 1 2 2065 2143 2144 2066
1976 3 2 1 2 2066 2144 2145 2067
1977 3 2 1 2 2067 2145 2146 2068
1978 3 2 1 2 2068 2146 2147 2069
1979 3 2 1 2 2069 2147 2148 2070
1980 3 2 1 2 2070 2148 2149 2071
1981 3 2 1 2 2071 2149 2150 2072
1982 3 2 1 2 2072 2150 2151 2073
1983 3 2 1 2 2073 2151 2152 2074
1984 3 2 1 2 2074 2152 2153 2075
1985 3 2 1 2 2075 2153 2154 2076
1986 3 2 1 2 2076 2154 330 331
1987 3 2 1 2 164 163 2155 2077
1988 3 2 1 2 2077 2155 2156 2078
1989 3 2 1 2 2078 2156 2157 2079
1990 3 2 1 2 2079 2157 2158 2080
1991 3 2 1 2 2080 2158 2159 2081
1992 3 2 1 2 2081 2159 2160 2082
1993 3 2 1 2 2082 2160 2161 2083
1994 3 2 1 2 2083 2161 2162 2084
1995 3 2 1 2 2084 2162 2163 2085
1996 3 2 1 2 2085 2163 2164 2086
1997 3 2 1 2 2086 2164 2165 2087
1998 3 2 1 2 2087 2165 2166 2088
1999 3 2 1 2 2088 2166 2167 2089
2000 3 2 1 2 2089 2167 2168 2090
2001 3 2 1 2 2090 2168 2169 2091
2002 3 2 1 2 2091 2169 2170 2092
2003 3 2 1 2 2092 2170 2171 2093
2004 3 2 1 2 2093 2171 2172 2094
2005 3 2 1 2 2094 2172 2173 2095
2006 3 2 1 2 2095 2173 2174 2096
2007 3 2 1 2 2096 2174 2175 2097
2008 3 2 1 2 2097 2175 2176 2098
2009 3 2 1 2 2098 2176 2177 2099
2010 3 2 1 2 2099 2177 2178 2100
2011 3 2 1 2 2100 2178 2179 2101
2012 3 2 1 2 2101 2179 2180 2102
2013 3 2 1 2 2102 2180 2181 2103
2014 3 2 1 2 2103 2181 2182 2104
2015 3 2 1 2 2104 2182 2183 2105
2016 3 2 1 2 2105 2183 2184 2106
2017 3 2 1 2 2106 2184 2185 2107
2018 3 2 1 2 2107 2185 2186 2108
2019 3 2 1 2 2108 2186 2187 2109
2020 3 2 1 2 2109 2187 2188 2110
2021 3 2 1 2 2110 2188 2189 2111
2022 3 2 1 2 2111 2189 2190 2112
2023 3 2 1 2 2112 2190 2191 2113
2024 3 2 1 2 2113 2191 2192 2114
2025 3 2 1 2 2114 2192 2193 2115
2026 3 2 1 2 2115 2193 2194 2116
2027 3 2 1 2 2116 2194 2195 2117
2028 3 2 1 2 2117 2195 2196 2118
2029 3 2 1 2 2118 2196 2197 2119
2030 3 2 1 2 2119 2197 2198 2120
2031 3 2 1 2 2120 2198 2199 2121
2032 3 2 1 2 2121 2199 2200 2122
2033 3 2 1 2 2122 2200 2201 2123
2034 3 2 1 2 2123 2201 2202 2124
2035 3 2 1 2 2124 2202 2203 2125
2036 3 2 1 2 2125 2203 2204 2126
2037 3 2 1 2 2126 2204 2205 2127
2038 3 2 1 2 2127 2205 2206 2128
2039 3 2 1 2 2128 2206 2207 2129
2040 3 2 1 2 2129 2207 2208 2130
2041 3 2 1 2 2130 2208 2209 2131
2042 3 2 1 2 2131 2209 2210 2132
2043 3 2 1 2 2132 2210 2211 2133
2044 3 2 1 2 2133 2211 2212 2134
2045 3 2 1 2 2134 2212 2213 2135
2046 3 2 1 2 2135 2213 2214 2136
2047 3 2 1 2 2136 2214 2215 2137
2048 3 2 1 2 2137 2215 2216 2138
2049 3 2 1 2 2138 2216 2217 2139
2050 3 2 1 2 2139 2217 2218 2140
2051 3 2 1 2 2140 2218 2219 2141
2052 3 2 1 2 2141 2219 2220 2142
2053 3 2 1 2 2142 2220 2221 2143
2054 3 2 1 2 2143 2221 2222 2144
2055 3 2 1 2 2144 2222 2223 2145
2056 3 2 1 2 2145 2223 2224 2146
2057 3 2 1 2 2146 2224 2225 2147
2058 3 2 1 2 2147 2225 2226 2148
2059 3 2 1 2 2148 2226 2227 2149
2060 3 2 1 2 2149 2227 2228 2150
2061 3 2 1 2 2150 2228 2229 2151
2062 3 2 1 2 2151 2229 2230 2152
2063 3 2 1 2 2152 2230 2231 2153
2064 3 2 1 2 2153 2231 2232 2154
2065 3 2 1 2 2154 2232 329 330
2066 3 2 1 2 163 162 2233 2155
2067 3 2 1 2 2155 2233 2234 2156
2068 3 2 1 2 2156 2234 2235 2157
2069 3 2 1 2 2157 2235 2236 2158
2070 3 2 1 2 2158 2236 2237 2159
2071 3 2 1 2 2159 2237 2238 2160
2072 3 2 1 2 2160 2238 2239 2161
2073 3 2 1 2 2161 2239 2240 2162
2074 3 2 1 2 2162 2240 2241 2163
2075 3 2 1 2 2163 2241 2242 2164
2076 3 2 1 2 2164 2242 2243 2165
2077 3 2 1 2 2165 2243 2244 2166
2078 3 2 1 2 2166 2244 2245 2167
2079 3 2 1 2 2167 2245 2246 2168
2080 3 2 1 2 2168 2246 2247 2169
2081 3 2 1 2 2169 2247 2248 2170
2082 3 2 1 2 2170 2248 2249 2171
2083 3 2 1 2 2171 2249 2250 2172
2084 3 2 1 2 2172 2250 2251 2173
2085 3 2 1 2 2173 2251 2252 2174
2086 3 2 1 2 2174 2252 2253 2175
2087 3 2 1 2 2175 2253 2254 2176
2088 3 2 1 2 2176 2254 2255 2177
2089 3 2 1 2 2177 2255 2256 2178
2090 3 2 1 2 2178 2256 2257 2179
2091 3 2 1 2 2179 2257 2258 2180
2092 3 2 1 2 2180 2258 2259 2181
2093 3 2 1 2 2181 2259 2260 2182
2094 3 2 1 2 2182 2260 2261 2183
2095 3 2 1 2 2183 2261 2262 2184
2096 3 2 1 2 2184 2262 2263 2185
2097 3 2 1 2 2185 2263 2264 2186
2098 3 2 1 2 2186 2264 2265 2187
2099 3 2 1 2 2187 2265 2266 2188
2100 3 2 1 2 2188 2266 2267 2189
2101 3 2 1 2 2189 2267 2268 2190
2102 3 2 1 2 2190 2268 2269 2191
2103 3 2 1 2 2191 2269 2270 2192
2104 3 2 1 2 2192 2270 2271 2193
2105 3 2 1 2 2193 2271 2272 2194
2106 3 2 1 2 2194 2272 2273 2195
2107 3 2 1 2 2195 2273 2274 2196
2108 3 2 1 2 2196 2274 2275 2197
2109 3 2 1 2 2197 2275 2276 2198
2110 3 2 1 2 2198 2276 2277 2199
2111 3 2 1 2 2199 2277 2278 2200
2112 3 2 1 2 2200 2278 2279 2201
2113 3 2 1 2 2201 2279 2280 2202
2114 3 2 1 2 2202 2280 2281 2203
2115 3 2 1 2 2203 2281 2282 2204
2116 3 2 1 2 2204 2282 2283 2205
2117 3 2 1 2 2205 2283 2284 2206
2118 3 2 1 2 2206 2284 2285 2207
2119 3 2 1 2 2207 2285 2286 2208
2120 3 2 1 2 2208 2286 2287 2209
2121 3 2 1 2 2209 2287 2288 2210
2122 3 2 1 2 2210 2288 2289 2211
2123 3 2 1 2 2211 2289 2290 2212
2124 3 2 1 2 2212 2290 2291 2213
2125 3 2 1 2 2213 2291 2292 2214
2126 3 2 1 2 2214 2292 2293 2215
2127 3 2 1 2 2215 2293 2294 2216
2128 3 2 1 2 2216 2294 2295 2217
2129 3 2 1 2 2217 2295 2296 2218
2130 3 2 1 2 2218 2296 2297 2219
2131 3 2 1 2 2219 2297 2298 2220
2132 3 2 1 2 2220 2298 2299 2221
2133 3 2 1 2 2221 2299 2300 2222
2134 3 2 1 2 2222 2300 2301 2223
2135 3 2 1 2 2223 2301 2302 2224
2136 3 2 1 2 2224 2302 2303 2225
2137 3 2 1 2 2225 2303 2304 2226
2138 3 2 1 2 2226 2304 2305 2227
2139 3 2 1 2 2227 2305 2306 2228
2140 3 2 1 2 2228 2306 2307 2229
2141 3 2 1 2 2229 2307 2308 2230
2142 3 2 1 2 2230 2308 2309 2231
2143 3 2 1 2 2231 2309 2310 2232
2144 3 2 1 2 2232 2310 328 329
2145 3 2 1 2 162 161 2311 2233
2146 3 2 1 2 2233 2311 2312 2234
2147 3 2 1 2 2234 2312 2313 2235
2148 3 2 1 2 2235 2313 2314 2236
2149 3 2 1 2 2236 2314 2315 2237
2150 3 2 1 2 2237 2315 2316 2238
2151 3 2 1 2 2238 2316 2317 2239
2152 3 2 1 2 2239 2317 2318 2240
2153 3 2 1 2 2240 2318 2319 2241
2154 3 2 1 2 2241 2319 2320 2242
2155 3 2 1 2 2242 2320 2321 2243
2156 3 2 1 2 2243 2321 2322 2244
2157 3 2 1 2 2244 2322 2323 2245
2158 3 2 1 2 2245 2323 2324 2246
2159 3 2 1 2 2246 2324 2325 2247
2160 3 2 1 2 2247 2325 2326 2248
2161 3 2 1 2 2248 2326 2327 2249
2162 3 2 1 2 2249 2327 2328 2250
2163 3 2 1 2 2250 2328 2329 2251
2164 3 2 1 2 2251 2329 2330 2252
2165 3 2 1 2 2252 2330 2331 2253
2166 3 2 1 2 2253 2331 2332 2254
2167 3 2 1 2 2254 2332 2333 2255
2168 3 2 1 2 2255 2333 2334 2256
2169 3 2 1 2 2256 2334 2335 2257
2170 3 2 1 2 2257 2335 2336 2258
2171 3 2 1 2 2258 2336 2337 2259
2172 3 2 1 2 2259 2337 2338 2260
2173 3 2 1 2 2260 2338 2339 2261
2174 3 2 1 2 2261 2339 2340 2262
2175 3 2 1 2 2262 2340 2341 2263
2176 3 2 1 2 2263 2341 2342 2264
2177 3 2 1 2 2264 2342 2343 2265
2178 3 2 1 2 2265 2343 2344 2266
2179 3 2 1 2 2266 2344 2345 2267
2180 3 2 1 2 2267 2345 2346 2268
2181 3 2 1 2 2268 2346 2347 2269
2182 3 2 1 2 2269 2347 2348 2270
2183 3 2 1 2 2270 2348 2349 2271
2184 3 2 1 2 2271 2349 2350 2272
2185 3 2 1 2 2272 2350 2351 2273
2186 3 2 1 2 2273 2351 2352 2274
2187 3 2 1 2 2274 2352 2353 2275
2188 3 2 1 2 2275 2353 2354 2276
2189 3 2 1 2 2276 2354 2355 2277
2190 3 2 1 2 2277 2355 2356 2278
2191 3 2 1 2 2278 2356 2357 2279
2192 3 2 1 2 2279 2357 2358 2280
2193 3 2 1 2 2280 2358 2359 2281
2194 3 2 1 2 2281 2359 2360 2282
2195 3 2 1 2 2282 2360 2361 2283
2196 3 2 1 2 2283 2361 2362 2284
2197 3 2 1 2 2284 2362 2363 2285
2198 3 2 1 2 2285 2363 2364 2286
2199 3 2 1 2 2286 2364 2365 2287
2200 3 2 1 2 2287 2365 2366 2288
2201 3 2 1 2 2288 2366 2367 2289
2202 3 2 1 2 2289 2367 2368 2290
2203 3 2 1 2 2290 2368 2369 2291
2204 3 2 1 2 2291 2369 2370 2292
2205 3 2 1 2 2292 2370 2371 2293
2206 3 2 1 2 2293 2371 2372 2294
2207 3 2 1 2 2294 2372 2373 2295
2208 3 2 1 2 2295 2373 2374 2296
2209 3 2 1 2 2296 2374 2375 2297
2210 3 2 1 2 2297 2375 2376 2298
2211 3 2 1 2 2298 2376 2377 2299
2212 3 2 1 2 2299 2377 2378 2300
2213 3 2 1 2 2300 2378 2379 2301
2214 3 2 1 2 2301 2379 2380 2302
2215 3 2 1 2 2302 2380 2381 2303
2216 3 2 1 2 2303 2381 2382 2304
2217 3 2 1 2 2304 2382 2383 2305
2218 3 2 1 2 2305 2383 2384 2306
2219 3 2 1 2 2306 2384 2385 2307
2220 3 2 1 2 2307 2385 2386 2308
2221 3 2 1 2 2308 2386 2387 2309
2222 3 2 1 2 2309 2387 2388 2310
2223 3 2 1 2 2310 2388 327 328
2224 3 2 1 2 161 160 2389 2311
2225 3 2 1 2 2311 2389 2390 2312
2226 3 2 1 2 2312 2390 2391 2313
2227 3 2 1 2 2313 2391 2392 2314
2228 3 2 1 2 2314 2392 2393 2315
2229 3 2 1 2 2315 2393 2394 2316
2230 3 2 1 2 2316 2394 2395 2317
2231 3 2 1 2 2317 2395 2396 2318
2232 3 2 1 2 2318 2396 2397 2319
2233 3 2 1 2 2319 2397 2398 2320
2234 3 2 1 2 2320 2398 2399 2321
2235 3 2 1 2 2321 2399 2400 2322
2236 3 2 1 2 2322 2400 2401 2323
2237 3 2 1 2 2323 2401 2402 2324
2238 3 2 1 2 2324 2402 2403 2325
2239 3 2 1 2 2325 2403 2404 2326
2240 3 2 1 2 2326 2404 2405 2327
2241 3 2 1 2 2327 2405 2406 2328
2242 3 2 1 2 2328 2406 2407 2329
2243 3 2 1 2 2329 2407 2408 2330
2244 3 2 1 2 2330 2408 2409 2331
2245 3 2 1 2 2331 2409 2410 2332
2246 3 2 1 2 2332 2410 2411 2333
2247 3 2 1 2 2333 2411 2412 2334
2248 3 2 1 2 2334 2412 2413 2335
2249 3 2 1 2 2335 2413 2414 2336
2250 3 2 1 2 2336 2414 2415 2337
2251 3 2 1 2 2337 2415 2416 2338
2252 3 2 1 2 2338 2416 2417 2339
2253 3 2 1 2 2339 2417 2418 2340
2254 3 2 1 2 2340 2418 2419 2341
2255 3 2 1 2 2341 2419 2420 2342
2256 3 2 1 2 2342 2420 2421 2343
2257 3 2 1 2 2343 2421 2422 2344
2258 3 2 1 2 2344 2422 2423 2345
2259 3 2 1 2 2345 2423 2424 2346
2260 3 2 1 2 2346 2424 2425 2347
2261 3 2 1 2 2347 2425 2426 2348
2262 3 2 1 2 2348 2426 2427 2349
2263 3 2 1 2 2349 2427 2428 2350
2264 3 2 1 2 2350 2428 2429 2351
2265 3 2 1 2 2351 2429 2430 2352
2266 3 2 1 2 2352 2430 2431 2353
2267 3 2 1 2 2353 2431 2432 2354
2268 3 2 1 2 2354 2432 2433 2355
2269 3 2 1 2 2355 2433 2434 2356
2270 3 2 1 2 2356 2434 2435 2357
2271 3 2 1 2 2357 2435 2436 2358
2272 3 2 1 2 2358 2436 2437 2359
2273 3 2 1 2 2359 2437 2438 2360
2274 3 2 1 2 2360 2438 2439 2361
2275 3 2 1 2 2361 2439 2440 2362
2276 3 2 1 2 2362 2440 2441 2363
2277 3 2 1 2 2363 2441 2442 2364
2278 3 2 1 2 2364 2442 2443 2365
2279 3 2 1 2 2365 2443 2444 2366
2280 3 2 1 2 2366 2444 2445 2367
2281 3 2 1 2 2367 2445 2446 2368
2282 3 2 1 2 2368 2446 2447 2369
2283 3 2 1 2 2369 2447 2448 2370
2284 3 2 1 2 2370 2448 2449 2371
2285 3 2 1 2 2371 2449 2450 2372
2286 3 2 1 2 2372 2450 2451 2373
2287 3 2 1 2 2373 2451 2452 2374
2288 3 2 1 2 2374 2452 2453 2375
2289 3 2 1 2 2375 2453 2454 2376
2290 3 2 1 2 2376 2454 2455 2377
2291 3 2 1 2 2377 2455 2456 2378
2292 3 2 1 2 2378 2456 2457 2379
2293 3 2 1 2 2379 2457 2458 2380
2294 3 2 1 2 2380 2458 2459 2381
2295 3 2 1 2 2381 2459 2460 2382
2296 3 2 1 2 2382 2460 2461 2383
2297 3 2 1 2 2383 2461 2462 2384
2298 3 2 1 2 2384 2462 2463 2385
2299 3 2 1 2 2385 2463 2464 2386
2300 3 2 1 2 2386 2464 2465 2387
2301 3 2 1 2 2387 2465 2466 2388
2302 3 2 1 2 2388 2466 326 327
2303 3 2 1 2 160 159 2467 2389
2304 3 2 1 2 2389 2467 2468 2390
2305 3 2 1 2 2390 2468 2469 2391
2306 3 2 1 2 2391 2469 2470 2392
2307 3 2 1 2 2392 2470 2471 2393
2308 3 2 1 2 2393 2471 2472 2394
2309 3 2 1 2 2394 2472 2473 2395
2310 3 2 1 2 2395 2473 2474 2396
2311 3 2 1 2 2396 2474 2475 2397
2312 3 2 1 2 2397 2475 2476 2398
2313 3 2 1 2 2398 2476 2477 2399
2314 3 2 1 2 2399 2477 2478 2400
2315 3 2 1 2 2400 2478 2479 2401
2316 3 2 1 2 2401 2479 2480 2402
2317 3 2 1 2 2402 2480 2481 2403
2318 3 2 1 2 2403 2481 2482 2404
2319 3 2 1 2 2404 2482 2483 2405
2320 3 2 1 2 2405 2483 2484 2406
2321 3 2 1 2 2406 2484 2485 2407
2322 3 2 1 2 2407 2485 2486 2408
2323 3 2 1 2 2408 2486 2487 2409
2324 3 2 1 2 2409 2487 2488 2410
2325 3 2 1 2 2410 2488 2489 2411
2326 3 2 1 2 2411 2489 2490 2412
2327 3 2 1 2 2412 2490 2491 2413
2328 3 2 1 2 2413 2491 2492 2414
2329 3 2 1 2 2414 2492 2493 2415
2330 3 2 1 2 2415 2493 2494 2416
2331 3 2 1 2 2416 2494 2495 2417
2332 3 2 1 2 2417 2495 2496 2418
2333 3 2 1 2 2418 2496 2497 2419
2334 3 2 1 2 2419 2497 2498 2420
2335 3 2 1 2 2420 2498 2499 2421
2336 3 2 1 2 2421 2499 2500 2422
2337 3 2 1 2 2422 2500 2501 2423
2338 3 2 1 2 2423 2501 2502 2424
2339 3 2 1 2 2424 2502 2503 2425
2340 3 2 1 2 2425 2503 2504 2426
2341 3 2 1 2 2426 2504 2505 2427
2342 3 2 1 2 2427 2505 2506 2428
2343 3 2 1 2 2428 2506 2507 2429
2344 3 2 1 2 2429 2507 2508 2430
2345 3 2 1 2 2430 2508 2509 2431
2346 3 2 1 2 2431 2509 2510 2432
2347 3 2 1 2 2432 2510 2511 2433
2348 3 2 1 2 2433 2511 2512 2434
2349 3 2 1 2 2434 2512 2513 2435
2350 3 2 1 2 2435 2513 2514 2436
2351 3 2 1 2 2436 2514 2515 2437
2352 3 2 1 2 2437 2515 2516 2438
2353 3 2 1 2 2438 2516 2517 2439
2354 3 2 1 2 2439 2517 2518 2440
2355 3 2 1 2 2440 2518 2519 2441
2356 3 2 1 2 2441 2519 2520 2442
2357 3 2 1 2 2442 2520 2521 2443
2358 3 2 1 2 2443 2521 2522 2444
2359 3 2 1 2 2444 2522 2523 2445
2360 3 2 1 2 2445 2523 2524 2446
2361 3 2 1 2 2446 2524 2525 2447
2362 3 2 1 2 2447 2525 2526 2448
2363 3 2 1 2 2448 2526 2527 2449
2364 3 2 1 2 2449 2527 2528 2450
2365 3 2 1 2 2450 2528 2529 2451
2366 3 2 1 2 2451 2529 2530 2452
2367 3 2 1 2 2452 2530 2531 2453
2368 3 2 1 2 2453 2531 2532 2454
2369 3 2 1 2 2454 2532 2533 2455
2370 3 2 1 2 2455 2533 2534 2456
2371 3 2 1 2 2456 2534 2535 2457
2372 3 2 1 2 2457 2535 2536 2458
2373 3 2 1 2 2458 2536 2537 2459
2374 3 2 1 2 2459 2537 2538 2460
2375 3 2 1 2 2460 2538 2539 2461
2376 3 2 1 2 2461 2539 2540 2462
2377 3 2 1 2 2462 2540 2541 2463
2378 3 2 1 2 2463 2541 2542 2464
2379 3 2 1 2 2464 2542 2543 2465
2380 3 2 1 2 2465 2543 2544 2466
2381 3 2 1 2 2466 2544 325 326
2382 3 2 1 2 159 158 2545 2467
2383 3 2 1 2 2467 2545 2546 2468
2384 3 2 1 2 2468 2546 2547 2469
2385 3 2 1 2 2469 2547 2548 2470
2386 3 2 1 2 2470 2548 2549 2471
2387 3 2 1 2 2471 2549 2550 2472
2388 3 2 1 2 2472 2550 2551 2473
2389 3 2 1 2 2473 2551 2552 2474
2390 3 2 1 2 2474 2552 2553 2475
2391 3 2 1 2 2475 2553 2554 2476
2392 3 2 1 2 2476 2554 2555 2477
2393 3 2 1 2 2477 2555 2556 2478
2394 3 2 1 2 2478 2556 2557 2479
2395 3 2 1 2 2479 2557 2558 2480
2396 3 2 1 2 2480 2558 2559 2481
2397 3 2 1 2 2481 2559 2560 2482
2398 3 2 1 2 2482 2560 2561 2483
2399 3 2 1 2 2483 2561 2562 2484
2400 3 2 1 2 2484 2562 2563 2485
2401 3 2 1 2 2485 2563 2564 2486
2402 3 2 1 2 2486 2564 2565 2487
2403 3 2 1 2 2487 2565 2566 2488
2404 3 2 1 2 2488 2566 2567 2489
2405 3 2 1 2 2489 2567 2568 2490
2406 3 2 1 2 2490 2568 2569 2491
2407 3 2 1 2 2491 2569 2570 2492
2408 3 2 1 2 2492 2570 2571 2493
2409 3 2 1 2 2493 2571 2572 2494
2410 3 2 1 2 2494 2572 2573 2495
2411 3 2 1 2 2495 2573 2574 2496
2412 3 2 1 2 2496 2574 2575 2497
2413 3 2 1 2 2497 2575 2576 2498
2414 3 2 1 2 2498 2576 2577 2499
2415 3 2 1 2 2499 2577 2578 2500
2416 3 2 1 2 2500 2578 2579 2501
2417 3 2 1 2 2501 2579 2580 2502
2418 3 2 1 2 2502 2580 2581 2503
2419 3 2 1 2 2503 2581 2582 2504
2420 3 2 1 2 2504 2582 2583 2505
2421 3 2 1 2 2505 2583 2584 2506
2422 3 2 1 2 2506 2584 2585 2507
2423 3 2 1 2 2507 2585 2586 2508
2424 3 2 1 2 2508 2586 2587 2509
2425 3 2 1 2 2509 2587 2588 2510
2426 3 2 1 2 2510 2588 2589 2511
2427 3 2 1 2 2511 2589 2590 2512
2428 3 2 1 2 2512 2590 2591 2513
2429 3 2 1 2 2513 2591 2592 2514
2430 3 2 1 2 2514 2592 2593 2515
2431 3 2 1 2 2515 2593 2594 2516
2432 3 2 1 2 2516 2594 2595 2517
2433 3 2 1 2 2517 2595 2596 2518
2434 3 2 1 2 2518 2596 2597 2519
2435 3 2 1 2 2519 2597 2598 2520
2436 3 2 1 2 2520 2598 2599 2521
2437 3 2 1 2 2521 2599 2600 2522
2438 3 2 1 2 2522 2600 2601 2523
2439 3 2 1 2 2523 2601 2602 2524
2440 3 2 1 2 2524 2602 2603 2525
2441 3 2 1 2 2525 2603 2604 2526
2442 3 2 1 2 2526 2604 2605 2527
2443 3 2 1 2 2527 2605 2606 2528
2444 3 2 1 2 2528 2606 2607 2529
2445 3 2 1 2 2529 2607 2608 2530
2446 3 2 1 2 2530 2608 2609 2531
2447 3 2 1 2 2531 2609 2610 2532
2448 3 2 1 2 2532 2610 2611 2533
2449 3 2 1 2 2533 2611 2612 2534
2450 3 2 1 2 2534 2612 2613 2535
2451 3 2 1 2 2535 2613 2614 2536
2452 3 2 1 2 2536 2614 2615 2537
2453 3 2 1 2 2537 2615 2616 2538
2454 3 2 1 2 2538 2616 2617 2539
2455 3 2 1 2 2539 2617 2618 2540
2456 3 2 1 2 2540 2618 2619 2541
2457 3 2 1 2 2541 2619 2620 2542
2458 3 2 1 2 2542 2620 2621 2543
2459 3 2 1 2 2543 2621 2622 2544
2460 3 2 1 2 2544 2622 324 325
2461 3 2 1 2 158 157 2623 2545
2462 3 2 1 2 2545 2623 2624 2546
2463 3 2 1 2 2546 2624 2625 2547
2464 3 2 1 2 2547 2625 2626 2548
2465 3 2 1 2 2548 2626 2627 2549
2466 3 2 1 2 2549 2627 2628 2550
2467 3 2 1 2 2550 2628 2629 2551
2468 3 2 1 2 2551 2629 2630 2552
2469 3 2 1 2 2552 2630 2631 2553
2470 3 2 1 2 2553 2631 2632 2554
2471 3 2 1 2 2554 2632 2633 2555
2472 3 2 1 2 2555 2633 2634 2556
2473 3 2 1 2 2556 2634 2635 2557
2474 3 2 1 2 2557 2635 2636 2558
2475 3 2 1 2 2558 2636 2637 2559
2476 3 2 1 2 2559 2637 2638 2560
2477 3 2 1 2 2560 2638 2639 2561
2478 3 2 1 2 2561 2639 2640 2562
2479 3 2 1 2 2562 2640 2641 2563
2480 3 2 1 2 2563 2641 2642 2564
2481 3 2 1 2 2564 2642 2643 2565
2482 3 2 1 2 2565 2643 2644 2566
2483 3 2 1 2 2566 2644 2645 2567
2484 3 2 1 2 2567 2645 2646 2568
2485 3 2 1 2 2568 2646 2647 2569
2486 3 2 1 2 2569 2647 2648 2570
2487 3 2 1 2 2570 2648 2649 2571
2488 3 2 1 2 2571 2649 2650 2572
2489 3 2 1 2 2572 2650 2651 2573
2490 3 2 1 2 2573 2651 2652 2574
2491 3 2 1 2 2574 2652 2653 2575
2492 3 2 1 2 2575 2653 2654 2576
2493 3 2 1 2 2576 2654 2655 2577
2494 3 2 1 2 2577 2655 2656 2578
2495 3 2 1 2 2578 2656 2657 2579
2496 3 2 1 2 2579 2657 2658 2580
2497 3 2 1 2 2580 2658 2659 2581
2498 3 2 1 2 2581 2659 2660 2582
2499 3 2 1 2 2582 2660 2661 2583
2500 3 2 1 2 2583 2661 2662 2584
2501 3 2 1 2 2584 2662 2663 2585
2502 3 2 1 2 2585 2663 2664 2586
2503 3 2 1 2 2586 2664 2665 2587
2504 3 2 1 2 2587 2665 2666 2588
2505 3 2 1 2 2588 2666 2667 2589
2506 3 2 1 2 2589 2667 2668 2590
2507 3 2 1 2 2590 2668 2669 2591
2508 3 2 1 2 2591 2669 2670 2592
2509 3 2 1 2 2592 2670 2671 2593
2510 3 2 1 2 2593 2671 2672 2594
2511 3 2 1 2 2594 2672 2673 2595
2512 3 2 1 2 2595 2673 2674 2596
2513 3 2 1 2 2596 2674 2675 2597
2514 3 2 1 2 2597 2675 2676 2598
2515 3 2 1 2 2598 2676 2677 2599
2516 3 2 1 2 2599 2677 2678 2600
2517 3 2 1 2 2600 2678 2679 2601
2518 3 2 1 2 2601 2679 2680 2602
2519 3 2 1 2 2602 2680 2681 2603
2520 3 2 1 2 2603 2681 2682 2604
2521 3 2 1 2 2604 2682 2683 2605
2522 3 2 1 2 2605 2683 2684 2606
2523 3 2 1 2 2606 2684 2685 2607
2524 3 2 1 2 2607 2685 2686 2608
2525 3 2 1 2 2608 2686 2687 2609
2526 3 2 1 2 2609 2687 2688 2610
2527 3 2 1 2 2610 2688 2689 2611
2528 3 2 1 2 2611 2689 2690 2612
2529 3 2 1 2 2612 2690 2691 2613
2530 3 2 1 2 2613 2691 2692 2614
2531 3 2 1 2 2614 2692 2693 2615
2532 3 2 1 2 2615 2693 2694 2616
2533 3 2 1 2 2616 2694 2695 2617
2534 3 2 1 2 2617 2695 2696 2618
2535 3 2 1 2 2618 2696 2697 2619
2536 3 2 1 2 2619 2697 2698 2620
2537 3 2 1 2 2620 2698 2699 2621
2538 3 2 1 2 2621 2699 2700 2622
2539 3 2 1 2 2622 2700 323 324
2540 3 2 1 2 157 156 2701 2623
2541 3 2 1 2 2623 2701 2702 2624
2542 3 2 1 2 2624 2702 2703 2625
2543 3 2 1 2 2625 2703 2704 2626
2544 3 2 1 2 2626 2704 2705 2627
2545 3 2 1 2 2627 2705 2706 2628
2546 3 2 1 2 2628 2706 2707 2629
2547 3 2 1 2 2629 2707 2708 2630
2548 3 2 1 2 2630 2708 2709 2631
2549 3 2 1 2 2631 2709 2710 2632
2550 3 2 1 2 2632 2710 2711 2633
2551 3 2 1 2 2633 2711 2712 2634
2552 3 2 1 2 2634 2712 2713 2635
2553 3 2 1 2 2635 2713 2714 2636
2554 3 2 1 2 2636 2714 2715 2637
2555 3 2 1 2 2637 2715 2716 2638
2556 3 2 1 2 2638 2716 2717 2639
2557 3 2 1 2 2639 2717 2718 2640
2558 3 2 1 2 2640 2718 2719 2641
2559 3 2 1 2 2641 2719 2720 2642
2560 3 2 1 2 2642 2720 2721 2643
2561 3 2 1 2 2643 2721 2722 2644
2562 3 2 1 2 2644 2722 2723 2645
2563 3 2 1 2 2645 2723 2724 2646
2564 3 2 1 2 2646 2724 2725 2647
2565 3 2 1 2 2647 2725 2726 2648
2566 3 2 1 2 2648 2726 2727 2649
2567 3 2 1 2 2649 2727 2728 2650
2568 3 2 1 2 2650 2728 2729 2651
2569 3 2 1 2 2651 2729 2730 2652
2570 3 2 1 2 2652 2730 2731 2653
2571 3 2 1 2 2653 2731 2732 2654
2572 3 2 1 2 2654 2732 2733 2655
2573 3 2 1 2 2655 2733 2734 2656
2574 3 2 1 2 2656 2734 2735 2657
2575 3 2 1 2 2657 2735 2736 2658
2576 3 2 1 2 2658 2736 2737 2659
2577 3 2 1 2 2659 2737 2738 2660
2578 3 2 1 2 2660 2738 2739 2661
2579 3 2 1 2 2661 2739 2740 2662
2580 3 2 1 2 2662 2740 2741 2663
2581 3 2 1 2 2663 2741 2742 2664
2582 3 2 1 2 2664 2742 2743 2665
2583 3 2 1 2 2665 2743 2744 2666
2584 3 2 1 2 2666 2744 2745 2667
2585 3 2 1 2 2667 2745 2746 2668
2586 3 2 1 2 2668 2746 2747 2669
2587 3 2 1 2 2669 2747 2748 2670
2588 3 2 1 2 2670 2748 2749 2671
2589 3 2 1 2 2671 2749 2750 2672
2590 3 2 1 2 2672 2750 2751 2673
2591 3 2 1 2 2673 2751 2752 2674
2592 3 2 1 2 2674 2752 2753 2675
2593 3 2 1 2 2675 2753 2754 2676
2594 3 2 1 2 2676 2754 2755 2677
2595 3 2 1 2 2677 2755 2756 2678
2596 3 2 1 2 2678 2756 2757 2679
2597 3 2 1 2 2679 2757 2758 2680
2598 3 2 1 2 2680 2758 2759 2681
2599 3 2 1 2 2681 2759 2760 2682
2600 3 2 1 2 2682 2760 2761 2683
2601 3 2 1 2 2683 2761 2762 2684
2602 3 2 1 2 2684 2762 2763 2685
2603 3 2 1 2 2685 2763 2764 2686
2604 3 2 1 2 2686 2764 2765 2687
2605 3 2 1 2 2687 2765 2766 2688
2606 3 2 1 2 2688 2766 2767 2689
2607 3 2 1 2 2689 2767 2768 2690
2608 3 2 1 2 2690 2768 2769 2691
2609 3 2 1 2 2691 2769 2770 2692
2610 3 2 1 2 2692 2770 2771 2693
2611 3 2 1 2 2693 2771 2772 2694
2612 3 2 1 2 2694 2772 2773 2695
2613 3 2 1 2 2695 2773 2774 2696
2614 3 2 1 2 2696 2774 2775 2697
2615 3 2 1 2 2697 2775 2776 2698
2616 3 2 1 2 2698 2776 2777 2699
2617 3 2 1 2 2699 2777 2778 2700
2618 3 2 1 2 2700 2778 322 323
2619 3 2 1 2 156 155 2779 2701
2620 3 2 1 2 2701 2779 2780 2702
2621 3 2 1 2 2702 2780 2781 2703
2622 3 2 1 2 2703 2781 2782 2704
2623 3 2 1 2 2704 2782 2783 2705
2624 3 2 1 2 2705 2783 2784 2706
2625 3 2 1 2 2706 2784 2785 2707
2626 3 2 1 2 2707 2785 2786 2708
2627 3 2 1 2 2708 2786 2787 2709
2628 3 2 1 2 2709 2787 2788 2710
2629 3 2 1 2 2710 2788 2789 2711
2630 3 2 1 2 2711 2789 2790 2712
2631 3 2 1 2 2712 2790 2791 2713
2632 3 2 1 2 2713 2791 2792 2714
2633 3 2 1 2 2714 2792 2793 2715
2634 3 2 1 2 2715 2793 2794 2716
2635 3 2 1 2 2716 2794 2795 2717
2636 3 2 1 2 2717 2795 2796 2718
2637 3 2 1 2 2718 2796 2797 2719
2638 3 2 1 2 2719 2797 2798 2720
2639 3 2 1 2 2720 2798 2799 2721
2640 3 2 1 2 2721 2799 2800 2722
2641 3 2 1 2 2722 2800 2801 2723
2642 3 2 1 2 2723 2801 2802 2724
2643 3 2 1 2 2724 2802 2803 2725
2644 3 2 1 2 2725 2803 2804 2726
2645 3 2 1 2 2726 2804 2805 2727
2646 3 2 1 2 2727 2805 2806 2728
2647 3 2 1 2 2728 2806 2807 2729
2648 3 2 1 2 2729 2807 2808 2730
2649 3 2 1 2 2730 2808 2809 2731
2650 3 2 1 2 2731 2809 2810 2732
2651 3 2 1 2 2732 2810 2811 2733
2652 3 2 1 2 2733 2811 2812 2734
2653 3 2 1 2 2734 2812 2813 2735
2654 3 2 1 2 2735 2813 2814 2736
2655 3 2 1 2 2736 2814 2815 2737
2656 3 2 1 2 2737 2815 2816 2738
2657 3 2 1 2 2738 2816 2817 2739
2658 3 2 1 2 2739 2817 2818 2740
2659 3 2 1 2 2740 2818 2819 2741
2660 3 2 1 2 2741 2819 2820 2742
2661 3 2 1 2 2742 2820 2821 2743
2662 3 2 1 2 2743 2821 2822 2744
2663 3 2 1 2 2744 2822 2823 2745
2664 3 2 1 2 2745 2823 2824 2746
2665 3 2 1 2 2746 2824 2825 2747
2666 3 2 1 2 2747 2825 2826 2748
2667 3 2 1 2 2748 2826 2827 2749
2668 3 2 1 2 2749 2827 2828 2750
2669 3 2 1 2 2750 2828 2829 2751
2670 3 2 1 2 2751 2829 2830 2752
2671 3 2 1 2 2752 2830 2831 2753
2672 3 2 1 2 2753 2831 2832 2754
2673 3 2 1 2 2754 2832 2833 2755
2674 3 2 1 2 2755 2833 2834 2756
2675 3 2 1 2 2756 2834 2835 2757
2676 3 2 1 2 2757 2835 2836 2758
2677 3 2 1 2 2758 2836 2837 2759
2678 3 2 1 2 2759 2837 2838 2760
2679 3 2 1 2 2760 2838 2839 2761
2680 3 2 1 2 2761 2839 2840 2762
2681 3 2 1 2 2762 2840 2841 2763
2682 3 2 1 2 2763 2841 2842 2764
2683 3 2 1 2 2764 2842 2843 2765
2684 3 2 1 2 2765 2843 2844 2766
2685 3 2 1 2 2766 2844 2845 2767
2686 3 2 1 2 2767 2845 2846 2768
2687 3 2 1 2 2768 2846 2847 2769
2688 3 2 1 2 2769 2847 2848 2770
2689 3 2 1 2 2770 2848 2849 2771
2690 3 2 1 2 2771 2849 2850 2772
2691 3 2 1 2 2772 2850 2851 2773
2692 3 2 1 2 2773 2851 2852 2774
2693 3 2 1 2 2774 2852 2853 2775
2694 3 2 1 2 2775 2853 2854 2776
2695 3 2 1 2 2776 2854 2855 2777
2696 3 2 1 2 2777 2855 2856 2778
2697 3 2 1 2 2778 2856 321 322
2698 3 2 1 2 155 154 2857 2779
2699 3 2 1 2 2779 2857 2858 2780
2700 3 2 1 2 2780 2858 2859 2781
2701 3 2 1 2 2781 2859 2860 2782
2702 3 2 1 2 2782 2860 2861 2783
2703 3 2 1 2 2783 2861 2862 2784
2704 3 2 1 2 2784 2862 2863 2785
2705 3 2 1 2 2785 2863 2864 2786
2706 3 2 1 2 2786 2864 2865 2787
2707 3 2 1 2 2787 2865 2866 2788
2708 3 2 1 2 2788 2866 2867 2789
2709 3 2 1 2 2789 2867 2868 2790
2710 3 2 1 2 2790 2868 2869 2791
2711 3 2 1 2 2791 2869 2870 2792
2712 3 2 1 2 2792 2870 2871 2793
2713 3 2 1 2 2793 2871 2872 2794
2714 3 2 1 2 2794 2872 2873 2795
2715 3 2 1 2 2795 2873 2874 2796
2716 3 2 1 2 2796 2874 2875 2797
2717 3 2 1 2 2797 2875 2876 2798
2718 3 2 1 2 2798 2876 2877 2799
2719 3 2 1 2 2799 2877 2878 2800
2720 3 2 1 2 2800 2878 2879 2801
2721 3 2 1 2 2801 2879 2880 2802
2722 3 2 1 2 2802 2880 2881 2803
2723 3 2 1 2 2803 2881 2882 2804
2724 3 2 1 2 2804 2882 2883 2805
2725 3 2 1 2 2805 2883 2884 2806
2726 3 2 1 2 2806 2884 2885 2807
2727 3 2 1 2 2807 2885 2886 2808
2728 3 2 1 2 2808 2886 2887 2809
2729 3 2 1 2 2809 2887 2888 2810
2730 3 2 1 2 2810 2888 2889 2811
2731 3 2 1 2 2811 2889 2890 2812
2732 3 2 1 2 2812 2890 2891 2813
2733 3 2 1 2 2813 2891 2892 2814
2734 3 2 1 2 2814 2892 2893 2815
2735 3 2 1 2 2815 2893 2894 2816
2736 3 2 1 2 2816 2894 2895 2817
2737 3 2 1 2 2817 2895 2896 2818
2738 3 2 1 2 2818 2896 2897 2819
2739 3 2 1 2 2819 2897 2898 2820
2740 3 2 1 2 2820 2898 2899 2821
2741 3 2 1 2 2821 2899 2900 2822
2742 3 2 1 2 2822 2900 2901 2823
2743 3 2 1 2 2823 2901 2902 2824
2744 3 2 1 2 2824 2902 2903 2825
2745 3 2 1 2 2825 2903 2904 2826
2746 3 2 1 2 2826 2904 2905 2827
2747 3 2 1 2 2827 2905 2906 2828
2748 3 2 1 2 2828 2906 2907 2829
2749 3 2 1 2 2829 2907 2908 2830
2750 3 2 1 2 2830 2908 2909 2831
2751 3 2 1 2 2831 2909 2910 2832
2752 3 2 1 2 2832 2910 2911 2833
2753 3 2 1 2 2833 2911 2912 2834
2754 3 2 1 2 2834 2912 2913 2835
2755 3 2 1 2 2835 2913 2914 2836
2756 3 2 1 2 2836 2914 2915 2837
2757 3 2 1 2 2837 2915 2916 2838
2758 3 2 1 2 2838 2916 2917 2839
2759 3 2 1 2 2839 2917 2918 2840
2760 3 2 1 2 2840 2918 2919 2841
2761 3 2 1 2 2841 2919 2920 2842
2762 3 2 1 2 2842 2920 2921 2843
2763 3 2 1 2 2843 2921 2922 2844
2764 3 2 1 2 2844 2922 2923 2845
2765 3 2 1 2 2845 2923 2924 2846
2766 3 2 1 2 2846 2924 2925 2847
2767 3 2 1 2 2847 2925 2926 2848
2768 3 2 1 2 2848 2926 2927 2849
2769 3 2 1 2 2849 2927 2928 2850
2770 3 2 1 2 2850 2928 2929 2851
2771 3 2 1 2 2851 2929 2930 2852
2772 3 2 1 2 2852 2930 2931 2853
2773 3 2 1 2 2853 2931 2932 2854
2774 3 2 1 2 2854 2932 2933 2855
2775 3 2 1 2 2855 2933 2934 2856
2776 3 2 1 2 2856 2934 320 321
2777 3 2 1 2 154 153 2935 2857
2778 3 2 1 2 2857 2935 2936 2858
2779 3 2 1 2 2858 2936 2937 2859
2780 3 2 1 2 2859 2937 2938 2860
2781 3 2 1 2 2860 2938 2939 2861
2782 3 2 1 2 2861 2939 2940 2862
2783 3 2 1 2 2862 2940 2941 2863
2784 3 2 1 2 2863 2941 2942 2864
2785 3 2 1 2 2864 2942 2943 2865
2786 3 2 1 2 2865 2943 2944 2866
2787 3 2 1 2 2866 2944 2945 2867
2788 3 2 1 2 2867 2945 2946 2868
2789 3 2 1 2 2868 2946 2947 2869
2790 3 2 1 2 2869 2947 2948 2870
2791 3 2 1 2 2870 2948 2949 2871
2792 3 2 1 2 2871 2949 2950 2872
2793 3 2 1 2 2872 2950 2951 2873
2794 3 2 1 2 2873 2951 2952 2874
2795 3 2 1 2 2874 2952 2953 2875
2796 3 2 1 2 2875 2953 2954 2876
2797 3 2 1 2 2876 2954 2955 2877
2798 3 2 1 2 2877 2955 2956 2878
2799 3 2 1 2 2878 2956 2957 2879
2800 3 2 1 2 2879 2957 2958 2880
2801 3 2 1 2 2880 2958 2959 2881
2802 3 2 1 2 2881 2959 2960 2882
2803 3 2 1 2 2882 2960 2961 2883
2804 3 2 1 2 2883 2961 2962 2884
2805 3 2 1 2 2884 2962 2963 2885
2806 3 2 1 2 2885 2963 2964 2886
2807 3 2 1 2 2886 2964 2965 2887
2808 3 2 1 2 2887 2965 2966 2888
2809 3 2 1 2 2888 2966 2967 2889
2810 3 2 1 2 2889 2967 2968 2890
2811 3 2 1 2 2890 2968 2969 2891
2812 3 2 1 2 2891 2969 2970 2892
2813 3 2 1 2 2892 2970 2971 2893
2814 3 2 1 2 2893 2971 2972 2894
2815 3 2 1 2 2894 2972 2973 2895
2816 3 2 1 2 2895 2973 2974 2896
2817 3 2 1 2 2896 2974 2975 2897
2818 3 2 1 2 2897 2975 2976 2898
2819 3 2 1 2 2898 2976 2977 2899
2820 3 2 1 2 2899 2977 2978 2900
2821 3 2 1 2 2900 2978 2979 2901
2822 3 2 1 2 2901 2979 2980 2902
2823 3 2 1 2 2902 2980 2981 2903
2824 3 2 1 2 2903 2981 2982 2904
2825 3 2 1 2 2904 2982 2983 2905
2826 3 2 1 2 2905 2983 2984 2906
2827 3 2 1 2 2906 2984 2985 2907
2828 3 2 1 2 2907 2985 2986 2908
2829 3 2 1 2 2908 2986 2987 2909
2830 3 2 1 2 2909 2987 2988 2910
2831 3 2 1 2 2910 2988 2989 2911
2832 3 2 1 2 2911 2989 2990 2912
2833 3 2 1 2 2912 2990 2991 2913
2834 3 2 1 2 2913 2991 2992 2914
2835 3 2 1 2 2914 2992 2993 2915
2836 3 2 1 2 2915 2993 2994 2916
2837 3 2 1 2 2916 2994 2995 2917
2838 3 2 1 2 2917 2995 2996 2918
2839 3 2 1 2 2918 2996 2997 2919
2840 3 2 1 2 2919 2997 2998 2920
2841 3 2 1 2 2920 2998 2999 2921
2842 3 2 1 2 2921 2999 3000 2922
2843 3 2 1 2 2922 3000 3001 2923
2844 3 2 1 2 2923 3001 3002 2924
2845 3 2 1 2 2924 3002 3003 2925
2846 3 2 1 2 2925 3003 3004 2926
2847 3 2 1 2 2926 3004 3005 2927
2848 3 2 1 2 2927 3005 3006 2928
2849 3 2 1 2 2928 3006 3007 2929
2850 3 2 1 2 2929 3007 3008 2930
2851 3 2 1 2 2930 3008 3009 2931
2852 3 2 1 2 2931 3009 3010 2932
2853 3 2 1 2 2932 3010 3011 2933
2854 3 2 1 2 2933 3011 3012 2934
2855 3 2 1 2 2934 3012 319 320
2856 3 2 1 2 153 152 3013 2935
2857 3 2 1 2 2935 3013 3014 2936
2858 3 2 1 2 2936 3014 3015 2937
2859 3 2 1 2 2937 3015 3016 2938
2860 3 2 1 2 2938 3016 3017 2939
2861 3 2 1 2 2939 3017 3018 2940
2862 3 2 1 2 2940 3018 3019 2941
2863 3 2 1 2 2941 3019 3020 2942
2864 3 2 1 2 2942 3020 3021 2943
2865 3 2 1 2 2943 3021 3022 2944
2866 3 2 1 2 2944 3022 3023 2945
2867 3 2 1 2 2945 3023 3024 2946
2868 3 2 1 2 2946 3024 3025 2947
2869 3 2 1 2 2947 3025 3026 2948
2870 3 2 1 2 2948 3026 3027 2949
2871 3 2 1 2 2949 3027 3028 2950
2872 3 2 1 2 2950 3028 3029 2951
2873 3 2 1 2 2951 3029 3030 2952
2874 3 2 1 2 2952 3030 3031 2953
2875 3 2 1 2 2953 3031 3032 2954
2876 3 2 1 2 2954 3032 3033 2955
2877 3 2 1 2 2955 3033 3034 2956
2878 3 2 1 2 2956 3034 3035 2957
2879 3 2 1 2 2957 3035 3036 2958
2880 3 2 1 2 2958 3036 3037 2959
2881 3 2 1 2 2959 3037 3038 2960
2882 3 2 1 2 2960 3038 3039 2961
2883 3 2 1 2 2961 3039 3040 2962
2884 3 2 1 2 2962 3040 3041 2963
2885 3 2 1 2 2963 3041 3042 2964
2886 3 2 1 2 2964 3042 3043 2965
2887 3 2 1 2 2965 3043 3044 2966
2888 3 2 1 2 2966 3044 3045 2967
2889 3 2 1 2 2967 3045 3046 2968
2890 3 2 1 2 2968 3046 3047 2969
2891 3 2 1 2 2969 3047 3048 2970
2892 3 2 1 2 2970 3048 3049 2971
2893 3 2 1 2 2971 3049 3050 2972
2894 3 2 1 2 2972 3050 3051 2973
2895 3 2 1 2 2973 3051 3052 2974
2896 3 2 1 2 2974 3052 3053 2975
2897 3 2 1 2 2975 3053 3054 2976
2898 3 2 1 2 2976 3054 3055 2977
2899 3 2 1 2 2977 3055 3056 2978
2900 3 2 1 2 2978 3056 3057 2979
2901 3 2 1 2 2979 3057 3058 2980
2902 3 2 1 2 2980 3058 3059 2981
2903 3 2 1 2 2981 3059 3060 2982
2904 3 2 1 2 2982 3060 3061 2983
2905 3 2 1 2 2983 3061 3062 2984
2906 3 2 1 2 2984 3062 3063 2985
2907 3 2 1 2 2985 3063 3064 2986
2908 3 2 1 2 2986 3064 3065 2987
2909 3 2 1 2 2987 3065 3066 2988
2910 3 2 1 2 2988 3066 3067 2989
2911 3 2 1 2 2989 3067 3068 2990
2912 3 2 1 2 2990 3068 3069 2991
2913 3 2 1 2 2991 3069 3070 2992
2914 3 2 1 2 2992 3070 3071 2993
2915 3 2 1 2 2993 3071 3072 2994
2916 3 2 1 2 2994 3072 3073 2995
2917 3 2 1 2 2995 3073 3074 2996
2918 3 2 1 2 2996 3074 3075 2997
2919 3 2 1 2 2997 3075 3076 2998
2920 3 2 1 2 2998 3076 3077 2999
2921 3 2 1 2 2999 3077 3078 3000
2922 3 2 1 2 3000 3078 3079 3001
2923 3 2 1 2 3001 3079 3080 3002
2924 3 2 1 2 3002 3080 3081 3003
2925 3 2 1 2 3003 3081 3082 3004
2926 3 2 1 2 3004 3082 3083 3005
2927 3 2 1 2 3005 3083 3084 3006
2928 3 2 1 2 3006 3084 3085 3007
2929 3 2 1 2 3007 3085 3086 3008
2930 3 2 1 2 3008 3086 3087 3009
2931 3 2 1 2 3009 3087 3088 3010
2932 3 2 1 2 3010 3088 3089 3011
2933 3 2 1 2 3011 3089 3090 3012
2934 3 2 1 2 3012 3090 318 319
2935 3 2 1 2 152 151 3091 3013
2936 3 2 1 2 3013 3091 3092 3014
2937 3 2 1 2 3014 3092 3093 3015
2938 3 2 1 2 3015 3093 3094 3016
2939 3 2 1 2 3016 3094 3095 3017
2940 3 2 1 2 3017 3095 3096 3018
2941 3 2 1 2 3018 3096 3097 3019
2942 3 2 1 2 3019 3097 3098 3020
2943 3 2 1 2 3020 3098 3099 3021
2944 3 2 1 2 3021 3099 3100 3022
2945 3 2 1 2 3022 3100 3101 3023
2946 3 2 1 2 3023 3101 3102 3024
2947 3 2 1 2 3024 3102 3103 3025
2948 3 2 1 2 3025 3103 3104 3026
2949 3 2 1 2 3026 3104 3105 3027
2950 3 2 1 2 3027 3105 3106 3028
2951 3 2 1 2 3028 3106 3107 3029
2952 3 2 1 2 3029 3107 3108 3030
2953 3 2 1 2 3030 3108 3109 3031
2954 3 2 1 2 3031 3109 3110 3032
2955 3 2 1 2 3032 3110 3111 3033
2956 3 2 1 2 3033 3111 3112 3034
2957 3 2 1 2 3034 3112 3113 3035
2958 3 2 1 2 3035 3113 3114 3036
2959 3 2 1 2 3036 3114 3115 3037
2960 3 2 1 2 3037 3115 3116 3038
2961 3 2 1 2 3038 3116 3117 3039
2962 3 2 1 2 3039 3117 3118 3040
2963 3 2 1 2 3040 3118 3119 3041
2964 3 2 1 2 3041 3119 3120 3042
2965 3 2 1 2 3042 3120 3121 3043
2966 3 2 1 2 3043 3121 3122 3044
2967 3 2 1 2 3044 3122 3123 3045
2968 3 2 1 2 3045 3123 3124 3046
2969 3 2 1 2 3046 3124 3125 3047
2970 3 2 1 2 3047 3125 3126 3048
2971 3 2 1 2 3048 3126 3127 3049
2972 3 2 1 2 3049 3127 3128 3050
2973 3 2 1 2 3050 3128 3129 3051
2974 3 2 1 2 3051 3129 3130 3052
2975 3 2 1 2 3052 3130 3131 3053
2976 3 2 1 2 3053 3131 3132 3054
2977 3 2 1 2 3054 3132 3133 3055
2978 3 2 1 2 3055 3133 3134 3056
2979 3 2 1 2 3056 3134 3135 3057
2980 3 2 1 2 3057 3135 3136 3058
2981 3 2 1 2 3058 3136 3137 3059
2982 3 2 1 2 3059 3137 3138 3060
2983 3 2 1 2 3060 3138 3139 3061
2984 3 2 1 2 3061 3139 3140 3062
2985 3 2 1 2 3062 3140 3141 3063
2986 3 2 1 2 3063 3141 3142 3064
2987 3 2 1 2 3064 3142 3143 3065
2988 3 2 1 2 3065 3143 3144 3066
2989 3 2 1 2 3066 3144 3145 3067
2990 3 2 1 2 3067 3145 3146 3068
2991 3 2 1 2 3068 3146 3147 3069
2992 3 2 1 2 3069 3147 3148 3070
2993 3 2 1 2 3070 3148 3149 3071
2994 3 2 1 2 3071 3149 3150 3072
2995 3 2 1 2 3072 3150 3151 3073
2996 3 2 1 2 3073 3151 3152 3074
2997 3 2 1 2 3074 3152 3153 3075
2998 3 2 1 2 3075 3153 3154 3076
2999 3 2 1 2 3076 3154 3155 3077
3000 3 2 1 2 3077 3155 3156 3078
3001 3 2 1 2 3078 3156 3157 3079
3002 3 2 1 2 3079 3157 3158 3080
3003 3 2 1 2 3080 3158 3159 3081
3004 3 2 1 2 3081 3159 3160 3082
3005 3 2 1 2 3082 3160 3161 3083
3006 3 2 1 2 3083 3161 3162 3084
3007 3 2 1 2 3084 3162 3163 3085
3008 3 2 1 2 3085 3163 3164 3086
3009 3 2 1 2 3086 3164 3165 3087
3010 3 2 1 2 3087 3165 3166 3088
3011 3 2 1 2 3088 3166 3167 3089
3012 3 2 1 2 3089 3167 3168 3090
3013 3 2 1 2 3090 3168 317 318
3014 3 2 1 2 151 150 3169 3091
3015 3 2 1 2 3091 3169 3170 3092
3016 3 2 1 2 3092 3170 3171 3093
3017 3 2 1 2 3093 3171 3172 3094
3018 3 2 1 2 3094 3172 3173 3095
3019 3 2 1 2 3095 3173 3174 3096
3020 3 2 1 2 3096 3174 3175 3097
3021 3 2 1 2 3097 3175 3176 3098
3022 3 2 1 2 3098 3176 3177 3099
3023 3 2 1 2 3099 3177 3178 3100
3024 3 2 1 2 3100 3178 3179 3101
3025 3 2 1 2 3101 3179 3180 3102
3026 3 2 1 2 3102 3180 3181 3103
3027 3 2 1 2 3103 3181 3182 3104
3028 3 2 1 2 3104 3182 3183 3105
3029 3 2 1 2 3105 3183 3184 3106
3030 3 2 1 2 3106 3184 3185 3107
3031 3 2 1 2 3107 3185 3186 3108
3032 3 2 1 2 3108 3186 3187 3109
3033 3 2 1 2 3109 3187 3188 3110
3034 3 2 1 2 3110 3188 3189 3111
3035 3 2 1 2 3111 3189 3190 3112
3036 3 2 1 2 3112 3190 3191 3113
3037 3 2 1 2 3113 3191 3192 3114
3038 3 2 1 2 3114 3192 3193 3115
3039 3 2 1 2 3115 3193 3194 3116
3040 3 2 1 2 3116 3194 3195 3117
3041 3 2 1 2 3117 3195 3196 3118
3042 3 2 1 2 3118 3196 3197 3119
3043 3 2 1 2 3119 3197 3198 3120
3044 3 2 1 2 3120 3198 3199 3121
3045 3 2 1 2 3121 3199 3200 3122
3046 3 2 1 2 3122 3200 3201 3123
3047 3 2 1 2 3123 3201 3202 3124
3048 3 2 1 2 3124 3202 3203 3125
3049 3 2 1 2 3125 3203 3204 3126
3050 3 2 1 2 3126 3204 3205 3127
3051 3 2 1 2 3127 3205 3206 3128
3052 3 2 1 2 3128 3206 3207 3129
3053 3 2 1 2 3129 3207 3208 3130
3054 3 2 1 2 3130 3208 3209 3131
3055 3 2 1 2 3131 3209 3210 3132
3056 3 2 1 2 3132 3210 3211 3133
3057 3 2 1 2 3133 3211 3212 3134
3058 3 2 1 2 3134 3212 3213 3135
3059 3 2 1 2 3135 3213 3214 3136
3060 3 2 1 2 3136 3214 3215 3137
3061 3 2 1 2 3137 3215 3216 3138
3062 3 2 1 2 3138 3216 3217 3139
3063 3 2 1 2 3139 3217 3218 3140
3064 3 2 1 2 3140 3218 3219 3141
3065 3 2 1 2 3141 3219 3220 3142
3066 3 2 1 2 3142 3220 3221 3143
3067 3 2 1 2 3143 3221 3222 3144
3068 3 2 1 2 3144 3222 3223 3145
3069 3 2 1 2 3145 3223 3224 3146
3070 3 2 1 2 3146 3224 3225 3147
3071 3 2 1 2 3147 3225 3226 3148
3072 3 2 1 2 3148 3226 3227 3149
3073 3 2 1 2 3149 3227 3228 3150
3074 3 2 1 2 3150 3228 3229 3151
3075 3 2 1 2 3151 3229 3230 3152
3076 3 2 1 2 3152 3230 3231 3153
3077 3 2 1 2 3153 3231 3232 3154
3078 3 2 1 2 3154 3232 3233 3155
3079 3 2 1 2 3155 3233 3234 3156
3080 3 2 1 2 3156 3234 3235 3157
3081 3 2 1 2 3157 3235 3236 3158
3082 3 2 1 2 3158 3236 3237 3159
3083 3 2 1 2 3159 3237 3238 3160
3084 3 2 1 2 3160 3238 3239 3161
3085 3 2 1 2 3161 3239 3240 3162
3086 3 2 1 2 3162 3240 3241 3163
3087 3 2 1 2 3163 3241 3242 3164
3088 3 2 1 2 3164 3242 3243 3165
3089 3 2 1 2 3165 3243 3244 3166
3090 3 2 1 2 3166 3244 3245 3167
3091 3 2 1 2 3167 3245 3246 3168
3092 3 2 1 2 3168 3246 316 317
3093 3 2 1 2 150 149 3247 3169
3094 3 2 1 2 3169 3247 3248 3170
3095 3 2 1 2 3170 3248 3249 3171
3096 3 2 1 2 3171 3249 3250 3172
3097 3 2 1 2 3172 3250 3251 3173
3098 3 2 1 2 3173 3251 3252 3174
3099 3 2 1 2 3174 3252 3253 3175
3100 3 2 1 2 3175 3253 3254 3176
3101 3 2 1 2 3176 3254 3255 3177
3102 3 2 1 2 3177 3255 3256 3178
3103 3 2 1 2 3178 3256 3257 3179
3104 3 2 1 2 3179 3257 3258 3180
3105 3 2 1 2 3180 3258 3259 3181
3106 3 2 1 2 3181 3259 3260 3182
3107 3 2 1 2 3182 3260 3261 3183
3108 3 2 1 2 3183 3261 3262 3184
3109 3 2 1 2 3184 3262 3263 3185
3110 3 2 1 2 3185 3263 3264 3186
3111 3 2 1 2 3186 3264 3265 3187
3112 3 2 1 2 3187 3265 3266 3188
3113 3 2 1 2 3188 3266 3267 3189
3114 3 2 1 2 3189 3267 3268 3190
3115 3 2 1 2 3190 3268 3269 3191
3116 3 2 1 2 3191 3269 3270 3192
3117 3 2 1 2 3192 3270 3271 3193
3118 3 2 1 2 3193 3271 3272 3194
3119 3 2 1 2 3194 3272 3273 3195
3120 3 2 1 2 3195 3273 3274 3196
3121 3 2 1 2 3196 3274 3275 3197
3122 3 2 1 2 3197 3275 3276 3198
3123 3 2 1 2 3198 3276 3277 3199
3124 3 2 1 2 3199 3277 3278 3200
3125 3 2 1 2 3200 3278 3279 3201
3126 3 2 1 2 3201 3279 3280 3202
3127 3 2 1 2 3202 3280 3281 3203
3128 3 2 1 2 3203 3281 3282 3204
3129 3 2 1 2 3204 3282 3283 3205
3130 3 2 1 2 3205 3283 3284 3206
3131 3 2 1 2 3206 3284 3285 3207
3132 3 2 1 2 3207 3285 3286 3208
3133 3 2 1 2 3208 3286 3287 3209
3134 3 2 1 2 3209 3287 3288 3210
3135 3 2 1 2 3210 3288 3289 3211
3136 3 2 1 2 3211 3289 3290 3212
3137 3 2 1 2 3212 3290 3291 3213
3138 3 2 1 2 3213 3291 3292 3214
3139 3 2 1 2 3214 3292 3293 3215
3140 3 2 1 2 3215 3293 3294 3216
3141 3 2 1 2 3216 3294 3295 3217
3142 3 2 1 2 3217 3295 3296 3218
3143 3 2 1 2 3218 3296 3297 3219
3144 3 2 1 2 3219 3297 3298 3220
3145 3 2 1 2 3220 3298 3299 3221
3146 3 2 1 2 3221 3299 3300 3222
3147 3 2 1 2 3222 3300 3301 3223
3148 3 2 1 2 3223 3301 3302 3224
3149 3 2 1 2 3224 3302 3303 3225
3150 3 2 1 2 3225 3303 3304 3226
3151 3 2 1 2 3226 3304 3305 3227
3152 3 2 1 2 3227 3305 3306 3228
3153 3 2 1 2 3228 3306 3307 3229
3154 3 2 1 2 3229 3307 3308 3230
3155 3 2 1 2 3230 3308 3309 3231
3156 3 2 1 2 3231 3309 3310 3232
3157 3 2 1 2 3232 3310 3311 3233
3158 3 2 1 2 3233 3311 3312 3234
3159 3 2 1 2 3234 3312 3313 3235
3160 3 2 1 2 3235 3313 3314 3236
3161 3 2 1 2 3236 3314 3315 3237
3162 3 2 1 2 3237 3315 3316 3238
3163 3 2 1 2 3238 3316 3317 3239
3164 3 2 1 2 3239 3317 3318 3240
3165 3 2 1 2 3240 3318 3319 3241
3166 3 2 1 2 3241 3319 3320 3242
3167 3 2 1 2 3242 3320 3321 3243
3168 3 2 1 2 3243 3321 3322 3244
3169 3 2 1 2 3244 3322 3323 3245
3170 3 2 1 2 3245 3323 3324 3246
3171 3 2 1 2 3246 3324 315 316
3172 3 2 1 2 149 148 3325 3247
3173 3 2 1 2 3247 3325 3326 3248
3174 3 2 1 2 3248 3326 3327 3249
3175 3 2 1 2 3249 3327 3328 3250
3176 3 2 1 2 3250 3328 3329 3251
3177 3 2 1 2 3251 3329 3330 3252
3178 3 2 1 2 3252 3330 3331 3253
3179 3 2 1 2 3253 3331 3332 3254
3180 3 2 1 2 3254 3332 3333 3255
3181 3 2 1 2 3255 3333 3334 3256
3182 3 2 1 2 3256 3334 3335 3257
3183 3 2 1 2 3257 3335 3336 3258
3184 3 2 1 2 3258 3336 3337 3259
3185 3 2 1 2 3259 3337 3338 3260
3186 3 2 1 2 3260 3338 3339 3261
3187 3 2 1 2 3261 3339 3340 3262
3188 3 2 1 2 3262 3340 3341 3263
3189 3 2 1 2 3263 3341 3342 3264
3190 3 2 1 2 3264 3342 3343 3265
3191 3 2 1 2 3265 3343 3344 3266
3192 3 2 1 2 3266 3344 3345 3267
3193 3 2 1 2 3267 3345 3346 3268
3194 3 2 1 2 3268 3346 3347 3269
3195 3 2 1 2 3269 3347 3348 3270
3196 3 2 1 2 3270 3348 3349 3271
3197 3 2 1 2 3271 3349 3350 3272
3198 3 2 1 2 3272 3350 3351 3273
3199 3 2 1 2 3273 3351 3352 3274
3200 3 2 1 2 3274 3352 3353 3275
3201 3 2 1 2 3275 3353 3354 3276
3202 3 2 1 2 3276 3354 3355 3277
3203 3 2 1 2 3277 3355 3356 3278
3204 3 2 1 2 3278 3356 3357 3279
3205 3 2 1 2 3279 3357 3358 3280
3206 3 2 1 2 3280 3358 3359 3281
3207 3 2 1 2 3281 3359 3360 3282
3208 3 2 1 2 3282 3360 3361 3283
3209 3 2 1 2 3283 3361 3362 3284
3210 3 2 1 2 3284 3362 3363 3285
3211 3 2 1 2 3285 3363 3364 3286
3212 3 2 1 2 3286 3364 3365 3287
3213 3 2 1 2 3287 3365 3366 3288
3214 3 2 1 2 3288 3366 3367 3289
3215 3 2 1 2 3289 3367 3368 3290
3216 3 2 1 2 3290 3368 3369 3291
3217 3 2 1 2 3291 3369 3370 3292
3218 3 2 1 2 3292 3370 3371 3293
3219 3 2 1 2 3293 3371 3372 3294
3220 3 2 1 2 3294 3372 3373 3295
3221 3 2 1 2 3295 3373 3374 3296
3222 3 2 1 2 3296 3374 3375 3297
3223 3 2 1 2 3297 3375 3376 3298
3224 3 2 1 2 3298 3376 3377 3299
3225 3 2 1 2 3299 3377 3378 3300
3226 3 2 1 2 3300 3378 3379 3301
3227 3 2 1 2 3301 3379 3380 3302
3228 3 2 1 2 3302 3380 3381 3303
3229 3 2 1 2 3303 3381 3382 3304
3230 3 2 1 2 3304 3382 3383 3305
3231 3 2 1 2 3305 3383 3384 3306
3232 3 2 1 2 3306 3384 3385 3307
3233 3 2 1 2 3307 3385 3386 3308
3234 3 2 1 2 3308 3386 3387 3309
3235 3 2 1 2 3309 3387 3388 3310
3236 3 2 1 2 3310 3388 3389 3311
3237 3 2 1 2 3311 3389 3390 3312
3238 3 2 1 2 3312 3390 3391 3313
3239 3 2 1 2 3313 3391 3392 3314
3240 3 2 1 2 3314 3392 3393 3315
3241 3 2 1 2 3315 3393 3394 3316
3242 3 2 1 2 3316 3394 3395 3317
3243 3 2 1 2 3317 3395 3396 3318
3244 3 2 1 2 3318 3396 3397 3319
3245 3 2 1 2 3319 3397 3398 3320
3246 3 2 1 2 3320 3398 3399 3321
3247 3 2 1 2 3321 3399 3400 3322
3248 3 2 1 2 3322 3400 3401 3323
3249 3 2 1 2 3323 3401 3402 3324
3250 3 2 1 2 3324 3402 314 315
3251 3 2 1 2 148 147 3403 3325
3252 3 2 1 2 3325 3403 3404 3326
3253 3 2 1 2 3326 3404 3405 3327
3254 3 2 1 2 3327 3405 3406 3328
3255 3 2 1 2 3328 3406 3407 3329
3256 3 2 1 2 3329 3407 3408 3330
3257 3 2 1 2 3330 3408 3409 3331
3258 3 2 1 2 3331 3409 3410 3332
3259 3 2 1 2 3332 3410 3411 3333
3260 3 2 1 2 3333 3411 3412 3334
3261 3 2 1 2 3334 3412 3413 3335
3262 3 2 1 2 3335 3413 3414 3336
3263 3 2 1 2 3336 3414 3415 3337
3264 3 2 1 2 3337 3415 3416 3338
3265 3 2 1 2 3338 3416 3417 3339
3266 3 2 1 2 3339 3417 3418 3340
3267 3 2 1 2 3340 3418 3419 3341
3268 3 2 1 2 3341 3419 3420 3342
3269 3 2 1 2 3342 3420 3421 3343
3270 3 2 1 2 3343 3421 3422 3344
3271 3 2 1 2 3344 3422 3423 3345
3272 3 2 1 2 3345 3423 3424 3346
3273 3 2 1 2 3346 3424 3425 3347
3274 3 2 1 2 3347 3425 3426 3348
3275 3 2 1 2 3348 3426 3427 3349
3276 3 2 1 2 3349 3427 3428 3350
3277 3 2 1 2 3350 3428 3429 3351
3278 3 2 1 2 3351 3429 3430 3352
3279 3 2 1 2 3352 3430 3431 3353
3280 3 2 1 2 3353 3431 3432 3354
3281 3 2 1 2 3354 3432 3433 3355
3282 3 2 1 2 3355 3433 3434 3356
3283 3 2 1 2 3356 3434 3435 3357
3284 3 2 1 2 3357 3435 3436 3358
3285 3 2 1 2 3358 3436 3437 3359
3286 3 2 1 2 3359 3437 3438 3360
3287 3 2 1 2 3360 3438 3439 3361
3288 3 2 1 2 3361 3439 3440 3362
3289 3 2 1 2 3362 3440 3441 3363
3290 3 2 1 2 3363 3441 3442 3364
3291 3 2 1 2 3364 3442 3443 3365
3292 3 2 1 2 3365 3443 3444 3366
3293 3 2 1 2 3366 3444 3445 3367
3294 3 2 1 2 3367 3445 3446 3368
3295 3 2 1 2 3368 3446 3447 3369
3296 3 2 1 2 3369 3447 3448 3370
3297 3 2 1 2 3370 3448 3449 3371
3298 3 2 1 2 3371 3449 3450 3372
3299 3 2 1 2 3372 3450 3451 3373
3300 3 2 1 2 3373 3451 3452 3374
3301 3 2 1 2 3374 3452 3453 3375
3302 3 2 1 2 3375 3453 3454 3376
3303 3 2 1 2 3376 3454 3455 3377
3304 3 2 1 2 3377 3455 3456 3378
3305 3 2 1 2 3378 3456 3457 3379
3306 3 2 1 2 3379 3457 3458 3380
3307 3 2 1 2 3380 3458 3459 3381
3308 3 2 1 2 3381 3459 3460 3382
3309 3 2 1 2 3382 3460 3461 3383
3310 3 2 1 2 3383 3461 3462 3384
3311 3 2 1 2 3384 3462 3463 3385
3312 3 2 1 2 3385 3463 3464 3386
3313 3 2 1 2 3386 3464 3465 3387
3314 3 2 1 2 3387 3465 3466 3388
3315 3 2 1 2 3388 3466 3467 3389
3316 3 2 1 2 3389 3467 3468 3390
3317 3 2 1 2 3390 3468 3469 3391
3318 3 2 1 2 3391 3469 3470 3392
3319 3 2 1 2 3392 3470 3471 3393
3320 3 2 1 2 3393 3471 3472 3394
3321 3 2 1 2 3394 3472 3473 3395
3322 3 2 1 2 3395 3473 3474 3396
3323 3 2 1 2 3396 3474 3475 3397
3324 3 2 1 2 3397 3475 3476 3398
3325 3 2 1 2 3398 3476 3477 3399
3326 3 2 1 2 3399 3477 3478 3400
3327 3 2 1 2 3400 3478 3479 3401
3328 3 2 1 2 3401 3479 3480 3402
3329 3 2 1 2 3402 3480 313 314
3330 3 2 1 2 147 146 3481 3403
3331 3 2 1 2 3403 3481 3482 3404
3332 3 2 1 2 3404 3482 3483 3405
3333 3 2 1 2 3405 3483 3484 3406
3334 3 2 1 2 3406 3484 3485 3407
3335 3 2 1 2 3407 3485 3486 3408
3336 3 2 1 2 3408 3486 3487 3409
3337 3 2 1 2 3409 3487 3488 3410
3338 3 2 1 2 3410 3488 3489 3411
3339 3 2 1 2 3411 3489 3490 3412
3340 3 2 1 2 3412 3490 3491 3413
3341 3 2 1 2 3413 3491 3492 3414
3342 3 2 1 2 3414 3492 3493 3415
3343 3 2 1 2 3415 3493 3494 3416
3344 3 2 1 2 3416 3494 3495 3417
3345 3 2 1 2 3417 3495 3496 3418
3346 3 2 1 2 3418 3496 3497 3419
3347 3 2 1 2 3419 3497 3498 3420
3348 3 2 1 2 3420 3498 3499 3421
3349 3 2 1 2 3421 3499 3500 3422
3350 3 2 1 2 3422 3500 3501 3423
3351 3 2 1 2 3423 3501 3502 3424
3352 3 2 1 2 3424 3502 3503 3425
3353 3 2 1 2 3425 3503 3504 3426
3354 3 2 1 2 3426 3504 3505 3427
3355 3 2 1 2 3427 3505 3506 3428
3356 3 2 1 2 3428 3506 3507 3429
3357 3 2 1 2 3429 3507 3508 3430
3358 3 2 1 2 3430 3508 3509 3431
3359 3 2 1 2 3431 3509 3510 3432
3360 3 2 1 2 3432 3510 3511 3433
3361 3 2 1 2 3433 3511 3512 3434
3362 3 2 1 2 3434 3512 3513 3435
3363 3 2 1 2 3435 3513 3514 3436
3364 3 2 1 2 3436 3514 3515 3437
3365 3 2 1 2 3437 3515 3516 3438
3366 3 2 1 2 3438 3516 3517 3439
3367 3 2 1 2 3439 3517 3518 3440
3368 3 2 1 2 3440 3518 3519 3441
3369 3 2 1 2 3441 3519 3520 3442
3370 3 2 1 2 3442 3520 3521 3443
3371 3 2 1 2 3443 3521 3522 3444
3372 3 2 1 2 3444 3522 3523 3445
3373 3 2 1 2 3445 3523 3524 3446
3374 3 2 1 2 3446 3524 3525 3447
3375 3 2 1 2 3447 3525 3526 3448
3376 3 2 1 2 3448 3526 3527 3449
3377 3 2 1 2 3449 3527 3528 3450
3378 3 2 1 2 3450 3528 3529 3451
3379 3 2 1 2 3451 3529 3530 3452
3380 3 2 1 2 3452 3530 3531 3453
3381 3 2 1 2 3453 3531 3532 3454
3382 3 2 1 2 3454 3532 3533 3455
3383 3 2 1 2 3455 3533 3534 3456
3384 3 2 1 2 3456 3534 3535 3457
3385 3 2 1 2 3457 3535 3536 3458
3386 3 2 1 2 3458 3536 3537 3459
3387 3 2 1 2 3459 3537 3538 3460
3388 3 2 1 2 3460 3538 3539 3461
3389 3 2 1 2 3461 3539 3540 3462
3390 3 2 1 2 3462 3540 3541 3463
3391 3 2 1 2 3463 3541 3542 3464
3392 3 2 1 2 3464 3542 3543 3465
3393 3 2 1 2 3465 3543 3544 3466
3394 3 2 1 2 3466 3544 3545 3467
3395 3 2 1 2 3467 3545 3546 3468
3396 3 2 1 2 3468 3546 3547 3469
3397 3 2 1 2 3469 3547 3548 3470
3398 3 2 1 2 3470 3548 3549 3471
3399 3 2 1 2 3471 3549 3550 3472
3400 3 2 1 2 3472 3550 3551 3473
3401 3 2 1 2 3473 3551 3552 3474
3402 3 2 1 2 3474 3552 3553 3475
3403 3 2 1 2 3475 3553 3554 3476
3404 3 2 1 2 3476 3554 3555 3477
3405 3 2 1 2 3477 3555 3556 3478
3406 3 2 1 2 3478 3556 3557 3479
3407 3 2 1 2 3479 3557 3558 3480
3408 3 2 1 2 3480 3558 312 313
3409 3 2 1 2 146 145 3559 3481
3410 3 2 1 2 3481 3559 3560 3482
3411 3 2 1 2 3482 3560 3561 3483
3412 3 2 1 2 3483 3561 3562 3484
3413 3 2 1 2 3484 3562 3563 3485
3414 3 2 1 2 3485 3563 3564 3486
3415 3 2 1 2 3486 3564 3565 3487
3416 3 2 1 2 3487 3565 3566 3488
3417 3 2 1 2 3488 3566 3567 3489
3418 3 2 1 2 3489 3567 3568 3490
3419 3 2 1 2 3490 3568 3569 3491
3420 3 2 1 2 3491 3569 3570 3492
3421 3 2 1 2 3492 3570 3571 3493
3422 3 2 1 2 3493 3571 3572 3494
3423 3 2 1 2 3494 3572 3573 3495
3424 3 2 1 2 3495 3573 3574 3496
3425 3 2 1 2 3496 3574 3575 3497
3426 3 2 1 2 3497 3575 3576 3498
3427 3 2 1 2 3498 3576 3577 3499
3428 3 2 1 2 3499 3577 3578 3500
3429 3 2 1 2 3500 3578 3579 3501
3430 3 2 1 2 3501 3579 3580 3502
3431 3 2 1 2 3502 3580 3581 3503
3432 3 2 1 2 3503 3581 3582 3504
3433 3 2 1 2 3504 3582 3583 3505
3434 3 2 1 2 3505 3583 3584 3506
3435 3 2 1 2 3506 3584 3585 3507
3436 3 2 1 2 3507 3585 3586 3508
3437 3 2 1 2 3508 3586 3587 3509
3438 3 2 1 2 3509 3587 3588 3510
3439 3 2 1 2 3510 3588 3589 3511
3440 3 2 1 2 3511 3589 3590 3512
3441 3 2 1 2 3512 3590 3591 3513
3442 3 2 1 2 3513 3591 3592 3514
3443 3 2 1 2 3514 3592 3593 3515
3444 3 2 1 2 3515 3593 3594 3516
3445 3 2 1 2 3516 3594 3595 3517
3446 3 2 1 2 3517 3595 3596 3518
3447 3 2 1 2 3518 3596 3597 3519
3448 3 2 1 2 3519 3597 3598 3520
3449 3 2 1 2 3520 3598 3599 3521
3450 3 2 1 2 3521 3599 3600 3522
3451 3 2 1 2 3522 3600 3601 3523
3452 3 2 1 2 3523 3601 3602 3524
3453 3 2 1 2 3524 3602 3603 3525
3454 3 2 1 2 3525 3603 3604 3526
3455 3 2 1 2 3526 3604 3605 3527
3456 3 2 1 2 3527 3605 3606 3528
3457 3 2 1 2 3528 3606 3607 3529
3458 3 2 1 2 3529 3607 3608 3530
3459 3 2 1 2 3530 3608 3609 3531
3460 3 2 1 2 3531 3609 3610 3532
3461 3 2 1 2 3532 3610 3611 3533
3462 3 2 1 2 3533 3611 3612 3534
3463 3 2 1 2 3534 3612 3613 3535
3464 3 2 1 2 3535 3613 3614 3536
3465 3 2 1 2 3536 3614 3615 3537
3466 3 2 1 2 3537 3615 3616 3538
3467 3 2 1 2 3538 3616 3617 3539
3468 3 2 1 2 3539 3617 3618 3540
3469 3 2 1 2 3540 3618 3619 3541
3470 3 2 1 2 3541 3619 3620 3542
3471 3 2 1 2 3542 3620 3621 3543
3472 3 2 1 2 3543 3621 3622 3544
3473 3 2 1 2 3544 3622 3623 3545
3474 3 2 1 2 3545 3623 3624 3546
3475 3 2 1 2 3546 3624 3625 3547
3476 3 2 1 2 3547 3625 3626 3548
3477 3 2 1 2 3548 3626 3627 3549
3478 3 2 1 2 3549 3627 3628 3550
3479 3 2 1 2 3550 3628 3629 3551
3480 3 2 1 2 3551 3629 3630 3552
3481 3 2 1 2 3552 3630 3631 3553
3482 3 2 1 2 3553 3631 3632 3554
3483 3 2 1 2 3554 3632 3633 3555
3484 3 2 1 2 3555 3633 3634 3556
3485 3 2 1 2 3556 3634 3635 3557
3486 3 2 1 2 3557 3635 3636 3558
3487 3 2 1 2 3558 3636 311 312
3488 3 2 1 2 145 144 3637 3559
3489 3 2 1 2 3559 3637 3638 3560
3490 3 2 1 2 3560 3638 3639 3561
3491 3 2 1 2 3561 3639 3640 3562
3492 3 2 1 2 3562 3640 3641 3563
3493 3 2 1 2 3563 3641 3642 3564
3494 3 2 1 2 3564 3642 3643 3565
3495 3 2 1 2 3565 3643 3644 3566
3496 3 2 1 2 3566 3644 3645 3567
3497 3 2 1 2 3567 3645 3646 3568
3498 3 2 1 2 3568 3646 3647 3569
3499 3 2 1 2 3569 3647 3648 3570
3500 3 2 1 2 3570 3648 3649 3571
3501 3 2 1 2 3571 3649 3650 3572
3502 3 2 1 2 3572 3650 3651 3573
3503 3 2 1 2 3573 3651 3652 3574
3504 3 2 1 2 3574 3652 3653 3575
3505 3 2 1 2 3575 3653 3654 3576
3506 3 2 1 2 3576 3654 3655 3577
3507 3 2 1 2 3577 3655 3656 3578
3508 3 2 1 2 3578 3656 3657 3579
3509 3 2 1 2 3579 3657 3658 3580
3510 3 2 1 2 3580 3658 3659 3581
3511 3 2 1 2 3581 3659 3660 3582
3512 3 2 1 2 3582 3660 3661 3583
3513 3 2 1 2 3583 3661 3662 3584
3514 3 2 1 2 3584 3662 3663 3585
3515 3 2 1 2 3585 3663 3664 3586
3516 3 2 1 2 3586 3664 3665 3587
3517 3 2 1 2 3587 3665 3666 3588
3518 3 2 1 2 3588 3666 3667 3589
3519 3 2 1 2 3589 3667 3668 3590
3520 3 2 1 2 3590 3668 3669 3591
3521 3 2 1 2 3591 3669 3670 3592
3522 3 2 1 2 3592 3670 3671 3593
3523 3 2 1 2 3593 3671 3672 3594
3524 3 2 1 2 3594 3672 3673 3595
3525 3 2 1 2 3595 3673 3674 3596
3526 3 2 1 2 3596 3674 3675 3597
3527 3 2 1 2 3597 3675 3676 3598
3528 3 2 1 2 3598 3676 3677 3599
3529 3 2 1 2 3599 3677 3678 3600
3530 3 2 1 2 3600 3678 3679 3601
3531 3 2 1 2 3601 3679 3680 3602
3532 3 2 1 2 3602 3680 3681 3603
3533 3 2 1 2 3603 3681 3682 3604
3534 3 2 1 2 3604 3682 3683 3605
3535 3 2 1 2 3605 3683 3684 3606
3536 3 2 1 2 3606 3684 3685 3607
3537 3 2 1 2 3607 3685 3686 3608
3538 3 2 1 2 3608 3686 3687 3609
3539 3 2 1 2 3609 3687 3688 3610
3540 3 2 1 2 3610 3688 3689 3611
3541 3 2 1 2 3611 3689 3690 3612
3542 3 2 1 2 3612 3690 3691 3613
3543 3 2 1 2 3613 3691 3692 3614
3544 3 2 1 2 3614 3692 3693 3615
3545 3 2 1 2 3615 3693 3694 3616
3546 3 2 1 2 3616 3694 3695 3617
3547 3 2 1 2 3617 3695 3696 3618
3548 3 2 1 2 3618 3696 3697 3619
3549 3 2 1 2 3619 3697 3698 3620
3550 3 2 1 2 3620 3698 3699 3621
3551 3 2 1 2 3621 3699 3700 3622
3552 3 2 1 2 3622 3700 3701 3623
3553 3 2 1 2 3623 3701 3702 3624
3554 3 2 1 2 3624 3702 3703 3625
3555 3 2 1 2 3625 3703 3704 3626
3556 3 2 1 2 3626 3704 3705 3627
3557 3 2 1 2 3627 3705 3706 3628
3558 3 2 1 2 3628 3706 3707 3629
3559 3 2 1 2 3629 3707 3708 3630
3560 3 2 1 2 3630 3708 3709 3631
3561 3 2 1 2 3631 3709 3710 3632
3562 3 2 1 2 3632 3710 3711 3633
3563 3 2 1 2 3633 3711 3712 3634
3564 3 2 1 2 3634 3712 3713 3635
3565 3 2 1 2 3635 3713 3714 3636
3566 3 2 1 2 3636 3714 310 311
3567 3 2 1 2 144 143 3715 3637
3568 3 2 1 2 3637 3715 3716 3638
3569 3 2 1 2 3638 3716 3717 3639
3570 3 2 1 2 3639 3717 3718 3640
3571 3 2 1 2 3640 3718 3719 3641
3572 3 2 1 2 3641 3719 3720 3642
3573 3 2 1 2 3642 3720 3721 3643
3574 3 2 1 2 3643 3721 3722 3644
3575 3 2 1 2 3644 3722 3723 3645
3576 3 2 1 2 3645 3723 3724 3646
3577 3 2 1 2 3646 3724 3725 3647
3578 3 2 1 2 3647 3725 3726 3648
3579 3 2 1 2 3648 3726 3727 3649
3580 3 2 1 2 3649 3727 3728 3650
3581 3 2 1 2 3650 3728 3729 3651
3582 3 2 1 2 3651 3729 3730 3652
3583 3 2 1 2 3652 3730 3731 3653
3584 3 2 1 2 3653 3731 3732 3654
3585 3 2 1 2 3654 3732 3733 3655
3586 3 2 1 2 3655 3733 3734 3656
3587 3 2 1 2 3656 3734 3735 3657
3588 3 2 1 2 3657 3735 3736 3658
3589 3 2 1 2 3658 3736 3737 3659
3590 3 2 1 2 3659 3737 3738 3660
3591 3 2 1 2 3660 3738 3739 3661
3592 3 2 1 2 3661 3739 3740 3662
3593 3 2 1 2 3662 3740 3741 3663
3594 3 2 1 2 3663 3741 3742 3664
3595 3 2 1 2 3664 3742 3743 3665
3596 3 2 1 2 3665 3743 3744 3666
3597 3 2 1 2 3666 3744 3745 3667
3598 3 2 1 2 3667 3745 3746 3668
3599 3 2 1 2 3668 3746 3747 3669
3600 3 2 1 2 3669 3747 3748 3670
3601 3 2 1 2 3670 3748 3749 3671
3602 3 2 1 2 3671 3749 3750 3672
3603 3 2 1 2 3672 3750 3751 3673
3604 3 2 1 2 3673 3751 3752 3674
3605 3 2 1 2 3674 3752 3753 3675
3606 3 2 1 2 3675 3753 3754 3676
3607 3 2 1 2 3676 3754 3755 3677
3608 3 2 1 2 3677 3755 3756 3678
3609 3 2 1 2 3678 3756 3757 3679
3610 3 2 1 2 3679 3757 3758 3680
3611 3 2 1 2 3680 3758 3759 3681
3612 3 2 1 2 3681 3759 3760 3682
3613 3 2 1 2 3682 3760 3761 3683
3614 3 2 1 2 3683 3761 3762 3684
3615 3 2 1 2 3684 3762 3763 3685
3616 3 2 1 2 3685 3763 3764 3686
3617 3 2 1 2 3686 3764 3765 3687
3618 3 2 1 2 3687 3765 3766 3688
3619 3 2 1 2 3688 3766 3767 3689
3620 3 2 1 2 3689 3767 3768 3690
3621 3 2 1 2 3690 3768 3769 3691
3622 3 2 1 2 3691 3769 3770 3692
3623 3 2 1 2 3692 3770 3771 3693
3624 3 2 1 2 3693 3771 3772 3694
3625 3 2 1 2 3694 3772 3773 3695
3626 3 2 1 2 3695 3773 3774 3696
3627 3 2 1 2 3696 3774 3775 3697
3628 3 2 1 2 3697 3775 3776 3698
3629 3 2 1 2 3698 3776 3777 3699
3630 3 2 1 2 3699 3777 3778 3700
3631 3 2 1 2 3700 3778 3779 3701
3632 3 2 1 2 3701 3779 3780 3702
3633 3 2 1 2 3702 3780 3781 3703
3634 3 2 1 2 3703 3781 3782 3704
3635 3 2 1 2 3704 3782 3783 3705
3636 3 2 1 2 3705 3783 3784 3706
3637 3 2 1 2 3706 3784 3785 3707
3638 3 2 1 2 3707 3785 3786 3708
3639 3 2 1 2 3708 3786 3787 3709
3640 3 2 1 2 3709 3787 3788 3710
3641 3 2 1 2 3710 3788 3789 3711
3642 3 2 1 2 3711 3789 3790 3712
3643 3 2 1 2 3712 3790 3791 3713
3644 3 2 1 2 3713 3791 3792 3714
3645 3 2 1 2 3714 3792 309 310
3646 3 2 1 2 143 142 3793 3715
3647 3 2 1 2 3715 3793 3794 3716
3648 3 2 1 2 3716 3794 3795 3717
3649 3 2 1 2 3717 3795 3796 3718
3650 3 2 1 2 3718 3796 3797 3719
3651 3 2 1 2 3719 3797 3798 3720
3652 3 2 1 2 3720 3798 3799 3721
3653 3 2 1 2 3721 3799 3800 3722
3654 3 2 1 2 3722 3800 3801 3723
3655 3 2 1 2 3723 3801 3802 3724
3656 3 2 1 2 3724 3802 3803 3725
3657 3 2 1 2 3725 3803 3804 3726
3658 3 2 1 2 3726 3804 3805 3727
3659 3 2 1 2 3727 3805 3806 3728
3660 3 2 1 2 3728 3806 3807 3729
3661 3 2 1 2 3729 3807 3808 3730
3662 3 2 1 2 3730 3808 3809 3731
3663 3 2 1 2 3731 3809 3810 3732
3664 3 2 1 2 3732 3810 3811 3733
3665 3 2 1 2 3733 3811 3812 3734
3666 3 2 1 2 3734 3812 3813 3735
3667 3 2 1 2 3735 3813 3814 3736
3668 3 2 1 2 3736 3814 3815 3737
3669 3 2 1 2 3737 3815 3816 3738
3670 3 2 1 2 3738 3816 3817 3739
3671 3 2 1 2 3739 3817 3818 3740
3672 3 2 1 2 3740 3818 3819 3741
3673 3 2 1 2 3741 3819 3820 3742
3674 3 2 1 2 3742 3820 3821 3743
3675 3 2 1 2 3743 3821 3822 3744
3676 3 2 1 2 3744 3822 3823 3745
3677 3 2 1 2 3745 3823 3824 3746
3678 3 2 1 2 3746 3824 3825 3747
3679 3 2 1 2 3747 3825 3826 3748
3680 3 2 1 2 3748 3826 3827 3749
3681 3 2 1 2 3749 3827 3828 3750
3682 3 2 1 2 3750 3828 3829 3751
3683 3 2 1 2 3751 3829 3830 3752
3684 3 2 1 2 3752 3830 3831 3753
3685 3 2 1 2 3753 3831 3832 3754
3686 3 2 1 2 3754 3832 3833 3755
3687 3 2 1 2 3755 3833 3834 3756
3688 3 2 1 2 3756 3834 3835 3757
3689 3 2 1 2 3757 3835 3836 3758
3690 3 2 1 2 3758 3836 3837 3759
3691 3 2 1 2 3759 3837 3838 3760
3692 3 2 1 2 3760 3838 3839 3761
3693 3 2 1 2 3761 3839 3840 3762
3694 3 2 1 2 3762 3840 3841 3763
3695 3 2 1 2 3763 3841 3842 3764
3696 3 2 1 2 3764 3842 3843 3765
3697 3 2 1 2 3765 3843 3844 3766
3698 3 2 1 2 3766 3844 3845 3767
3699 3 2 1 2 3767 3845 3846 3768
3700 3 2 1 2 3768 3846 3847 3769
3701 3 2 1 2 3769 3847 3848 3770
3702 3 2 1 2 3770 3848 3849 3771
3703 3 2 1 2 3771 3849 3850 3772
3704 3 2 1 2 3772 3850 3851 3773
3705 3 2 1 2 3773 3851 3852 3774
3706 3 2 1 2 3774 3852 3853 3775
3707 3 2 1 2 3775 3853 3854 3776
3708 3 2 1 2 3776 3854 3855 3777
3709 3 2 1 2 3777 3855 3856 3778
3710 3 2 1 2 3778 3856 3857 3779
3711 3 2 1 2 3779 3857 3858 3780
3712 3 2 1 2 3780 3858 3859 3781
3713 3 2 1 2 3781 3859 3860 3782
3714 3 2 1 2 3782 3860 3861 3783
3715 3 2 1 2 3783 3861 3862 3784
3716 3 2 1 2 3784 3862 3863 3785
3717 3 2 1 2 3785 3863 3864 3786
3718 3 2 1 2 3786 3864 3865 3787
3719 3 2 1 2 3787 3865 3866 3788
3720 3 2 1 2 3788 3866 3867 3789
3721 3 2 1 2 3789 3867 3868 3790
3722 3 2 1 2 3790 3868 3869 3791
3723 3 2 1 2 3791 3869 3870 3792
3724 3 2 1 2 3792 3870 308 309
3725 3 2 1 2 142 141 3871 3793
3726 3 2 1 2 3793 3871 3872 3794
3727 3 2 1 2 3794 3872 3873 3795
3728 3 2 1 2 3795 3873 3874 3796
3729 3 2 1 2 3796 3874 3875 3797
3730 3 2 1 2 3797 3875 3876 3798
3731 3 2 1 2 3798 3876 3877 3799
3732 3 2 1 2 3799 3877 3878 3800
3733 3 2 1 2 3800 3878 3879 3801
3734 3 2 1 2 3801 3879 3880 3802
3735 3 2 1 2 3802 3880 3881 3803
3736 3 2 1 2 3803 3881 3882 3804
3737 3 2 1 2 3804 3882 3883 3805
3738 3 2 1 2 3805 3883 3884 3806
3739 3 2 1 2 3806 3884 3885 3807
3740 3 2 1 2 3807 3885 3886 3808
3741 3 2 1 2 3808 3886 3887 3809
3742 3 2 1 2 3809 3887 3888 3810
3743 3 2 1 2 3810 3888 3889 3811
3744 3 2 1 2 3811 3889 3890 3812
3745 3 2 1 2 3812 3890 3891 3813
3746 3 2 1 2 3813 3891 3892 3814
3747 3 2 1 2 3814 3892 3893 3815
3748 3 2 1 2 3815 3893 3894 3816
3749 3 2 1 2 3816 3894 3895 3817
3750 3 2 1 2 3817 3895 3896 3818
3751 3 2 1 2 3818 3896 3897 3819
3752 3 2 1 2 3819 3897 3898 3820
3753 3 2 1 2 3820 3898 3899 3821
3754 3 2 1 2 3821 3899 3900 3822
3755 3 2 1 2 3822 3900 3901 3823
3756 3 2 1 2 3823 3901 3902 3824
3757 3 2 1 2 3824 3902 3903 3825
3758 3 2 1 2 3825 3903 3904 3826
3759 3 2 1 2 3826 3904 3905 3827
3760 3 2 1 2 3827 3905 3906 3828
3761 3 2 1 2 3828 3906 3907 3829
3762 3 2 1 2 3829 3907 3908 3830
3763 3 2 1 2 3830 3908 3909 3831
3764 3 2 1 2 3831 3909 3910 3832
3765 3 2 1 2 3832 3910 3911 3833
3766 3 2 1 2 3833 3911 3912 3834
3767 3 2 1 2 3834 3912 3913 3835
3768 3 2 1 2 3835 3913 3914 3836
3769 3 2 1 2 3836 3914 3915 3837
3770 3 2 1 2 3837 3915 3916 3838
3771 3 2 1 2 3838 3916 3917 3839
3772 3 2 1 2 3839 3917 3918 3840
3773 3 2 1 2 3840 3918 3919 3841
3774 3 2 1 2 3841 3919 3920 3842
3775 3 2 1 2 3842 3920 3921 3843
3776 3 2 1 2 3843 3921 3922 3844
3777 3 2 1 2 3844 3922 3923 3845
3778 3 2 1 2 3845 3923 3924 3846
3779 3 2 1 2 3846 3924 3925 3847
3780 3 2 1 2 3847 3925 3926 3848
3781 3 2 1 2 3848 3926 3927 3849
3782 3 2 1 2 3849 3927 3928 3850
3783 3 2 1 2 3850 3928 3929 3851
3784 3 2 1 2 3851 3929 3930 3852
3785 3 2 1 2 3852 3930 3931 3853
3786 3 2 1 2 3853 3931 3932 3854
3787 3 2 1 2 3854 3932 3933 3855
3788 3 2 1 2 3855 3933 3934 3856
3789 3 2 1 2 3856 3934 3935 3857
3790 3 2 1 2 3857 3935 3936 3858
3791 3 2 1 2 3858 3936 3937 3859
3792 3 2 1 2 3859 3937 3938 3860
3793 3 2 1 2 3860 3938 3939 3861
3794 3 2 1 2 3861 3939 3940 3862
3795 3 2 1 2 3862 3940 3941 3863
3796 3 2 1 2 3863 3941 3942 3864
3797 3 2 1 2 3864 3942 3943 3865
3798 3 2 1 2 3865 3943 3944 3866
3799 3 2 1 2 3866 3944 3945 3867
3800 3 2 1 2 3867 3945 3946 3868
3801 3 2 1 2 3868 3946 3947 3869
3802 3 2 1 2 3869 3947 3948 3870
3803 3 2 1 2 3870 3948 307 308
3804 3 2 1 2 141 140 3949 3871
3805 3 2 1 2 3871 3949 3950 3872
3806 3 2 1 2 3872 3950 3951 3873
3807 3 2 1 2 3873 3951 3952 3874
3808 3 2 1 2 3874 3952 3953 3875
3809 3 2 1 2 3875 3953 3954 3876
3810 3 2 1 2 3876 3954 3955 3877
3811 3 2 1 2 3877 3955 3956 3878
3812 3 2 1 2 3878 3956 3957 3879
3813 3 2 1 2 3879 3957 3958 3880
3814 3 2 1 2 3880 3958 3959 3881
3815 3 2 1 2 3881 3959 3960 3882
3816 3 2 1 2 3882 3960 3961 3883
3817 3 2 1 2 3883 3961 3962 3884
3818 3 2 1 2 3884 3962 3963 3885
3819 3 2 1 2 3885 3963 3964 3886
3820 3 2 1 2 3886 3964 3965 3887
3821 3 2 1 2 3887 3965 3966 3888
3822 3 2 1 2 3888 3966 3967 3889
3823 3 2 1 2 3889 3967 3968 3890
3824 3 2 1 2 3890 3968 3969 3891
3825 3 2 1 2 3891 3969 3970 3892
3826 3 2 1 2 3892 3970 3971 3893
3827 3 2 1 2 3893 3971 3972 3894
3828 3 2 1 2 3894 3972 3973 3895
3829 3 2 1 2 3895 3973 3974 3896
3830 3 2 1 2 3896 3974 3975 3897
3831 3 2 1 2 3897 3975 3976 3898
3832 3 2 1 2 3898 3976 3977 3899
3833 3 2 1 2 3899 3977 3978 3900
3834 3 2 1 2 3900 3978 3979 3901
3835 3 2 1 2 3901 3979 3980 3902
3836 3 2 1 2 3902 3980 3981 3903
3837 3 2 1 2 3903 3981 3982 3904
3838 3 2 1 2 3904 3982 3983 3905
3839 3 2 1 2 3905 3983 3984 3906
3840 3 2 1 2 3906 3984 3985 3907
3841 3 2 1 2 3907 3985 3986 3908
3842 3 2 1 2 3908 3986 3987 3909
3843 3 2 1 2 3909 3987 3988 3910
3844 3 2 1 2 3910 3988 3989 3911
3845 3 2 1 2 3911 3989 3990 3912
3846 3 2 1 2 3912 3990 3991 3913
3847 3 2 1 2 3913 3991 3992 3914
3848 3 2 1 2 3914 3992 3993 3915
3849 3 2 1 2 3915 3993 3994 3916
3850 3 2 1 2 3916 3994 3995 3917
3851 3 2 1 2 3917 3995 3996 3918
3852 3 2 1 2 3918 3996 3997 3919
3853 3 2 1 2 3919 3997 3998 3920
3854 3 2 1 2 3920 3998 3999 3921
3855 3 2 1 2 3921 3999 4000 3922
3856 3 2 1 2 3922 4000 4001 3923
3857 3 2 1 2 3923 4001 4002 3924
3858 3 2 1 2 3924 4002 4003 3925
3859 3 2 1 2 3925 4003 4004 3926
3860 3 2 1 2 3926 4004 4005 3927
3861 3 2 1 2 3927 4005 4006 3928
3862 3 2 1 2 3928 4006 4007 3929
3863 3 2 1 2 3929 4007 4008 3930
3864 3 2 1 2 3930 4008 4009 3931
3865 3 2 1 2 3931 4009 4010 3932
3866 3 2 1 2 3932 4010 4011 3933
3867 3 2 1 2 3933 4011 4012 3934
3868 3 2 1 2 3934 4012 4013 3935
3869 3 2 1 2 3935 4013 4014 3936
3870 3 2 1 2 3936 4014 4015 3937
3871 3 2 1 2 3937 4015 4016 3938
3872 3 2 1 2 3938 4016 4017 3939
3873 3 2 1 2 3939 4017 4018 3940
3874 3 2 1 2 3940 4018 4019 3941
3875 3 2 1 2 3941 4019 4020 3942
3876 3 2 1 2 3942 4020 4021 3943
3877 3 2 1 2 3943 4021 4022 3944
3878 3 2 1 2 3944 4022 4023 3945
3879 3 2 1 2 3945 4023 4024 3946
3880 3 2 1 2 3946 4024 4025 3947
3881 3 2 1 2 3947 4025 4026 3948
3882 3 2 1 2 3948 4026 306 307
3883 3 2 1 2 140 139 4027 3949
3884 3 2 1 2 3949 4027 4028 3950
3885 3 2 1 2 3950 4028 4029 3951
3886 3 2 1 2 3951 4029 4030 3952
3887 3 2 1 2 3952 4030 4031 3953
3888 3 2 1 2 3953 4031 4032 3954
3889 3 2 1 2 3954 4032 4033 3955
3890 3 2 1 2 3955 4033 4034 3956
3891 3 2 1 2 3956 4034 4035 3957
3892 3 2 1 2 3957 4035 4036 3958
3893 3 2 1 2 3958 4036 4037 3959
3894 3 2 1 2 3959 4037 4038 3960
3895 3 2 1 2 3960 4038 4039 3961
3896 3 2 1 2 3961 4039 4040 3962
3897 3 2 1 2 3962 4040 4041 3963
3898 3 2 1 2 3963 4041 4042 3964
3899 3 2 1 2 3964 4042 4043 3965
3900 3 2 1 2 3965 4043 4044 3966
3901 3 2 1 2 3966 4044 4045 3967
3902 3 2 1 2 3967 4045 4046 3968
3903 3 2 1 2 3968 4046 4047 3969
3904 3 2 1 2 3969 4047 4048 3970
3905 3 2 1 2 3970 4048 4049 3971
3906 3 2 1 2 3971 4049 4050 3972
3907 3 2 1 2 3972 4050 4051 3973
3908 3 2 1 2 3973 4051 4052 3974
3909 3 2 1 2 3974 4052 4053 3975
3910 3 2 1 2 3975 4053 4054 3976
3911 3 2 1 2 3976 4054 4055 3977
3912 3 2 1 2 3977 4055 4056 3978
3913 3 2 1 2 3978 4056 4057 3979
3914 3 2 1 2 3979 4057 4058 3980
3915 3 2 1 2 3980 4058 4059 3981
3916 3 2 1 2 3981 4059 4060 3982
3917 3 2 1 2 3982 4060 4061 3983
3918 3 2 1 2 3983 4061 4062 3984
3919 3 2 1 2 3984 4062 4063 3985
3920 3 2 1 2 3985 4063 4064 3986
3921 3 2 1 2 3986 4064 4065 3987
3922 3 2 1 2 3987 4065 4066 3988
3923 3 2 1 2 3988 4066 4067 3989
3924 3 2 1 2 3989 4067 4068 3990
3925 3 2 1 2 3990 4068 4069 3991
3926 3 2 1 2 3991 4069 4070 3992
3927 3 2 1 2 3992 4070 4071 3993
3928 3 2 1 2 3993 4071 4072 3994
3929 3 2 1 2 3994 4072 4073 3995
3930 3 2 1 2 3995 4073 4074 3996
3931 3 2 1 2 3996 4074 4075 3997
3932 3 2 1 2 3997 4075 4076 3998
3933 3 2 1 2 3998 4076 4077 3999
3934 3 2 1 2 3999 4077 4078 4000
3935 3 2 1 2 4000 4078 4079 4001
3936 3 2 1 2 4001 4079 4080 4002
3937 3 2 1 2 4002 4080 4081 4003
3938 3 2 1 2 4003 4081 4082 4004
3939 3 2 1 2 4004 4082 4083 4005
3940 3 2 1 2 4005 4083 4084 4006
3941 3 2 1 2 4006 4084 4085 4007
3942 3 2 1 2 4007 4085 4086 4008
3943 3 2 1 2 4008 4086 4087 4009
3944 3 2 1 2 4009 4087 4088 4010
3945 3 2 1 2 4010 4088 4089 4011
3946 3 2 1 2 4011 4089 4090 4012
3947 3 2 1 2 4012 4090 4091 4013
3948 3 2 1 2 4013 4091 4092 4014
3949 3 2 1 2 4014 4092 4093 4015
3950 3 2 1 2 4015 4093 4094 4016
3951 3 2 1 2 4016 4094 4095 4017
3952 3 2 1 2 4017 4095 4096 4018
3953 3 2 1 2 4018 4096 4097 4019
3954 3 2 1 2 4019 4097 4098 4020
3955 3 2 1 2 4020 4098 4099 4021
3956 3 2 1 2 4021 4099 4100 4022
3957 3 2 1 2 4022 4100 4101 4023
3958 3 2 1 2 4023 4101 4102 4024
3959 3 2 1 2 4024 4102 4103 4025
3960 3 2 1 2 4025 4103 4104 4026
3961 3 2 1 2 4026 4104 305 306
3962 3 2 1 2 139 138 4105 4027
3963 3 2 1 2 4027 4105 4106 4028
3964 3 2 1 2 4028 4106 4107 4029
3965 3 2 1 2 4029 4107 4108 4030
3966 3 2 1 2 4030 4108 4109 4031
3967 3 2 1 2 4031 4109 4110 4032
3968 3 2 1 2 4032 4110 4111 4033
3969 3 2 1 2 4033 4111 4112 4034
3970 3 2 1 2 4034 4112 4113 4035
3971 3 2 1 2 4035 4113 4114 4036
3972 3 2 1 2 4036 4114 4115 4037
3973 3 2 1 2 4037 4115 4116 4038
3974 3 2 1 2 4038 4116 4117 4039
3975 3 2 1 2 4039 4117 4118 4040
3976 3 2 1 2 4040 4118 4119 4041
3977 3 2 1 2 4041 4119 4120 4042
3978 3 2 1 2 4042 4120 4121 4043
3979 3 2 1 2 4043 4121 4122 4044
3980 3 2 1 2 4044 4122 4123 4045
3981 3 2 1 2 4045 4123 4124 4046
3982 3 2 1 2 4046 4124 4125 4047
3983 3 2 1 2 4047 4125 4126 4048
3984 3 2 1 2 4048 4126 4127 4049
3985 3 2 1 2 4049 4127 4128 4050
3986 3 2 1 2 4050 4128 4129 4051
3987 3 2 1 2 4051 4129 4130 4052
3988 3 2 1 2 4052 4130 4131 4053
3989 3 2 1 2 4053 4131 4132 4054
3990 3 2 1 2 4054 4132 4133 4055
3991 3 2 1 2 4055 4133 4134 4056
3992 3 2 1 2 4056 4134 4135 4057
3993 3 2 1 2 4057 4135 4136 4058
3994 3 2 1 2 4058 4136 4137 4059
3995 3 2 1 2 4059 4137 4138 4060
3996 3 2 1 2 4060 4138 4139 4061
3997 3 2 1 2 4061 4139 4140 4062
3998 3 2 1 2 4062 4140 4141 4063
3999 3 2 1 2 4063 4141 4142 4064
4000 3 2 1 2 4064 4142 4143 4065
4001 3 2 1 2 4065 4143 4144 4066
4002 3 2 1 2 4066 4144 4145 4067
4003 3 2 1 2 4067 4145 4146 4068
4004 3 2 1 2 4068 4146 4147 4069
4005 3 2 1 2 4069 4147 4148 4070
4006 3 2 1 2 4070 4148 4149 4071
4007 3 2 1 2 4071 4149 4150 4072
4008 3 2 1 2 4072 4150 4151 4073
4009 3 2 1 2 4073 4151 4152 4074
4010 3 2 1 2 4074 4152 4153 4075
4011 3 2 1 2 4075 4153 4154 4076
4012 3 2 1 2 4076 4154 4155 4077
4013 3 2 1 2 4077 4155 4156 4078
4014 3 2 1 2 4078 4156 4157 4079
4015 3 2 1 2 4079 4157 4158 4080
4016 3 2 1 2 4080 4158 4159 4081
4017 3 2 1 2 4081 4159 4160 4082
4018 3 2 1 2 4082 4160 4161 4083
4019 3 2 1 2 4083 4161 4162 4084
4020 3 2 1 2 4084 4162 4163 4085
4021 3 2 1 2 4085 4163 4164 4086
4022 3 2 1 2 4086 4164 4165 4087
4023 3 2 1 2 4087 4165 4166 4088
4024 3 2 1 2 4088 4166 4167 4089
4025 3 2 1 2 4089 4167 4168 4090
4026 3 2 1 2 4090 4168 4169 4091
4027 3 2 1 2 4091 4169 4170 4092
4028 3 2 1 2 4092 4170 4171 4093
4029 3 2 1 2 4093 4171 4172 4094
4030 3 2 1 2 4094 4172 4173 4095
4031 3 2 1 2 4095 4173 4174 4096
4032 3 2 1 2 4096 4174 4175 4097
4033 3 2 1 2 4097 4175 4176 4098
4034 3 2 1 2 4098 4176 4177 4099
4035 3 2 1 2 4099 4177 4178 4100
4036 3 2 1 2 4100 4178 4179 4101
4037 3 2 1 2 4101 4179 4180 4102
4038 3 2 1 2 4102 4180 4181 4103
4039 3 2 1 2 4103 4181 4182 4104
4040 3 2 1 2 4104 4182 304 305
4041 3 2 1 2 138 137 4183 4105
4042 3 2 1 2 4105 4183 4184 4106
4043 3 2 1 2 4106 4184 4185 4107
4044 3 2 1 2 4107 4185 4186 4108
4045 3 2 1 2 4108 4186 4187 4109
4046 3 2 1 2 4109 4187 4188 4110
4047 3 2 1 2 4110 4188 4189 4111
4048 3 2 1 2 4111 4189 4190 4112
4049 3 2 1 2 4112 4190 4191 4113
4050 3 2 1 2 4113 4191 4192 4114
4051 3 2 1 2 4114 4192 4193 4115
4052 3 2 1 2 4115 4193 4194 4116
4053 3 2 1 2 4116 4194 4195 4117
4054 3 2 1 2 4117 4195 4196 4118
4055 3 2 1 2 4118 4196 4197 4119
4056 3 2 1 2 4119 4197 4198 4120
4057 3 2 1 2 4120 4198 4199 4121
4058 3 2 1 2 4121 4199 4200 4122
4059 3 2 1 2 4122 4200 4201 4123
4060 3 2 1 2 4123 4201 4202 4124
4061 3 2 1 2 4124 4202 4203 4125
4062 3 2 1 2 4125 4203 4204 4126
4063 3 2 1 2 4126 4204 4205 4127
4064 3 2 1 2 4127 4205 4206 4128
4065 3 2 1 2 4128 4206 4207 4129
4066 3 2 1 2 4129 4207 4208 4130
4067 3 2 1 2 4130 4208 4209 4131
4068 3 2 1 2 4131 4209 4210 4132
4069 3 2 1 2 4132 4210 4211 4133
4070 3 2 1 2 4133 4211 4212 4134
4071 3 2 1 2 4134 4212 4213 4135
4072 3 2 1 2 4135 4213 4214 4136
4073 3 2 1 2 4136 4214 4215 4137
4074 3 2 1 2 4137 4215 4216 4138
4075 3 2 1 2 4138 4216 4217 4139
4076 3 2 1 2 4139 4217 4218 4140
4077 3 2 1 2 4140 4218 4219 4141
4078 3 2 1 2 4141 4219 4220 4142
4079 3 2 1 2 4142 4220 4221 4143
4080 3 2 1 2 4143 4221 4222 4144
4081 3 2 1 2 4144 4222 4223 4145
4082 3 2 1 2 4145 4223 4224 4146
4083 3 2 1 2 4146 4224 4225 4147
4084 3 2 1 2 4147 4225 4226 4148
4085 3 2 1 2 4148 4226 4227 4149
4086 3 2 1 2 4149 4227 4228 4150
4087 3 2 1 2 4150 4228 4229 4151
4088 3 2 1 2 4151 4229 4230 4152
4089 3 2 1 2 4152 4230 4231 4153
4090 3 2 1 2 4153 4231 4232 4154
4091 3 2 1 2 4154 4232 4233 4155
4092 3 2 1 2 4155 4233 4234 4156
4093 3 2 1 2 4156 4234 4235 4157
4094 3 2 1 2 4157 4235 4236 4158
4095 3 2 1 2 4158 4236 4237 4159
4096 3 2 1 2 4159 4237 4238 4160
4097 3 2 1 2 4160 4238 4239 4161
4098 3 2 1 2 4161 4239 4240 4162
4099 3 2 1 2 4162 4240 4241 4163
4100 3 2 1 2 4163 4241 4242 4164
4101 3 2 1 2 4164 4242 4243 4165
4102 3 2 1 2 4165 4243 4244 4166
4103 3 2 1 2 4166 4244 4245 4167
4104 3 2 1 2 4167 4245 4246 4168
4105 3 2 1 2 4168 4246 4247 4169
4106 3 2 1 2 4169 4247 4248 4170
4107 3 2 1 2 4170 4248 4249 4171
4108 3 2 1 2 4171 4249 4250 4172
4109 3 2 1 2 4172 4250 4251 4173
4110 3 2 1 2 4173 4251 4252 4174
4111 3 2 1 2 4174 4252 4253 4175
4112 3 2 1 2 4175 4253 4254 4176
4113 3 2 1 2 4176 4254 4255 4177
4114 3 2 1 2 4177 4255 4256 4178
4115 3 2 1 2 4178 4256 4257 4179
4116 3 2 1 2 4179 4257 4258 4180
4117 3 2 1 2 4180 4258 4259 4181
4118 3 2 1 2 4181 4259 4260 4182
4119 3 2 1 2 4182 4260 303 304
4120 3 2 1 2 137 136 4261 4183
4121 3 2 1 2 4183 4261 4262 4184
4122 3 2 1 2 4184 4262 4263 4185
4123 3 2 1 2 4185 4263 4264 4186
4124 3 2 1 2 4186 4264 4265 4187
4125 3 2 1 2 4187 4265 4266 4188
4126 3 2 1 2 4188 4266 4267 4189
4127 3 2 1 2 4189 4267 4268 4190
4128 3 2 1 2 4190 4268 4269 4191
4129 3 2 1 2 4191 4269 4270 4192
4130 3 2 1 2 4192 4270 4271 4193
4131 3 2 1 2 4193 4271 4272 4194
4132 3 2 1 2 4194 4272 4273 4195
4133 3 2 1 2 4195 4273 4274 4196
4134 3 2 1 2 4196 4274 4275 4197
4135 3 2 1 2 4197 4275 4276 4198
4136 3 2 1 2 4198 4276 4277 4199
4137 3 2 1 2 4199 4277 4278 4200
4138 3 2 1 2 4200 4278 4279 4201
4139 3 2 1 2 4201 4279 4280 4202
4140 3 2 1 2 4202 4280 4281 4203
4141 3 2 1 2 4203 4281 4282 4204
4142 3 2 1 2 4204 4282 4283 4205
4143 3 2 1 2 4205 4283 4284 4206
4144 3 2 1 2 4206 4284 4285 4207
4145 3 2 1 2 4207 4285 4286 4208
4146 3 2 1 2 4208 4286 4287 4209
4147 3 2 1 2 4209 4287 4288 4210
4148 3 2 1 2 4210 4288 4289 4211
4149 3 2 1 2 4211 4289 4290 4212
4150 3 2 1 2 4212 4290 4291 4213
4151 3 2 1 2 4213 4291 4292 4214
4152 3 2 1 2 4214 4292 4293 4215
4153 3 2 1 2 4215 4293 4294 4216
4154 3 2 1 2 4216 4294 4295 4217
4155 3 2 1 2 4217 4295 4296 4218
4156 3 2 1 2 4218 4296 4297 4219
4157 3 2 1 2 4219 4297 4298 4220
4158 3 2 1 2 4220 4298 4299 4221
4159 3 2 1 2 4221 4299 4300 4222
4160 3 2 1 2 4222 4300 4301 4223
4161 3 2 1 2 4223 4301 4302 4224
4162 3 2 1 2 4224 4302 4303 4225
4163 3 2 1 2 4225 4303 4304 4226
4164 3 2 1 2 4226 4304 4305 4227
4165 3 2 1 2 4227 4305 4306 4228
4166 3 2 1 2 4228 4306 4307 4229
4167 3 2 1 2 4229 4307 4308 4230
4168 3 2 1 2 4230 4308 4309 4231
4169 3 2 1 2 4231 4309 4310 4232
4170 3 2 1 2 4232 4310 4311 4233
4171 3 2 1 2 4233 4311 4312 4234
4172 3 2 1 2 4234 4312 4313 4235
4173 3 2 1 2 4235 4313 4314 4236
4174 3 2 1 2 4236 4314 4315 4237
4175 3 2 1 2 4237 4315 4316 4238
4176 3 2 1 2 4238 4316 4317 4239
4177 3 2 1 2 4239 4317 4318 4240
4178 3 2 1 2 4240 4318 4319 4241
4179 3 2 1 2 4241 4319 4320 4242
4180 3 2 1 2 4242 4320 4321 4243
4181 3 2 1 2 4243 4321 4322 4244
4182 3 2 1 2 4244 4322 4323 4245
4183 3 2 1 2 4245 4323 4324 4246
4184 3 2 1 2 4246 4324 4325 4247
4185 3 2 1 2 4247 4325 4326 4248
4186 3 2 1 2 4248 4326 4327 4249
4187 3 2 1 2 4249 4327 4328 4250
4188 3 2 1 2 4250 4328 4329 4251
4189 3 2 1 2 4251 4329 4330 4252
4190 3 2 1 2 4252 4330 4331 4253
4191 3 2 1 2 4253 4331 4332 4254
4192 3 2 1 2 4254 4332 4333 4255
4193 3 2 1 2 4255 4333 4334 4256
4194 3 2 1 2 4256 4334 4335 4257
4195 3 2 1 2 4257 4335 4336 4258
4196 3 2 1 2 4258 4336 4337 4259
4197 3 2 1 2 4259 4337 4338 4260
4198 3 2 1 2 4260 4338 302 303
4199 3 2 1 2 136 135 4339 4261
4200 3 2 1 2 4261 4339 4340 4262
4201 3 2 1 2 4262 4340 4341 4263
4202 3 2 1 2 4263 4341 4342 4264
4203 3 2 1 2 4264 4342 4343 4265
4204 3 2 1 2 4265 4343 4344 4266
4205 3 2 1 2 4266 4344 4345 4267
4206 3 2 1 2 4267 4345 4346 4268
4207 3 2 1 2 4268 4346 4347 4269
4208 3 2 1 2 4269 4347 4348 4270
4209 3 2 1 2 4270 4348 4349 4271
4210 3 2 1 2 4271 4349 4350 4272
4211 3 2 1 2 4272 4350 4351 4273
4212 3 2 1 2 4273 4351 4352 4274
4213 3 2 1 2 4274 4352 4353 4275
4214 3 2 1 2 4275 4353 4354 4276
4215 3 2 1 2 4276 4354 4355 4277
4216 3 2 1 2 4277 4355 4356 4278
4217 3 2 1 2 4278 4356 4357 4279
4218 3 2 1 2 4279 4357 4358 4280
4219 3 2 1 2 4280 4358 4359 4281
4220 3 2 1 2 4281 4359 4360 4282
4221 3 2 1 2 4282 4360 4361 4283
4222 3 2 1 2 4283 4361 4362 4284
4223 3 2 1 2 4284 4362 4363 4285
4224 3 2 1 2 4285 4363 4364 4286
4225 3 2 1 2 4286 4364 4365 4287
4226 3 2 1 2 4287 4365 4366 4288
4227 3 2 1 2 4288 4366 4367 4289
4228 3 2 1 2 4289 4367 4368 4290
4229 3 2 1 2 4290 4368 4369 4291
4230 3 2 1 2 4291 4369 4370 4292
4231 3 2 1 2 4292 4370 4371 4293
4232 3 2 1 2 4293 4371 4372 4294
4233 3 2 1 2 4294 4372 4373 4295
4234 3 2 1 2 4295 4373 4374 4296
4235 3 2 1 2 4296 4374 4375 4297
4236 3 2 1 2 4297 4375 4376 4298
4237 3 2 1 2 4298 4376 4377 4299
4238 3 2 1 2 4299 4377 4378 4300
4239 3 2 1 2 4300 4378 4379 4301
4240 3 2 1 2 4301 4379 4380 4302
4241 3 2 1 2 4302 4380 4381 4303
4242 3 2 1 2 4303 4381 4382 4304
4243 3 2 1 2 4304 4382 4383 4305
4244 3 2 1 2 4305 4383 4384 4306
4245 3 2 1 2 4306 4384 4385 4307
4246 3 2 1 2 4307 4385 4386 4308
4247 3 2 1 2 4308 4386 4387 4309
4248 3 2 1 2 4309 4387 4388 4310
4249 3 2 1 2 4310 4388 4389 4311
4250 3 2 1 2 4311 4389 4390 4312
4251 3 2 1 2 4312 4390 4391 4313
4252 3 2 1 2 4313 4391 4392 4314
4253 3 2 1 2 4314 4392 4393 4315
4254 3 2 1 2 4315 4393 4394 4316
4255 3 2 1 2 4316 4394 4395 4317
4256 3 2 1 2 4317 4395 4396 4318
4257 3 2 1 2 4318 4396 4397 4319
4258 3 2 1 2 4319 4397 4398 4320
4259 3 2 1 2 4320 4398 4399 4321
4260 3 2 1 2 4321 4399 4400 4322
4261 3 2 1 2 4322 4400 4401 4323
4262 3 2 1 2 4323 4401 4402 4324
4263 3 2 1 2 4324 4402 4403 4325
4264 3 2 1 2 4325 4403 4404 4326
4265 3 2 1 2 4326 4404 4405 4327
4266 3 2 1 2 4327 4405 4406 4328
4267 3 2 1 2 4328 4406 4407 4329
4268 3 2 1 2 4329 4407 4408 4330
4269 3 2 1 2 4330 4408 4409 4331
4270 3 2 1 2 4331 4409 4410 4332
4271 3 2 1 2 4332 4410 4411 4333
4272 3 2 1 2 4333 4411 4412 4334
4273 3 2 1 2 4334 4412 4413 4335
4274 3 2 1 2 4335 4413 4414 4336
4275 3 2 1 2 4336 4414 4415 4337
4276 3 2 1 2 4337 4415 4416 4338
4277 3 2 1 2 4338 4416 301 302
4278 3 2 1 2 135 134 4417 4339
4279 3 2 1 2 4339 4417 4418 4340
4280 3 2 1 2 4340 4418 4419 4341
4281 3 2 1 2 4341 4419 4420 4342
4282 3 2 1 2 4342 4420 4421 4343
4283 3 2 1 2 4343 4421 4422 4344
4284 3 2 1 2 4344 4422 4423 4345
4285 3 2 1 2 4345 4423 4424 4346
4286 3 2 1 2 4346 4424 4425 4347
4287 3 2 1 2 4347 4425 4426 4348
4288 3 2 1 2 4348 4426 4427 4349
4289 3 2 1 2 4349 4427 4428 4350
4290 3 2 1 2 4350 4428 4429 4351
4291 3 2 1 2 4351 4429 4430 4352
4292 3 2 1 2 4352 4430 4431 4353
4293 3 2 1 2 4353 4431 4432 4354
4294 3 2 1 2 4354 4432 4433 4355
4295 3 2 1 2 4355 4433 4434 4356
4296 3 2 1 2 4356 4434 4435 4357
4297 3 2 1 2 4357 4435 4436 4358
4298 3 2 1 2 4358 4436 4437 4359
4299 3 2 1 2 4359 4437 4438 4360
4300 3 2 1 2 4360 4438 4439 4361
4301 3 2 1 2 4361 4439 4440 4362
4302 3 2 1 2 4362 4440 4441 4363
4303 3 2 1 2 4363 4441 4442 4364
4304 3 2 1 2 4364 4442 4443 4365
4305 3 2 1 2 4365 4443 4444 4366
4306 3 2 1 2 4366 4444 4445 4367
4307 3 2 1 2 4367 4445 4446 4368
4308 3 2 1 2 4368 4446 4447 4369
4309 3 2 1 2 4369 4447 4448 4370
4310 3 2 1 2 4370 4448 4449 4371
4311 3 2 1 2 4371 4449 4450 4372
4312 3 2 1 2 4372 4450 4451 4373
4313 3 2 1 2 4373 4451 4452 4374
4314 3 2 1 2 4374 4452 4453 4375
4315 3 2 1 2 4375 4453 4454 4376
4316 3 2 1 2 4376 4454 4455 4377
4317 3 2 1 2 4377 4455 4456 4378
4318 3 2 1 2 4378 4456 4457 4379
4319 3 2 1 2 4379 4457 4458 4380
4320 3 2 1 2 4380 4458 4459 4381
4321 3 2 1 2 4381 4459 4460 4382
4322 3 2 1 2 4382 4460 4461 4383
4323 3 2 1 2 4383 4461 4462 4384
4324 3 2 1 2 4384 4462 4463 4385
4325 3 2 1 2 4385 4463 4464 4386
4326 3 2 1 2 4386 4464 4465 4387
4327 3 2 1 2 4387 4465 4466 4388
4328 3 2 1 2 4388 4466 4467 4389
4329 3 2 1 2 4389 4467 4468 4390
4330 3 2 1 2 4390 4468 4469 4391
4331 3 2 1 2 4391 4469 4470 4392
4332 3 2 1 2 4392 4470 4471 4393
4333 3 2 1 2 4393 4471 4472 4394
4334 3 2 1 2 4394 4472 4473 4395
4335 3 2 1 2 4395 4473 4474 4396
4336 3 2 1 2 4396 4474 4475 4397
4337 3 2 1 2 4397 4475 4476 4398
4338 3 2 1 2 4398 4476 4477 4399
4339 3 2 1 2 4399 4477 4478 4400
4340 3 2 1 2 4400 4478 4479 4401
4341 3 2 1 2 4401 4479 4480 4402
4342 3 2 1 2 4402 4480 4481 4403
4343 3 2 1 2 4403 4481 4482 4404
4344 3 2 1 2 4404 4482 4483 4405
4345 3 2 1 2 4405 4483 4484 4406
4346 3 2 1 2 4406 4484 4485 4407
4347 3 2 1 2 4407 4485 4486 4408
4348 3 2 1 2 4408 4486 4487 4409
4349 3 2 1 2 4409 4487 4488 4410
4350 3 2 1 2 4410 4488 4489 4411
4351 3 2 1 2 4411 4489 4490 4412
4352 3 2 1 2 4412 4490 4491 4413
4353 3 2 1 2 4413 4491 4492 4414
4354 3 2 1 2 4414 4492 4493 4415
4355 3 2 1 2 4415 4493 4494 4416
4356 3 2 1 2 4416 4494 300 301
4357 3 2 1 2 134 133 4495 4417
4358 3 2 1 2 4417 4495 4496 4418
4359 3 2 1 2 4418 4496 4497 4419
4360 3 2 1 2 4419 4497 4498 4420
4361 3 2 1 2 4420 4498 4499 4421
4362 3 2 1 2 4421 4499 4500 4422
4363 3 2 1 2 4422 4500 4501 4423
4364 3 2 1 2 4423 4501 4502 4424
4365 3 2 1 2 4424 4502 4503 4425
4366 3 2 1 2 4425 4503 4504 4426
4367 3 2 1 2 4426 4504 4505 4427
4368 3 2 1 2 4427 4505 4506 4428
4369 3 2 1 2 4428 4506 4507 4429
4370 3 2 1 2 4429 4507 4508 4430
4371 3 2 1 2 4430 4508 4509 4431
4372 3 2 1 2 4431 4509 4510 4432
4373 3 2 1 2 4432 4510 4511 4433
4374 3 2 1 2 4433 4511 4512 4434
4375 3 2 1 2 4434 4512 4513 4435
4376 3 2 1 2 4435 4513 4514 4436
4377 3 2 1 2 4436 4514 4515 4437
4378 3 2 1 2 4437 4515 4516 4438
4379 3 2 1 2 4438 4516 4517 4439
4380 3 2 1 2 4439 4517 4518 4440
4381 3 2 1 2 4440 4518 4519 4441
4382 3 2 1 2 4441 4519 4520 4442
4383 3 2 1 2 4442 4520 4521 4443
4384 3 2 1 2 4443 4521 4522 4444
4385 3 2 1 2 4444 4522 4523 4445
4386 3 2 1 2 4445 4523 4524 4446
4387 3 2 1 2 4446 4524 4525 4447
4388 3 2 1 2 4447 4525 4526 4448
4389 3 2 1 2 4448 4526 4527 4449
4390 3 2 1 2 4449 4527 4528 4450
4391 3 2 1 2 4450 4528 4529 4451
4392 3 2 1 2 4451 4529 4530 4452
4393 3 2 1 2 4452 4530 4531 4453
4394 3 2 1 2 4453 4531 4532 4454
4395 3 2 1 2 4454 4532 4533 4455
4396 3 2 1 2 4455 4533 4534 4456
4397 3 2 1 2 4456 4534 4535 4457
4398 3 2 1 2 4457 4535 4536 4458
4399 3 2 1 2 4458 4536 4537 4459
4400 3 2 1 2 4459 4537 4538 4460
4401 3 2 1 2 4460 4538 4539 4461
4402 3 2 1 2 4461 4539 4540 4462
4403 3 2 1 2 4462 4540 4541 4463
4404 3 2 1 2 4463 4541 4542 4464
4405 3 2 1 2 4464 4542 4543 4465
4406 3 2 1 2 4465 4543 4544 4466
4407 3 2 1 2 4466 4544 4545 4467
4408 3 2 1 2 4467 4545 4546 4468
4409 3 2 1 2 4468 4546 4547 4469
4410 3 2 1 2 4469 4547 4548 4470
4411 3 2 1 2 4470 4548 4549 4471
4412 3 2 1 2 4471 4549 4550 4472
4413 3 2 1 2 4472 4550 4551 4473
4414 3 2 1 2 4473 4551 4552 4474
4415 3 2 1 2 4474 4552 4553 4475
4416 3 2 1 2 4475 4553 4554 4476
4417 3 2 1 2 4476 4554 4555 4477
4418 3 2 1 2 4477 4555 4556 4478
4419 3 2 1 2 4478 4556 4557 4479
4420 3 2 1 2 4479 4557 4558 4480
4421 3 2 1 2 4480 4558 4559 4481
4422 3 2 1 2 4481 4559 4560 4482
4423 3 2 1 2 4482 4560 4561 4483
4424 3 2 1 2 4483 4561 4562 4484
4425 3 2 1 2 4484 4562 4563 4485
4426 3 2 1 2 4485 4563 4564 4486
4427 3 2 1 2 4486 4564 4565 4487
4428 3 2 1 2 4487 4565 4566 4488
4429 3 2 1 2 4488 4566 4567 4489
4430 3 2 1 2 4489 4567 4568 4490
4431 3 2 1 2 4490 4568 4569 4491
4432 3 2 1 2 4491 4569 4570 4492
4433 3 2 1 2 4492 4570 4571 4493
4434 3 2 1 2 4493 4571 4572 4494
4435 3 2 1 2 4494 4572 299 300
4436 3 2 1 2 133 132 4573 4495
4437 3 2 1 2 4495 4573 4574 4496
4438 3 2 1 2 4496 4574 4575 4497
4439 3 2 1 2 4497 4575 4576 4498
4440 3 2 1 2 4498 4576 4577 4499
4441 3 2 1 2 4499 4577 4578 4500
4442 3 2 1 2 4500 4578 4579 4501
4443 3 2 1 2 4501 4579 4580 4502
4444 3 2 1 2 4502 4580 4581 4503
4445 3 2 1 2 4503 4581 4582 4504
4446 3 2 1 2 4504 4582 4583 4505
4447 3 2 1 2 4505 4583 4584 4506
4448 3 2 1 2 4506 4584 4585 4507
4449 3 2 1 2 4507 4585 4586 4508
4450 3 2 1 2 4508 4586 4587 4509
4451 3 2 1 2 4509 4587 4588 4510
4452 3 2 1 2 4510 4588 4589 4511
4453 3 2 1 2 4511 4589 4590 4512
4454 3 2 1 2 4512 4590 4591 4513
4455 3 2 1 2 4513 4591 4592 4514
4456 3 2 1 2 4514 4592 4593 4515
4457 3 2 1 2 4515 4593 4594 4516
4458 3 2 1 2 4516 4594 4595 4517
4459 3 2 1 2 4517 4595 4596 4518
4460 3 2 1 2 4518 4596 4597 4519
4461 3 2 1 2 4519 4597 4598 4520
4462 3 2 1 2 4520 4598 4599 4521
4463 3 2 1 2 4521 4599 4600 4522
4464 3 2 1 2 4522 4600 4601 4523
4465 3 2 1 2 4523 4601 4602 4524
4466 3 2 1 2 4524 4602 4603 4525
4467 3 2 1 2 4525 4603 4604 4526
4468 3 2 1 2 4526 4604 4605 4527
4469 3 2 1 2 4527 4605 4606 4528
4470 3 2 1 2 4528 4606 4607 4529
4471 3 2 1 2 4529 4607 4608 4530
4472 3 2 1 2 4530 4608 4609 4531
4473 3 2 1 2 4531 4609 4610 4532
4474 3 2 1 2 4532 4610 4611 4533
4475 3 2 1 2 4533 4611 4612 4534
4476 3 2 1 2 4534 4612 4613 4535
4477 3 2 1 2 4535 4613 4614 4536
4478 3 2 1 2 4536 4614 4615 4537
4479 3 2 1 2 4537 4615 4616 4538
4480 3 2 1 2 4538 4616 4617 4539
4481 3 2 1 2 4539 4617 4618 4540
4482 3 2 1 2 4540 4618 4619 4541
4483 3 2 1 2 4541 4619 4620 4542
4484 3 2 1 2 4542 4620 4621 4543
4485 3 2 1 2 4543 4621 4622 4544
4486 3 2 1 2 4544 4622 4623 4545
4487 3 2 1 2 4545 4623 4624 4546
4488 3 2 1 2 4546 4624 4625 4547
4489 3 2 1 2 4547 4625 4626 4548
4490 3 2 1 2 4548 4626 4627 4549
4491 3 2 1 2 4549 4627 4628 4550
4492 3 2 1 2 4550 4628 4629 4551
4493 3 2 1 2 4551 4629 4630 4552
4494 3 2 1 2 4552 4630 4631 4553
4495 3 2 1 2 4553 4631 4632 4554
4496 3 2 1 2 4554 4632 4633 4555
4497 3 2 1 2 4555 4633 4634 4556
4498 3 2 1 2 4556 4634 4635 4557
4499 3 2 1 2 4557 4635 4636 4558
4500 3 2 1 2 4558 4636 4637 4559
4501 3 2 1 2 4559 4637 4638 4560
4502 3 2 1 2 4560 4638 4639 4561
4503 3 2 1 2 4561 4639 4640 4562
4504 3 2 1 2 4562 4640 4641 4563
4505 3 2 1 2 4563 4641 4642 4564
4506 3 2 1 2 4564 4642 4643 4565
4507 3 2 1 2 4565 4643 4644 4566
4508 3 2 1 2 4566 4644 4645 4567
4509 3 2 1 2 4567 4645 4646 4568
4510 3 2 1 2 4568 4646 4647 4569
4511 3 2 1 2 4569 4647 4648 4570
4512 3 2 1 2 4570 4648 4649 4571
4513 3 2 1 2 4571 4649 4650 4572
4514 3 2 1 2 4572 4650 298 299
4515 3 2 1 2 132 131 4651 4573
4516 3 2 1 2 4573 4651 4652 4574
4517 3 2 1 2 4574 4652 4653 4575
4518 3 2 1 2 4575 4653 4654 4576
4519 3 2 1 2 4576 4654 4655 4577
4520 3 2 1 2 4577 4655 4656 4578
4521 3 2 1 2 4578 4656 4657 4579
4522 3 2 1 2 4579 4657 4658 4580
4523 3 2 1 2 4580 4658 4659 4581
4524 3 2 1 2 4581 4659 4660 4582
4525 3 2 1 2 4582 4660 4661 4583
4526 3 2 1 2 4583 4661 4662 4584
4527 3 2 1 2 4584 4662 4663 4585
4528 3 2 1 2 4585 4663 4664 4586
4529 3 2 1 2 4586 4664 4665 4587
4530 3 2 1 2 4587 4665 4666 4588
4531 3 2 1 2 4588 4666 4667 4589
4532 3 2 1 2 4589 4667 4668 4590
4533 3 2 1 2 4590 4668 4669 4591
4534 3 2 1 2 4591 4669 4670 4592
4535 3 2 1 2 4592 4670 4671 4593
4536 3 2 1 2 4593 4671 4672 4594
4537 3 2 1 2 4594 4672 4673 4595
4538 3 2 1 2 4595 4673 4674 4596
4539 3 2 1 2 4596 4674 4675 4597
4540 3 2 1 2 4597 4675 4676 4598
4541 3 2 1 2 4598 4676 4677 4599
4542 3 2 1 2 4599 4677 4678 4600
4543 3 2 1 2 4600 4678 4679 4601
4544 3 2 1 2 4601 4679 4680 4602
4545 3 2 1 2 4602 4680 4681 4603
4546 3 2 1 2 4603 4681 4682 4604
4547 3 2 1 2 4604 4682 4683 4605
4548 3 2 1 2 4605 4683 4684 4606
4549 3 2 1 2 4606 4684 4685 4607
4550 3 2 1 2 4607 4685 4686 4608
4551 3 2 1 2 4608 4686 4687 4609
4552 3 2 1 2 4609 4687 4688 4610
4553 3 2 1 2 4610 4688 4689 4611
4554 3 2 1 2 4611 4689 4690 4612
4555 3 2 1 2 4612 4690 4691 4613
4556 3 2 1 2 4613 4691 4692 4614
4557 3 2 1 2 4614 4692 4693 4615
4558 3 2 1 2 4615 4693 4694 4616
4559 3 2 1 2 4616 4694 4695 4617
4560 3 2 1 2 4617 4695 4696 4618
4561 3 2 1 2 4618 4696 4697 4619
4562 3 2 1 2 4619 4697 4698 4620
4563 3 2 1 2 4620 4698 4699 4621
4564 3 2 1 2 4621 4699 4700 4622
4565 3 2 1 2 4622 4700 4701 4623
4566 3 2 1 2 4623 4701 4702 4624
4567 3 2 1 2 4624 4702 4703 4625
4568 3 2 1 2 4625 4703 4704 4626
4569 3 2 1 2 4626 4704 4705 4627
4570 3 2 1 2 4627 4705 4706 4628
4571 3 2 1 2 4628 4706 4707 4629
4572 3 2 1 2 4629 4707 4708 4630
4573 3 2 1 2 4630 4708 4709 4631
4574 3 2 1 2 4631 4709 4710 4632
4575 3 2 1 2 4632 4710 4711 4633
4576 3 2 1 2 4633 4711 4712 4634
4577 3 2 1 2 4634 4712 4713 4635
4578 3 2 1 2 4635 4713 4714 4636
4579 3 2 1 2 4636 4714 4715 4637
4580 3 2 1 2 4637 4715 4716 4638
4581 3 2 1 2 4638 4716 4717 4639
4582 3 2 1 2 4639 4717 4718 4640
4583 3 2 1 2 4640 4718 4719 4641
4584 3 2 1 2 4641 4719 4720 4642
4585 3 2 1 2 4642 4720 4721 4643
4586 3 2 1 2 4643 4721 4722 4644
4587 3 2 1 2 4644 4722 4723 4645
4588 3 2 1 2 4645 4723 4724 4646
4589 3 2 1 2 4646 4724 4725 4647
4590 3 2 1 2 4647 4725 4726 4648
4591 3 2 1 2 4648 4726 4727 4649
4592 3 2 1 2 4649 4727 4728 4650
4593 3 2 1 2 4650 4728 297 298
4594 3 2 1 2 131 130 4729 4651
4595 3 2 1 2 4651 4729 4730 4652
4596 3 2 1 2 4652 4730 4731 4653
4597 3 2 1 2 4653 4731 4732 4654
4598 3 2 1 2 4654 4732 4733 4655
4599 3 2 1 2 4655 4733 4734 4656
4600 3 2 1 2 4656 4734 4735 4657
4601 3 2 1 2 4657 4735 4736 4658
4602 3 2 1 2 4658 4736 4737 4659
4603 3 2 1 2 4659 4737 4738 4660
4604 3 2 1 2 4660 4738 4739 4661
4605 3 2 1 2 4661 4739 4740 4662
4606 3 2 1 2 4662 4740 4741 4663
4607 3 2 1 2 4663 4741 4742 4664
4608 3 2 1 2 4664 4742 4743 4665
4609 3 2 1 2 4665 4743 4744 4666
4610 3 2 1 2 4666 4744 4745 4667
4611 3 2 1 2 4667 4745 4746 4668
4612 3 2 1 2 4668 4746 4747 4669
4613 3 2 1 2 4669 4747 4748 4670
4614 3 2 1 2 4670 4748 4749 4671
4615 3 2 1 2 4671 4749 4750 4672
4616 3 2 1 2 4672 4750 4751 4673
4617 3 2 1 2 4673 4751 4752 4674
4618 3 2 1 2 4674 4752 4753 4675
4619 3 2 1 2 4675 4753 4754 4676
4620 3 2 1 2 4676 4754 4755 4677
4621 3 2 1 2 4677 4755 4756 4678
4622 3 2 1 2 4678 4756 4757 4679
4623 3 2 1 2 4679 4757 4758 4680
4624 3 2 1 2 4680 4758 4759 4681
4625 3 2 1 2 4681 4759 4760 4682
4626 3 2 1 2 4682 4760 4761 4683
4627 3 2 1 2 4683 4761 4762 4684
4628 3 2 1 2 4684 4762 4763 4685
4629 3 2 1 2 4685 4763 4764 4686
4630 3 2 1 2 4686 4764 4765 4687
4631 3 2 1 2 4687 4765 4766 4688
4632 3 2 1 2 4688 4766 4767 4689
4633 3 2 1 2 4689 4767 4768 4690
4634 3 2 1 2 4690 4768 4769 4691
4635 3 2 1 2 4691 4769 4770 4692
4636 3 2 1 2 4692 4770 4771 4693
4637 3 2 1 2 4693 4771 4772 4694
4638 3 2 1 2 4694 4772 4773 4695
4639 3 2 1 2 4695 4773 4774 4696
4640 3 2 1 2 4696 4774 4775 4697
4641 3 2 1 2 4697 4775 4776 4698
4642 3 2 1 2 4698 4776 4777 4699
4643 3 2 1 2 4699 4777 4778 4700
4644 3 2 1 2 4700 4778 4779 4701
4645 3 2 1 2 4701 4779 4780 4702
4646 3 2 1 2 4702 4780 4781 4703
4647 3 2 1 2 4703 4781 4782 4704
4648 3 2 1 2 4704 4782 4783 4705
4649 3 2 1 2 4705 4783 4784 4706
4650 3 2 1 2 4706 4784 4785 4707
4651 3 2 1 2 4707 4785 4786 4708
4652 3 2 1 2 4708 4786 4787 4709
4653 3 2 1 2 4709 4787 4788 4710
4654 3 2 1 2 4710 4788 4789 4711
4655 3 2 1 2 4711 4789 4790 4712
4656 3 2 1 2 4712 4790 4791 4713
4657 3 2 1 2 4713 4791 4792 4714
4658 3 2 1 2 4714 4792 4793 4715
4659 3 2 1 2 4715 4793 4794 4716
4660 3 2 1 2 4716 4794 4795 4717
4661 3 2 1 2 4717 4795 4796 4718
4662 3 2 1 2 4718 4796 4797 4719
4663 3 2 1 2 4719 4797 4798 4720
4664 3 2 1 2 4720 4798 4799 4721
4665 3 2 1 2 4721 4799 4800 4722
4666 3 2 1 2 4722 4800 4801 4723
4667 3 2 1 2 4723 4801 4802 4724
4668 3 2 1 2 4724 4802 4803 4725
4669 3 2 1 2 4725 4803 4804 4726
4670 3 2 1 2 4726 4804 4805 4727
4671 3 2 1 2 4727 4805 4806 4728
4672 3 2 1 2 4728 4806 296 297
4673 3 2 1 2 130 129 4807 4729
4674 3 2 1 2 4729 4807 4808 4730
4675 3 2 1 2 4730 4808 4809 4731
4676 3 2 1 2 4731 4809 4810 4732
4677 3 2 1 2 4732 4810 4811 4733
4678 3 2 1 2 4733 4811 4812 4734
4679 3 2 1 2 4734 4812 4813 4735
4680 3 2 1 2 4735 4813 4814 4736
4681 3 2 1 2 4736 4814 4815 4737
4682 3 2 1 2 4737 4815 4816 4738
4683 3 2 1 2 4738 4816 4817 4739
4684 3 2 1 2 4739 4817 4818 4740
4685 3 2 1 2 4740 4818 4819 4741
4686 3 2 1 2 4741 4819 4820 4742
4687 3 2 1 2 4742 4820 4821 4743
4688 3 2 1 2 4743 4821 4822 4744
4689 3 2 1 2 4744 4822 4823 4745
4690 3 2 1 2 4745 4823 4824 4746
4691 3 2 1 2 4746 4824 4825 4747
4692 3 2 1 2 4747 4825 4826 4748
4693 3 2 1 2 4748 4826 4827 4749
4694 3 2 1 2 4749 4827 4828 4750
4695 3 2 1 2 4750 4828 4829 4751
4696 3 2 1 2 4751 4829 4830 4752
4697 3 2 1 2 4752 4830 4831 4753
4698 3 2 1 2 4753 4831 4832 4754
4699 3 2 1 2 4754 4832 4833 4755
4700 3 2 1 2 4755 4833 4834 4756
4701 3 2 1 2 4756 4834 4835 4757
4702 3 2 1 2 4757 4835 4836 4758
4703 3 2 1 2 4758 4836 4837 4759
4704 3 2 1 2 4759 4837 4838 4760
4705 3 2 1 2 4760 4838 4839 4761
4706 3 2 1 2 4761 4839 4840 4762
4707 3 2 1 2 4762 4840 4841 4763
4708 3 2 1 2 4763 4841 4842 4764
4709 3 2 1 2 4764 4842 4843 4765
4710 3 2 1 2 4765 4843 4844 4766
4711 3 2 1 2 4766 4844 4845 4767
4712 3 2 1 2 4767 4845 4846 4768
4713 3 2 1 2 4768 4846 4847 4769
4714 3 2 1 2 4769 4847 4848 4770
4715 3 2 1 2 4770 4848 4849 4771
4716 3 2 1 2 4771 4849 4850 4772
4717 3 2 1 2 4772 4850 4851 4773
4718 3 2 1 2 4773 4851 4852 4774
4719 3 2 1 2 4774 4852 4853 4775
4720 3 2 1 2 4775 4853 4854 4776
4721 3 2 1 2 4776 4854 4855 4777
4722 3 2 1 2 4777 4855 4856 4778
4723 3 2 1 2 4778 4856 4857 4779
4724 3 2 1 2 4779 4857 4858 4780
4725 3 2 1 2 4780 4858 4859 4781
4726 3 2 1 2 4781 4859 4860 4782
4727 3 2 1 2 4782 4860 4861 4783
4728 3 2 1 2 4783 4861 4862 4784
4729 3 2 1 2 4784 4862 4863 4785
4730 3 2 1 2 4785 4863 4864 4786
4731 3 2 1 2 4786 4864 4865 4787
4732 3 2 1 2 4787 4865 4866 4788
4733 3 2 1 2 4788 4866 4867 4789
4734 3 2 1 2 4789 4867 4868 4790
4735 3 2 1 2 4790 4868 4869 4791
4736 3 2 1 2 4791 4869 4870 4792
4737 3 2 1 2 4792 4870 4871 4793
4738 3 2 1 2 4793 4871 4872 4794
4739 3 2 1 2 4794 4872 4873 4795
4740 3 2 1 2 4795 4873 4874 4796
4741 3 2 1 2 4796 4874 4875 4797
4742 3 2 1 2 4797 4875 4876 4798
4743 3 2 1 2 4798 4876 4877 4799
4744 3 2 1 2 4799 4877 4878 4800
4745 3 2 1 2 4800 4878 4879 4801
4746 3 2 1 2 4801 4879 4880 4802
4747 3 2 1 2 4802 4880 4881 4803
4748 3 2 1 2 4803 4881 4882 4804
4749 3 2 1 2 4804 4882 4883 4805
4750 3 2 1 2 4805 4883 4884 4806
4751 3 2 1 2 4806 4884 295 296
4752 3 2 1 2 129 128 4885 4807
4753 3 2 1 2 4807 4885 4886 4808
4754 3 2 1 2 4808 4886 4887 4809
4755 3 2 1 2 4809 4887 4888 4810
4756 3 2 1 2 4810 4888 4889 4811
4757 3 2 1 2 4811 4889 4890 4812
4758 3 2 1 2 4812 4890 4891 4813
4759 3 2 1 2 4813 4891 4892 4814
4760 3 2 1 2 4814 4892 4893 4815
4761 3 2 1 2 4815 4893 4894 4816
4762 3 2 1 2 4816 4894 4895 4817
4763 3 2 1 2 4817 4895 4896 4818
4764 3 2 1 2 4818 4896 4897 4819
4765 3 2 1 2 4819 4897 4898 4820
4766 3 2 1 2 4820 4898 4899 4821
4767 3 2 1 2 4821 4899 4900 4822
4768 3 2 1 2 4822 4900 4901 4823
4769 3 2 1 2 4823 4901 4902 4824
4770 3 2 1 2 4824 4902 4903 4825
4771 3 2 1 2 4825 4903 4904 4826
4772 3 2 1 2 4826 4904 4905 4827
4773 3 2 1 2 4827 4905 4906 4828
4774 3 2 1 2 4828 4906 4907 4829
4775 3 2 1 2 4829 4907 4908 4830
4776 3 2 1 2 4830 4908 4909 4831
4777 3 2 1 2 4831 4909 4910 4832
4778 3 2 1 2 4832 4910 4911 4833
4779 3 2 1 2 4833 4911 4912 4834
4780 3 2 1 2 4834 4912 4913 4835
4781 3 2 1 2 4835 4913 4914 4836
4782 3 2 1 2 4836 4914 4915 4837
4783 3 2 1 2 4837 4915 4916 4838
4784 3 2 1 2 4838 4916 4917 4839
4785 3 2 1 2 4839 4917 4918 4840
4786 3 2 1 2 4840 4918 4919 4841
4787 3 2 1 2 4841 4919 4920 4842
4788 3 2 1 2 4842 4920 4921 4843
4789 3 2 1 2 4843 4921 4922 4844
4790 3 2 1 2 4844 4922 4923 4845
4791 3 2 1 2 4845 4923 4924 4846
4792 3 2 1 2 4846 4924 4925 4847
4793 3 2 1 2 4847 4925 4926 4848
4794 3 2 1 2 4848 4926 4927 4849
4795 3 2 1 2 4849 4927 4928 4850
4796 3 2 1 2 4850 4928 4929 4851
4797 3 2 1 2 4851 4929 4930 4852
4798 3 2 1 2 4852 4930 4931 4853
4799 3 2 1 2 4853 4931 4932 4854
4800 3 2 1 2 4854 4932 4933 4855
4801 3 2 1 2 4855 4933 4934 4856
4802 3 2 1 2 4856 4934 4935 4857
4803 3 2 1 2 4857 4935 4936 4858
4804 3 2 1 2 4858 4936 4937 4859
4805 3 2 1 2 4859 4937 4938 4860
4806 3 2 1 2 4860 4938 4939 4861
4807 3 2 1 2 4861 4939 4940 4862
4808 3 2 1 2 4862 4940 4941 4863
4809 3 2 1 2 4863 4941 4942 4864
4810 3 2 1 2 4864 4942 4943 4865
4811 3 2 1 2 4865 4943 4944 4866
4812 3 2 1 2 4866 4944 4945 4867
4813 3 2 1 2 4867 4945 4946 4868
4814 3 2 1 2 4868 4946 4947 4869
4815 3 2 1 2 4869 4947 4948 4870
4816 3 2 1 2 4870 4948 4949 4871
4817 3 2 1 2 4871 4949 4950 4872
4818 3 2 1 2 4872 4950 4951 4873
4819 3 2 1 2 4873 4951 4952 4874
4820 3 2 1 2 4874 4952 4953 4875
4821 3 2 1 2 4875 4953 4954 4876
4822 3 2 1 2 4876 4954 4955 4877
4823 3 2 1 2 4877 4955 4956 4878
4824 3 2 1 2 4878 4956 4957 4879
4825 3 2 1 2 4879 4957 4958 4880
4826 3 2 1 2 4880 4958 4959 4881
4827 3 2 1 2 4881 4959 4960 4882
4828 3 2 1 2 4882 4960 4961 4883
4829 3 2 1 2 4883 4961 4962 4884
4830 3 2 1 2 4884 4962 294 295
4831 3 2 1 2 128 127 4963 4885
4832 3 2 1 2 4885 4963 4964 4886
4833 3 2 1 2 4886 4964 4965 4887
4834 3 2 1 2 4887 4965 4966 4888
4835 3 2 1 2 4888 4966 4967 4889
4836 3 2 1 2 4889 4967 4968 4890
4837 3 2 1 2 4890 4968 4969 4891
4838 3 2 1 2 4891 4969 4970 4892
4839 3 2 1 2 4892 4970 4971 4893
4840 3 2 1 2 4893 4971 4972 4894
4841 3 2 1 2 4894 4972 4973 4895
4842 3 2 1 2 4895 4973 4974 4896
4843 3 2 1 2 4896 4974 4975 4897
4844 3 2 1 2 4897 4975 4976 4898
4845 3 2 1 2 4898 4976 4977 4899
4846 3 2 1 2 4899 4977 4978 4900
4847 3 2 1 2 4900 4978 4979 4901
4848 3 2 1 2 4901 4979 4980 4902
4849 3 2 1 2 4902 4980 4981 4903
4850 3 2 1 2 4903 4981 4982 4904
4851 3 2 1 2 4904 4982 4983 4905
4852 3 2 1 2 4905 4983 4984 4906
4853 3 2 1 2 4906 4984 4985 4907
4854 3 2 1 2 4907 4985 4986 4908
4855 3 2 1 2 4908 4986 4987 4909
4856 3 2 1 2 4909 4987 4988 4910
4857 3 2 1 2 4910 4988 4989 4911
4858 3 2 1 2 4911 4989 4990 4912
4859 3 2 1 2 4912 4990 4991 4913
4860 3 2 1 2 4913 4991 4992 4914
4861 3 2 1 2 4914 4992 4993 4915
4862 3 2 1 2 4915 4993 4994 4916
4863 3 2 1 2 4916 4994 4995 4917
4864 3 2 1 2 4917 4995 4996 4918
4865 3 2 1 2 4918 4996 4997 4919
4866 3 2 1 2 4919 4997 4998 4920
4867 3 2 1 2 4920 4998 4999 4921
4868 3 2 1 2 4921 4999 5000 4922
4869 3 2 1 2 4922 5000 5001 4923
4870 3 2 1 2 4923 5001 5002 4924
4871 3 2 1 2 4924 5002 5003 4925
4872 3 2 1 2 4925 5003 5004 4926
4873 3 2 1 2 4926 5004 5005 4927
4874 3 2 1 2 4927 5005 5006 4928
4875 3 2 1 2 4928 5006 5007 4929
4876 3 2 1 2 4929 5007 5008 4930
4877 3 2 1 2 4930 5008 5009 4931
4878 3 2 1 2 4931 5009 5010 4932
4879 3 2 1 2 4932 5010 5011 4933
4880 3 2 1 2 4933 5011 5012 4934
4881 3 2 1 2 4934 5012 5013 4935
4882 3 2 1 2 4935 5013 5014 4936
4883 3 2 1 2 4936 5014 5015 4937
4884 3 2 1 2 4937 5015 5016 4938
4885 3 2 1 2 4938 5016 5017 4939
4886 3 2 1 2 4939 5017 5018 4940
4887 3 2 1 2 4940 5018 5019 4941
4888 3 2 1 2 4941 5019 5020 4942
4889 3 2 1 2 4942 5020 5021 4943
4890 3 2 1 2 4943 5021 5022 4944
4891 3 2 1 2 4944 5022 5023 4945
4892 3 2 1 2 4945 5023 5024 4946
4893 3 2 1 2 4946 5024 5025 4947
4894 3 2 1 2 4947 5025 5026 4948
4895 3 2 1 2 4948 5026 5027 4949
4896 3 2 1 2 4949 5027 5028 4950
4897 3 2 1 2 4950 5028 5029 4951
4898 3 2 1 2 4951 5029 5030 4952
4899 3 2 1 2 4952 5030 5031 4953
4900 3 2 1 2 4953 5031 5032 4954
4901 3 2 1 2 4954 5032 5033 4955
4902 3 2 1 2 4955 5033 5034 4956
4903 3 2 1 2 4956 5034 5035 4957
4904 3 2 1 2 4957 5035 5036 4958
4905 3 2 1 2 4958 5036 5037 4959
4906 3 2 1 2 4959 5037 5038 4960
4907 3 2 1 2 4960 5038 5039 4961
4908 3 2 1 2 4961 5039 5040 4962
4909 3 2 1 2 4962 5040 293 294
4910 3 2 1 2 127 126 5041 4963
4911 3 2 1 2 4963 5041 5042 4964
4912 3 2 1 2 4964 5042 5043 4965
4913 3 2 1 2 4965 5043 5044 4966
4914 3 2 1 2 4966 5044 5045 4967
4915 3 2 1 2 4967 5045 5046 4968
4916 3 2 1 2 4968 5046 5047 4969
4917 3 2 1 2 4969 5047 5048 4970
4918 3 2 1 2 4970 5048 5049 4971
4919 3 2 1 2 4971 5049 5050 4972
4920 3 2 1 2 4972 5050 5051 4973
4921 3 2 1 2 4973 5051 5052 4974
4922 3 2 1 2 4974 5052 5053 4975
4923 3 2 1 2 4975 5053 5054 4976
4924 3 2 1 2 4976 5054 5055 4977
4925 3 2 1 2 4977 5055 5056 4978
4926 3 2 1 2 4978 5056 5057 4979
4927 3 2 1 2 4979 5057 5058 4980
4928 3 2 1 2 4980 5058 5059 4981
4929 3 2 1 2 4981 5059 5060 4982
4930 3 2 1 2 4982 5060 5061 4983
4931 3 2 1 2 4983 5061 5062 4984
4932 3 2 1 2 4984 5062 5063 4985
4933 3 2 1 2 4985 5063 5064 4986
4934 3 2 1 2 4986 5064 5065 4987
4935 3 2 1 2 4987 5065 5066 4988
4936 3 2 1 2 4988 5066 5067 4989
4937 3 2 1 2 4989 5067 5068 4990
4938 3 2 1 2 4990 5068 5069 4991
4939 3 2 1 2 4991 5069 5070 4992
4940 3 2 1 2 4992 5070 5071 4993
4941 3 2 1 2 4993 5071 5072 4994
4942 3 2 1 2 4994 5072 5073 4995
4943 3 2 1 2 4995 5073 5074 4996
4944 3 2 1 2 4996 5074 5075 4997
4945 3 2 1 2 4997 5075 5076 4998
4946 3 2 1 2 4998 5076 5077 4999
4947 3 2 1 2 4999 5077 5078 5000
4948 3 2 1 2 5000 5078 5079 5001
4949 3 2 1 2 5001 5079 5080 5002
4950 3 2 1 2 5002 5080 5081 5003
4951 3 2 1 2 5003 5081 5082 5004
4952 3 2 1 2 5004 5082 5083 5005
4953 3 2 1 2 5005 5083 5084 5006
4954 3 2 1 2 5006 5084 5085 5007
4955 3 2 1 2 5007 5085 5086 5008
4956 3 2 1 2 5008 5086 5087 5009
4957 3 2 1 2 5009 5087 5088 5010
4958 3 2 1 2 5010 5088 5089 5011
4959 3 2 1 2 5011 5089 5090 5012
4960 3 2 1 2 5012 5090 5091 5013
4961 3 2 1 2 5013 5091 5092 5014
4962 3 2 1 2 5014 5092 5093 5015
4963 3 2 1 2 5015 5093 5094 5016
4964 3 2 1 2 5016 5094 5095 5017
4965 3 2 1 2 5017 5095 5096 5018
4966 3 2 1 2 5018 5096 5097 5019
4967 3 2 1 2 5019 5097 5098 5020
4968 3 2 1 2 5020 5098 5099 5021
4969 3 2 1 2 5021 5099 5100 5022
4970 3 2 1 2 5022 5100 5101 5023
4971 3 2 1 2 5023 5101 5102 5024
4972 3 2 1 2 5024 5102 5103 5025
4973 3 2 1 2 5025 5103 5104 5026
4974 3 2 1 2 5026 5104 5105 5027
4975 3 2 1 2 5027 5105 5106 5028
4976 3 2 1 2 5028 5106 5107 5029
4977 3 2 1 2 5029 5107 5108 5030
4978 3 2 1 2 5030 5108 5109 5031
4979 3 2 1 2 5031 5109 5110 5032
4980 3 2 1 2 5032 5110 5111 5033
4981 3 2 1 2 5033 5111 5112 5034
4982 3 2 1 2 5034 5112 5113 5035
4983 3 2 1 2 5035 5113 5114 5036
4984 3 2 1 2 5036 5114 5115 5037
4985 3 2 1 2 5037 5115 5116 5038
4986 3 2 1 2 5038 5116 5117 5039
4987 3 2 1 2 5039 5117 5118 5040
4988 3 2 1 2 5040 5118 292 293
4989 3 2 1 2 126 125 5119 5041
4990 3 2 1 2 5041 5119 5120 5042
4991 3 2 1 2 5042 5120 5121 5043
4992 3 2 1 2 5043 5121 5122 5044
4993 3 2 1 2 5044 5122 5123 5045
4994 3 2 1 2 5045 5123 5124 5046
4995 3 2 1 2 5046 5124 5125 5047
4996 3 2 1 2 5047 5125 5126 5048
4997 3 2 1 2 5048 5126 5127 5049
4998 3 2 1 2 5049 5127 5128 5050
4999 3 2 1 2 5050 5128 5129 5051
5000 3 2 1 2 5051 5129 5130 5052
5001 3 2 1 2 5052 5130 5131 5053
5002 3 2 1 2 5053 5131 5132 5054
5003 3 2 1 2 5054 5132 5133 5055
5004 3 2 1 2 5055 5133 5134 5056
5005 3 2 1 2 5056 5134 5135 5057
5006 3 2 1 2 5057 5135 5136 5058
5007 3 2 1 2 5058 5136 5137 5059
5008 3 2 1 2 5059 5137 5138 5060
5009 3 2 1 2 5060 5138 5139 5061
5010 3 2 1 2 5061 5139 5140 5062
5011 3 2 1 2 5062 5140 5141 5063
5012 3 2 1 2 5063 5141 5142 5064
5013 3 2 1 2 5064 5142 5143 5065
5014 3 2 1 2 5065 5143 5144 5066
5015 3 2 1 2 5066 5144 5145 5067
5016 3 2 1 2 5067 5145 5146 5068
5017 3 2 1 2 5068 5146 5147 5069
5018 3 2 1 2 5069 5147 5148 5070
5019 3 2 1 2 5070 5148 5149 5071
5020 3 2 1 2 5071 5149 5150 5072
5021 3 2 1 2 5072 5150 5151 5073
5022 3 2 1 2 5073 5151 5152 5074
5023 3 2 1 2 5074 5152 5153 5075
5024 3 2 1 2 5075 5153 5154 5076
5025 3 2 1 2 5076 5154 5155 5077
5026 3 2 1 2 5077 5155 5156 5078
5027 3 2 1 2 5078 5156 5157 5079
5028 3 2 1 2 5079 5157 5158 5080
5029 3 2 1 2 5080 5158 5159 5081
5030 3 2 1 2 5081 5159 5160 5082
5031 3 2 1 2 5082 5160 5161 5083
5032 3 2 1 2 5083 5161 5162 5084
5033 3 2 1 2 5084 5162 5163 5085
5034 3 2 1 2 5085 5163 5164 5086
5035 3 2 1 2 5086 5164 5165 5087
5036 3 2 1 2 5087 5165 5166 5088
5037 3 2 1 2 5088 5166 5167 5089
5038 3 2 1 2 5089 5167 5168 5090
5039 3 2 1 2 5090 5168 5169 5091
5040 3 2 1 2 5091 5169 5170 5092
5041 3 2 1 2 5092 5170 5171 5093
5042 3 2 1 2 5093 5171 5172 5094
5043 3 2 1 2 5094 5172 5173 5095
5044 3 2 1 2 5095 5173 5174 5096
5045 3 2 1 2 5096 5174 5175 5097
5046 3 2 1 2 5097 5175 5176 5098
5047 3 2 1 2 5098 5176 5177 5099
5048 3 2 1 2 5099 5177 5178 5100
5049 3 2 1 2 5100 5178 5179 5101
5050 3 2 1 2 5101 5179 5180 5102
5051 3 2 1 2 5102 5180 5181 5103
5052 3 2 1 2 5103 5181 5182 5104
5053 3 2 1 2 5104 5182 5183 5105
5054 3 2 1 2 5105 5183 5184 5106
5055 3 2 1 2 5106 5184 5185 5107
5056 3 2 1 2 5107 5185 5186 5108
5057 3 2 1 2 5108 5186 5187 5109
5058 3 2 1 2 5109 5187 5188 5110
5059 3 2 1 2 5110 5188 5189 5111
5060 3 2 1 2 5111 5189 5190 5112
5061 3 2 1 2 5112 5190 5191 5113
5062 3 2 1 2 5113 5191 5192 5114
5063 3 2 1 2 5114 5192 5193 5115
5064 3 2 1 2 5115 5193 5194 5116
5065 3 2 1 2 5116 5194 5195 5117
5066 3 2 1 2 5117 5195 5196 5118
5067 3 2 1 2 5118 5196 291 292
5068 3 2 1 2 125 124 5197 5119
5069 3 2 1 2 5119 5197 5198 5120
5070 3 2 1 2 5120 5198 5199 5121
5071 3 2 1 2 5121 5199 5200 5122
5072 3 2 1 2 5122 5200 5201 5123
5073 3 2 1 2 5123 5201 5202 5124
5074 3 2 1 2 5124 5202 5203 5125
5075 3 2 1 2 5125 5203 5204 5126
5076 3 2 1 2 5126 5204 5205 5127
5077 3 2 1 2 5127 5205 5206 5128
5078 3 2 1 2 5128 5206 5207 5129
5079 3 2 1 2 5129 5207 5208 5130
5080 3 2 1 2 5130 5208 5209 5131
5081 3 2 1 2 5131 5209 5210 5132
5082 3 2 1 2 5132 5210 5211 5133
5083 3 2 1 2 5133 5211 5212 5134
5084 3 2 1 2 5134 5212 5213 5135
5085 3 2 1 2 5135 5213 5214 5136
5086 3 2 1 2 5136 5214 5215 5137
5087 3 2 1 2 5137 5215 5216 5138
5088 3 2 1 2 5138 5216 5217 5139
5089 3 2 1 2 5139 5217 5218 5140
5090 3 2 1 2 5140 5218 5219 5141
5091 3 2 1 2 5141 5219 5220 5142
5092 3 2 1 2 5142 5220 5221 5143
5093 3 2 1 2 5143 5221 5222 5144
5094 3 2 1 2 5144 5222 5223 5145
5095 3 2 1 2 5145 5223 5224 5146
5096 3 2 1 2 5146 5224 5225 5147
5097 3 2 1 2 5147 5225 5226 5148
5098 3 2 1 2 5148 5226 5227 5149
5099 3 2 1 2 5149 5227 5228 5150
5100 3 2 1 2 5150 5228 5229 5151
5101 3 2 1 2 5151 5229 5230 5152
5102 3 2 1 2 5152 5230 5231 5153
5103 3 2 1 2 5153 5231 5232 5154
5104 3 2 1 2 5154 5232 5233 5155
5105 3 2 1 2 5155 5233 5234 5156
5106 3 2 1 2 5156 5234 5235 5157
5107 3 2 1 2 5157 5235 5236 5158
5108 3 2 1 2 5158 5236 5237 5159
5109 3 2 1 2 5159 5237 5238 5160
5110 3 2 1 2 5160 5238 5239 5161
5111 3 2 1 2 5161 5239 5240 5162
5112 3 2 1 2 5162 5240 5241 5163
5113 3 2 1 2 5163 5241 5242 5164
5114 3 2 1 2 5164 5242 5243 5165
5115 3 2 1 2 5165 5243 5244 5166
5116 3 2 1 2 5166 5244 5245 5167
5117 3 2 1 2 5167 5245 5246 5168
5118 3 2 1 2 5168 5246 5247 5169
5119 3 2 1 2 5169 5247 5248 5170
5120 3 2 1 2 5170 5248 5249 5171
5121 3 2 1 2 5171 5249 5250 5172
5122 3 2 1 2 5172 5250 5251 5173
5123 3 2 1 2 5173 5251 5252 5174
5124 3 2 1 2 5174 5252 5253 5175
5125 3 2 1 2 5175 5253 5254 5176
5126 3 2 1 2 5176 5254 5255 5177
5127 3 2 1 2 5177 5255 5256 5178
5128 3 2 1 2 5178 5256 5257 5179
5129 3 2 1 2 5179 5257 5258 5180
5130 3 2 1 2 5180 5258 5259 5181
5131 3 2 1 2 5181 5259 5260 5182
5132 3 2 1 2 5182 5260 5261 5183
5133 3 2 1 2 5183 5261 5262 5184
5134 3 2 1 2 5184 5262 5263 5185
5135 3 2 1 2 5185 5263 5264 5186
5136 3 2 1 2 5186 5264 5265 5187
5137 3 2 1 2 5187 5265 5266 5188
5138 3 2 1 2 5188 5266 5267 5189
5139 3 2 1 2 5189 5267 5268 5190
5140 3 2 1 2 5190 5268 5269 5191
5141 3 2 1 2 5191 5269 5270 5192
5142 3 2 1 2 5192 5270 5271 5193
5143 3 2 1 2 5193 5271 5272 5194
5144 3 2 1 2 5194 5272 5273 5195
5145 3 2 1 2 5195 5273 5274 5196
5146 3 2 1 2 5196 5274 290 291
5147 3 2 1 2 124 123 5275 5197
5148 3 2 1 2 5197 5275 5276 5198
5149 3 2 1 2 5198 5276 5277 5199
5150 3 2 1 2 5199 5277 5278 5200
5151 3 2 1 2 5200 5278 5279 5201
5152 3 2 1 2 5201 5279 5280 5202
5153 3 2 1 2 5202 5280 5281 5203
5154 3 2 1 2 5203 5281 5282 5204
5155 3 2 1 2 5204 5282 5283 5205
5156 3 2 1 2 5205 5283 5284 5206
5157 3 2 1 2 5206 5284 5285 5207
5158 3 2 1 2 5207 5285 5286 5208
5159 3 2 1 2 5208 5286 5287 5209
5160 3 2 1 2 5209 5287 5288 5210
5161 3 2 1 2 5210 5288 5289 5211
5162 3 2 1 2 5211 5289 5290 5212
5163 3 2 1 2 5212 5290 5291 5213
5164 3 2 1 2 5213 5291 5292 5214
5165 3 2 1 2 5214 5292 5293 5215
5166 3 2 1 2 5215 5293 5294 5216
5167 3 2 1 2 5216 5294 5295 5217
5168 3 2 1 2 5217 5295 5296 5218
5169 3 2 1 2 5218 5296 5297 5219
5170 3 2 1 2 5219 5297 5298 5220
5171 3 2 1 2 5220 5298 5299 5221
5172 3 2 1 2 5221 5299 5300 5222
5173 3 2 1 2 5222 5300 5301 5223
5174 3 2 1 2 5223 5301 5302 5224
5175 3 2 1 2 5224 5302 5303 5225
5176 3 2 1 2 5225 5303 5304 5226
5177 3 2 1 2 5226 5304 5305 5227
5178 3 2 1 2 5227 5305 5306 5228
5179 3 2 1 2 5228 5306 5307 5229
5180 3 2 1 2 5229 5307 5308 5230
5181 3 2 1 2 5230 5308 5309 5231
5182 3 2 1 2 5231 5309 5310 5232
5183 3 2 1 2 5232 5310 5311 5233
5184 3 2 1 2 5233 5311 5312 5234
5185 3 2 1 2 5234 5312 5313 5235
5186 3 2 1 2 5235 5313 5314 5236
5187 3 2 1 2 5236 5314 5315 5237
5188 3 2 1 2 5237 5315 5316 5238
5189 3 2 1 2 5238 5316 5317 5239
5190 3 2 1 2 5239 5317 5318 5240
5191 3 2 1 2 5240 5318 5319 5241
5192 3 2 1 2 5241 5319 5320 5242
5193 3 2 1 2 5242 5320 5321 5243
5194 3 2 1 2 5243 5321 5322 5244
5195 3 2 1 2 5244 5322 5323 5245
5196 3 2 1 2 5245 5323 5324 5246
5197 3 2 1 2 5246 5324 5325 5247
5198 3 2 1 2 5247 5325 5326 5248
5199 3 2 1 2 5248 5326 5327 5249
5200 3 2 1 2 5249 5327 5328 5250
5201 3 2 1 2 5250 5328 5329 5251
5202 3 2 1 2 5251 5329 5330 5252
5203 3 2 1 2 5252 5330 5331 5253
5204 3 2 1 2 5253 5331 5332 5254
5205 3 2 1 2 5254 5332 5333 5255
5206 3 2 1 2 5255 5333 5334 5256
5207 3 2 1 2 5256 5334 5335 5257
5208 3 2 1 2 5257 5335 5336 5258
5209 3 2 1 2 5258 5336 5337 5259
5210 3 2 1 2 5259 5337 5338 5260
5211 3 2 1 2 5260 5338 5339 5261
5212 3 2 1 2 5261 5339 5340 5262
5213 3 2 1 2 5262 5340 5341 5263
5214 3 2 1 2 5263 5341 5342 5264
5215 3 2 1 2 5264 5342 5343 5265
5216 3 2 1 2 5265 5343 5344 5266
5217 3 2 1 2 5266 5344 5345 5267
5218 3 2 1 2 5267 5345 5346 5268
5219 3 2 1 2 5268 5346 5347 5269
5220 3 2 1 2 5269 5347 5348 5270
5221 3 2 1 2 5270 5348 5349 5271
5222 3 2 1 2 5271 5349 5350 5272
5223 3 2 1 2 5272 5350 5351 5273
5224 3 2 1 2 5273 5351 5352 5274
5225 3 2 1 2 5274 5352 289 290
5226 3 2 1 2 123 122 5353 5275
5227 3 2 1 2 5275 5353 5354 5276
5228 3 2 1 2 5276 5354 5355 5277
5229 3 2 1 2 5277 5355 5356 5278
5230 3 2 1 2 5278 5356 5357 5279
5231 3 2 1 2 5279 5357 5358 5280
5232 3 2 1 2 5280 5358 5359 5281
5233 3 2 1 2 5281 5359 5360 5282
5234 3 2 1 2 5282 5360 5361 5283
5235 3 2 1 2 5283 5361 5362 5284
5236 3 2 1 2 5284 5362 5363 5285
5237 3 2 1 2 5285 5363 5364 5286
5238 3 2 1 2 5286 5364 5365 5287
5239 3 2 1 2 5287 5365 5366 5288
5240 3 2 1 2 5288 5366 5367 5289
5241 3 2 1 2 5289 5367 5368 5290
5242 3 2 1 2 5290 5368 5369 5291
5243 3 2 1 2 5291 5369 5370 5292
5244 3 2 1 2 5292 5370 5371 5293
5245 3 2 1 2 5293 5371 5372 5294
5246 3 2 1 2 5294 5372 5373 5295
5247 3 2 1 2 5295 5373 5374 5296
5248 3 2 1 2 5296 5374 5375 5297
5249 3 2 1 2 5297 5375 5376 5298
5250 3 2 1 2 5298 5376 5377 5299
5251 3 2 1 2 5299 5377 5378 5300
5252 3 2 1 2 5300 5378 5379 5301
5253 3 2 1 2 5301 5379 5380 5302
5254 3 2 1 2 5302 5380 5381 5303
5255 3 2 1 2 5303 5381 5382 5304
5256 3 2 1 2 5304 5382 5383 5305
5257 3 2 1 2 5305 5383 5384 5306
5258 3 2 1 2 5306 5384 5385 5307
5259 3 2 1 2 5307 5385 5386 5308
5260 3 2 1 2 5308 5386 5387 5309
5261 3 2 1 2 5309 5387 5388 5310
5262 3 2 1 2 5310 5388 5389 5311
5263 3 2 1 2 5311 5389 5390 5312
5264 3 2 1 2 5312 5390 5391 5313
5265 3 2 1 2 5313 5391 5392 5314
5266 3 2 1 2 5314 5392 5393 5315
5267 3 2 1 2 5315 5393 5394 5316
5268 3 2 1 2 5316 5394 5395 5317
5269 3 2 1 2 5317 5395 5396 5318
5270 3 2 1 2 5318 5396 5397 5319
5271 3 2 1 2 5319 5397 5398 5320
5272 3 2 1 2 5320 5398 5399 5321
5273 3 2 1 2 5321 5399 5400 5322
5274 3 2 1 2 5322 5400 5401 5323
5275 3 2 1 2 5323 5401 5402 5324
5276 3 2 1 2 5324 5402 5403 5325
5277 3 2 1 2 5325 5403 5404 5326
5278 3 2 1 2 5326 5404 5405 5327
5279 3 2 1 2 5327 5405 5406 5328
5280 3 2 1 2 5328 5406 5407 5329
5281 3 2 1 2 5329 5407 5408 5330
5282 3 2 1 2 5330 5408 5409 5331
5283 3 2 1 2 5331 5409 5410 5332
5284 3 2 1 2 5332 5410 5411 5333
5285 3 2 1 2 5333 5411 5412 5334
5286 3 2 1 2 5334 5412 5413 5335
5287 3 2 1 2 5335 5413 5414 5336
5288 3 2 1 2 5336 5414 5415 5337
5289 3 2 1 2 5337 5415 5416 5338
5290 3 2 1 2 5338 5416 5417 5339
5291 3 2 1 2 5339 5417 5418 5340
5292 3 2 1 2 5340 5418 5419 5341
5293 3 2 1 2 5341 5419 5420 5342
5294 3 2 1 2 5342 5420 5421 5343
5295 3 2 1 2 5343 5421 5422 5344
5296 3 2 1 2 5344 5422 5423 5345
5297 3 2 1 2 5345 5423 5424 5346
5298 3 2 1 2 5346 5424 5425 5347
5299 3 2 1 2 5347 5425 5426 5348
5300 3 2 1 2 5348 5426 5427 5349
5301 3 2 1 2 5349 5427 5428 5350
5302 3 2 1 2 5350 5428 5429 5351
5303 3 2 1 2 5351 5429 5430 5352
5304 3 2 1 2 5352 5430 288 289
5305 3 2 1 2 122 121 5431 5353
5306 3 2 1 2 5353 5431 5432 5354
5307 3 2 1 2 5354 5432 5433 5355
5308 3 2 1 2 5355 5433 5434 5356
5309 3 2 1 2 5356 5434 5435 5357
5310 3 2 1 2 5357 5435 5436 5358
5311 3 2 1 2 5358 5436 5437 5359
5312 3 2 1 2 5359 5437 5438 5360
5313 3 2 1 2 5360 5438 5439 5361
5314 3 2 1 2 5361 5439 5440 5362
5315 3 2 1 2 5362 5440 5441 5363
5316 3 2 1 2 5363 5441 5442 5364
5317 3 2 1 2 5364 5442 5443 5365
5318 3 2 1 2 5365 5443 5444 5366
5319 3 2 1 2 5366 5444 5445 5367
5320 3 2 1 2 5367 5445 5446 5368
5321 3 2 1 2 5368 5446 5447 5369
5322 3 2 1 2 5369 5447 5448 5370
5323 3 2 1 2 5370 5448 5449 5371
5324 3 2 1 2 5371 5449 5450 5372
5325 3 2 1 2 5372 5450 5451 5373
5326 3 2 1 2 5373 5451 5452 5374
5327 3 2 1 2 5374 5452 5453 5375
5328 3 2 1 2 5375 5453 5454 5376
5329 3 2 1 2 5376 5454 5455 5377
5330 3 2 1 2 5377 5455 5456 5378
5331 3 2 1 2 5378 5456 5457 5379
5332 3 2 1 2 5379 5457 5458 5380
5333 3 2 1 2 5380 5458 5459 5381
5334 3 2 1 2 5381 5459 5460 5382
5335 3 2 1 2 5382 5460 5461 5383
5336 3 2 1 2 5383 5461 5462 5384
5337 3 2 1 2 5384 5462 5463 5385
5338 3 2 1 2 5385 5463 5464 5386
5339 3 2 1 2 5386 5464 5465 5387
5340 3 2 1 2 5387 5465 5466 5388
5341 3 2 1 2 5388 5466 5467 5389
5342 3 2 1 2 5389 5467 5468 5390
5343 3 2 1 2 5390 5468 5469 5391
5344 3 2 1 2 5391 5469 5470 5392
5345 3 2 1 2 5392 5470 5471 5393
5346 3 2 1 2 5393 5471 5472 5394
5347 3 2 1 2 5394 5472 5473 5395
5348 3 2 1 2 5395 5473 5474 5396
5349 3 2 1 2 5396 5474 5475 5397
5350 3 2 1 2 5397 5475 5476 5398
5351 3 2 1 2 5398 5476 5477 5399
5352 3 2 1 2 5399 5477 5478 5400
5353 3 2 1 2 5400 5478 5479 5401
5354 3 2 1 2 5401 5479 5480 5402
5355 3 2 1 2 5402 5480 5481 5403
5356 3 2 1 2 5403 5481 5482 5404
5357 3 2 1 2 5404 5482 5483 5405
5358 3 2 1 2 5405 5483 5484 5406
5359 3 2 1 2 5406 5484 5485 5407
5360 3 2 1 2 5407 5485 5486 5408
5361 3 2 1 2 5408 5486 5487 5409
5362 3 2 1 2 5409 5487 5488 5410
5363 3 2 1 2 5410 5488 5489 5411
5364 3 2 1 2 5411 5489 5490 5412
5365 3 2 1 2 5412 5490 5491 5413
5366 3 2 1 2 5413 5491 5492 5414
5367 3 2 1 2 5414 5492 5493 5415
5368 3 2 1 2 5415 5493 5494 5416
5369 3 2 1 2 5416 5494 5495 5417
5370 3 2 1 2 5417 5495 5496 5418
5371 3 2 1 2 5418 5496 5497 5419
5372 3 2 1 2 5419 5497 5498 5420
5373 3 2 1 2 5420 5498 5499 5421
5374 3 2 1 2 5421 5499 5500 5422
5375 3 2 1 2 5422 5500 5501 5423
5376 3 2 1 2 5423 5501 5502 5424
5377 3 2 1 2 5424 5502 5503 5425
5378 3 2 1 2 5425 5503 5504 5426
5379 3 2 1 2 5426 5504 5505 5427
5380 3 2 1 2 5427 5505 5506 5428
5381 3 2 1 2 5428 5506 5507 5429
5382 3 2 1 2 5429 5507 5508 5430
5383 3 2 1 2 5430 5508 287 288
5384 3 2 1 2 121 120 5509 5431
5385 3 2 1 2 5431 5509 5510 5432
5386 3 2 1 2 5432 5510 5511 5433
5387 3 2 1 2 5433 5511 5512 5434
5388 3 2 1 2 5434 5512 5513 5435
5389 3 2 1 2 5435 5513 5514 5436
5390 3 2 1 2 5436 5514 5515 5437
5391 3 2 1 2 5437 5515 5516 5438
5392 3 2 1 2 5438 5516 5517 5439
5393 3 2 1 2 5439 5517 5518 5440
5394 3 2 1 2 5440 5518 5519 5441
5395 3 2 1 2 5441 5519 5520 5442
5396 3 2 1 2 5442 5520 5521 5443
5397 3 2 1 2 5443 5521 5522 5444
5398 3 2 1 2 5444 5522 5523 5445
5399 3 2 1 2 5445 5523 5524 5446
5400 3 2 1 2 5446 5524 5525 5447
5401 3 2 1 2 5447 5525 5526 5448
5402 3 2 1 2 5448 5526 5527 5449
5403 3 2 1 2 5449 5527 5528 5450
5404 3 2 1 2 5450 5528 5529 5451
5405 3 2 1 2 5451 5529 5530 5452
5406 3 2 1 2 5452 5530 5531 5453
5407 3 2 1 2 5453 5531 5532 5454
5408 3 2 1 2 5454 5532 5533 5455
5409 3 2 1 2 5455 5533 5534 5456
5410 3 2 1 2 5456 5534 5535 5457
5411 3 2 1 2 5457 5535 5536 5458
5412 3 2 1 2 5458 5536 5537 5459
5413 3 2 1 2 5459 5537 5538 5460
5414 3 2 1 2 5460 5538 5539 5461
5415 3 2 1 2 5461 5539 5540 5462
5416 3 2 1 2 5462 5540 5541 5463
5417 3 2 1 2 5463 5541 5542 5464
5418 3 2 1 2 5464 5542 5543 5465
5419 3 2 1 2 5465 5543 5544 5466
5420 3 2 1 2 5466 5544 5545 5467
5421 3 2 1 2 5467 5545 5546 5468
5422 3 2 1 2 5468 5546 5547 5469
5423 3 2 1 2 5469 5547 5548 5470
5424 3 2 1 2 5470 5548 5549 5471
5425 3 2 1 2 5471 5549 5550 5472
5426 3 2 1 2 5472 5550 5551 5473
5427 3 2 1 2 5473 5551 5552 5474
5428 3 2 1 2 5474 5552 5553 5475
5429 3 2 1 2 5475 5553 5554 5476
5430 3 2 1 2 5476 5554 5555 5477
5431 3 2 1 2 5477 5555 5556 5478
5432 3 2 1 2 5478 5556 5557 5479
5433 3 2 1 2 5479 5557 5558 5480
5434 3 2 1 2 5480 5558 5559 5481
5435 3 2 1 2 5481 5559 5560 5482
5436 3 2 1 2 5482 5560 5561 5483
5437 3 2 1 2 5483 5561 5562 5484
5438 3 2 1 2 5484 5562 5563 5485
5439 3 2 1 2 5485 5563 5564 5486
5440 3 2 1 2 5486 5564 5565 5487
5441 3 2 1 2 5487 5565 5566 5488
5442 3 2 1 2 5488 5566 5567 5489
5443 3 2 1 2 5489 5567 5568 5490
5444 3 2 1 2 5490 5568 5569 5491
5445 3 2 1 2 5491 5569 5570 5492
5446 3 2 1 2 5492 5570 5571 5493
5447 3 2 1 2 5493 5571 5572 5494
5448 3 2 1 2 5494 5572 5573 5495
5449 3 2 1 2 5495 5573 5574 5496
5450 3 2 1 2 5496 5574 5575 5497
5451 3 2 1 2 5497 5575 5576 5498
5452 3 2 1 2 5498 5576 5577 5499
5453 3 2 1 2 5499 5577 5578 5500
5454 3 2 1 2 5500 5578 5579 5501
5455 3 2 1 2 5501 5579 5580 5502
5456 3 2 1 2 5502 5580 5581 5503
5457 3 2 1 2 5503 5581 5582 5504
5458 3 2 1 2 5504 5582 5583 5505
5459 3 2 1 2 5505 5583 5584 5506
5460 3 2 1 2 5506 5584 5585 5507
5461 3 2 1 2 5507 5585 5586 5508
5462 3 2 1 2 5508 5586 286 287
5463 3 2 1 2 120 119 5587 5509
5464 3 2 1 2 5509 5587 5588 5510
5465 3 2 1 2 5510 5588 5589 5511
5466 3 2 1 2 5511 5589 5590 5512
5467 3 2 1 2 5512 5590 5591 5513
5468 3 2 1 2 5513 5591 5592 5514
5469 3 2 1 2 5514 5592 5593 5515
5470 3 2 1 2 5515 5593 5594 5516
5471 3 2 1 2 5516 5594 5595 5517
5472 3 2 1 2 5517 5595 5596 5518
5473 3 2 1 2 5518 5596 5597 5519
5474 3 2 1 2 5519 5597 5598 5520
5475 3 2 1 2 5520 5598 5599 5521
5476 3 2 1 2 5521 5599 5600 5522
5477 3 2 1 2 5522 5600 5601 5523
5478 3 2 1 2 5523 5601 5602 5524
5479 3 2 1 2 5524 5602 5603 5525
5480 3 2 1 2 5525 5603 5604 5526
5481 3 2 1 2 5526 5604 5605 5527
5482 3 2 1 2 5527 5605 5606 5528
5483 3 2 1 2 5528 5606 5607 5529
5484 3 2 1 2 5529 5607 5608 5530
5485 3 2 1 2 5530 5608 5609 5531
5486 3 2 1 2 5531 5609 5610 5532
5487 3 2 1 2 5532 5610 5611 5533
5488 3 2 1 2 5533 5611 5612 5534
5489 3 2 1 2 5534 5612 5613 5535
5490 3 2 1 2 5535 5613 5614 5536
5491 3 2 1 2 5536 5614 5615 5537
5492 3 2 1 2 5537 5615 5616 5538
5493 3 2 1 2 5538 5616 5617 5539
5494 3 2 1 2 5539 5617 5618 5540
5495 3 2 1 2 5540 5618 5619 5541
5496 3 2 1 2 5541 5619 5620 5542
5497 3 2 1 2 5542 5620 5621 5543
5498 3 2 1 2 5543 5621 5622 5544
5499 3 2 1 2 5544 5622 5623 5545
5500 3 2 1 2 5545 5623 5624 5546
5501 3 2 1 2 5546 5624 5625 5547
5502 3 2 1 2 5547 5625 5626 5548
5503 3 2 1 2 5548 5626 5627 5549
5504 3 2 1 2 5549 5627 5628 5550
5505 3 2 1 2 5550 5628 5629 5551
5506 3 2 1 2 5551 5629 5630 5552
5507 3 2 1 2 5552 5630 5631 5553
5508 3 2 1 2 5553 5631 5632 5554
5509 3 2 1 2 5554 5632 5633 5555
5510 3 2 1 2 5555 5633 5634 5556
5511 3 2 1 2 5556 5634 5635 5557
5512 3 2 1 2 5557 5635 5636 5558
5513 3 2 1 2 5558 5636 5637 5559
5514 3 2 1 2 5559 5637 5638 5560
5515 3 2 1 2 5560 5638 5639 5561
5516 3 2 1 2 5561 5639 5640 5562
5517 3 2 1 2 5562 5640 5641 5563
5518 3 2 1 2 5563 5641 5642 5564
5519 3 2 1 2 5564 5642 5643 5565
5520 3 2 1 2 5565 5643 5644 5566
5521 3 2 1 2 5566 5644 5645 5567
5522 3 2 1 2 5567 5645 5646 5568
5523 3 2 1 2 5568 5646 5647 5569
5524 3 2 1 2 5569 5647 5648 5570
5525 3 2 1 2 5570 5648 5649 5571
5526 3 2 1 2 5571 5649 5650 5572
5527 3 2 1 2 5572 5650 5651 5573
5528 3 2 1 2 5573 5651 5652 5574
5529 3 2 1 2 5574 5652 5653 5575
5530 3 2 1 2 5575 5653 5654 5576
5531 3 2 1 2 5576 5654 5655 5577
5532 3 2 1 2 5577 5655 5656 5578
5533 3 2 1 2 5578 5656 5657 5579
5534 3 2 1 2 5579 5657 5658 5580
5535 3 2 1 2 5580 5658 5659 5581
5536 3 2 1 2 5581 5659 5660 5582
5537 3 2 1 2 5582 5660 5661 5583
5538 3 2 1 2 5583 5661 5662 5584
5539 3 2 1 2 5584 5662 5663 5585
5540 3 2 1 2 5585 5663 5664 5586
5541 3 2 1 2 5586 5664 285 286
5542 3 2 1 2 119 118 5665 5587
5543 3 2 1 2 5587 5665 5666 5588
5544 3 2 1 2 5588 5666 5667 5589
5545 3 2 1 2 5589 5667 5668 5590
5546 3 2 1 2 5590 5668 5669 5591
5547 3 2 1 2 5591 5669 5670 5592
5548 3 2 1 2 5592 5670 5671 5593
5549 3 2 1 2 5593 5671 5672 5594
5550 3 2 1 2 5594 5672 5673 5595
5551 3 2 1 2 5595 5673 5674 5596
5552 3 2 1 2 5596 5674 5675 5597
5553 3 2 1 2 5597 5675 5676 5598
5554 3 2 1 2 5598 5676 5677 5599
5555 3 2 1 2 5599 5677 5678 5600
5556 3 2 1 2 5600 5678 5679 5601
5557 3 2 1 2 5601 5679 5680 5602
5558 3 2 1 2 5602 5680 5681 5603
5559 3 2 1 2 5603 5681 5682 5604
5560 3 2 1 2 5604 5682 5683 5605
5561 3 2 1 2 5605 5683 5684 5606
5562 3 2 1 2 5606 5684 5685 5607
5563 3 2 1 2 5607 5685 5686 5608
5564 3 2 1 2 5608 5686 5687 5609
5565 3 2 1 2 5609 5687 5688 5610
5566 3 2 1 2 5610 5688 5689 5611
5567 3 2 1 2 5611 5689 5690 5612
5568 3 2 1 2 5612 5690 5691 5613
5569 3 2 1 2 5613 5691 5692 5614
5570 3 2 1 2 5614 5692 5693 5615
5571 3 2 1 2 5615 5693 5694 5616
5572 3 2 1 2 5616 5694 5695 5617
5573 3 2 1 2 5617 5695 5696 5618
5574 3 2 1 2 5618 5696 5697 5619
5575 3 2 1 2 5619 5697 5698 5620
5576 3 2 1 2 5620 5698 5699 5621
5577 3 2 1 2 5621 5699 5700 5622
5578 3 2 1 2 5622 5700 5701 5623
5579 3 2 1 2 5623 5701 5702 5624
5580 3 2 1 2 5624 5702 5703 5625
5581 3 2 1 2 5625 5703 5704 5626
5582 3 2 1 2 5626 5704 5705 5627
5583 3 2 1 2 5627 5705 5706 5628
5584 3 2 1 2 5628 5706 5707 5629
5585 3 2 1 2 5629 5707 5708 5630
5586 3 2 1 2 5630 5708 5709 5631
5587 3 2 1 2 5631 5709 5710 5632
5588 3 2 1 2 5632 5710 5711 5633
5589 3 2 1 2 5633 5711 5712 5634
5590 3 2 1 2 5634 5712 5713 5635
5591 3 2 1 2 5635 5713 5714 5636
5592 3 2 1 2 5636 5714 5715 5637
5593 3 2 1 2 5637 5715 5716 5638
5594 3 2 1 2 5638 5716 5717 5639
5595 3 2 1 2 5639 5717 5718 5640
5596 3 2 1 2 5640 5718 5719 5641
5597 3 2 1 2 5641 5719 5720 5642
5598 3 2 1 2 5642 5720 5721 5643
5599 3 2 1 2 5643 5721 5722 5644
5600 3 2 1 2 5644 5722 5723 5645
5601 3 2 1 2 5645 5723 5724 5646
5602 3 2 1 2 5646 5724 5725 5647
5603 3 2 1 2 5647 5725 5726 5648
5604 3 2 1 2 5648 5726 5727 5649
5605 3 2 1 2 5649 5727 5728 5650
5606 3 2 1 2 5650 5728 5729 5651
5607 3 2 1 2 5651 5729 5730 5652
5608 3 2 1 2 5652 5730 5731 5653
5609 3 2 1 2 5653 5731 5732 5654
5610 3 2 1 2 5654 5732 5733 5655
5611 3 2 1 2 5655 5733 5734 5656
5612 3 2 1 2 5656 5734 5735 5657
5613 3 2 1 2 5657 5735 5736 5658
5614 3 2 1 2 5658 5736 5737 5659
5615 3 2 1 2 5659 5737 5738 5660
5616 3 2 1 2 5660 5738 5739 5661
5617 3 2 1 2 5661 5739 5740 5662
5618 3 2 1 2 5662 5740 5741 5663
5619 3 2 1 2 5663 5741 5742 5664
5620 3 2 1 2 5664 5742 284 285
5621 3 2 1 2 118 117 5743 5665
5622 3 2 1 2 5665 5743 5744 5666
5623 3 2 1 2 5666 5744 5745 5667
5624 3 2 1 2 5667 5745 5746 5668
5625 3 2 1 2 5668 5746 5747 5669
5626 3 2 1 2 5669 5747 5748 5670
5627 3 2 1 2 5670 5748 5749 5671
5628 3 2 1 2 5671 5749 5750 5672
5629 3 2 1 2 5672 5750 5751 5673
5630 3 2 1 2 5673 5751 5752 5674
5631 3 2 1 2 5674 5752 5753 5675
5632 3 2 1 2 5675 5753 5754 5676
5633 3 2 1 2 5676 5754 5755 5677
5634 3 2 1 2 5677 5755 5756 5678
5635 3 2 1 2 5678 5756 5757 5679
5636 3 2 1 2 5679 5757 5758 5680
5637 3 2 1 2 5680 5758 5759 5681
5638 3 2 1 2 5681 5759 5760 5682
5639 3 2 1 2 5682 5760 5761 5683
5640 3 2 1 2 5683 5761 5762 5684
5641 3 2 1 2 5684 5762 5763 5685
5642 3 2 1 2 5685 5763 5764 5686
5643 3 2 1 2 5686 5764 5765 5687
5644 3 2 1 2 5687 5765 5766 5688
5645 3 2 1 2 5688 5766 5767 5689
5646 3 2 1 2 5689 5767 5768 5690
5647 3 2 1 2 5690 5768 5769 5691
5648 3 2 1 2 5691 5769 5770 5692
5649 3 2 1 2 5692 5770 5771 5693
5650 3 2 1 2 5693 5771 5772 5694
5651 3 2 1 2 5694 5772 5773 5695
5652 3 2 1 2 5695 5773 5774 5696
5653 3 2 1 2 5696 5774 5775 5697
5654 3 2 1 2 5697 5775 5776 5698
5655 3 2 1 2 5698 5776 5777 5699
5656 3 2 1 2 5699 5777 5778 5700
5657 3 2 1 2 5700 5778 5779 5701
5658 3 2 1 2 5701 5779 5780 5702
5659 3 2 1 2 5702 5780 5781 5703
5660 3 2 1 2 5703 5781 5782 5704
5661 3 2 1 2 5704 5782 5783 5705
5662 3 2 1 2 5705 5783 5784 5706
5663 3 2 1 2 5706 5784 5785 5707
5664 3 2 1 2 5707 5785 5786 5708
5665 3 2 1 2 5708 5786 5787 5709
5666 3 2 1 2 5709 5787 5788 5710
5667 3 2 1 2 5710 5788 5789 5711
5668 3 2 1 2 5711 5789 5790 5712
5669 3 2 1 2 5712 5790 5791 5713
5670 3 2 1 2 5713 5791 5792 5714
5671 3 2 1 2 5714 5792 5793 5715
5672 3 2 1 2 5715 5793 5794 5716
5673 3 2 1 2 5716 5794 5795 5717
5674 3 2 1 2 5717 5795 5796 5718
5675 3 2 1 2 5718 5796 5797 5719
5676 3 2 1 2 5719 5797 5798 5720
5677 3 2 1 2 5720 5798 5799 5721
5678 3 2 1 2 5721 5799 5800 5722
5679 3 2 1 2 5722 5800 5801 5723
5680 3 2 1 2 5723 5801 5802 5724
5681 3 2 1 2 5724 5802 5803 5725
5682 3 2 1 2 5725 5803 5804 5726
5683 3 2 1 2 5726 5804 5805 5727
5684 3 2 1 2 5727 5805 5806 5728
5685 3 2 1 2 5728 5806 5807 5729
5686 3 2 1 2 5729 5807 5808 5730
5687 3 2 1 2 5730 5808 5809 5731
5688 3 2 1 2 5731 5809 5810 5732
5689 3 2 1 2 5732 5810 5811 5733
5690 3 2 1 2 5733 5811 5812 5734
5691 3 2 1 2 5734 5812 5813 5735
5692 3 2 1 2 5735 5813 5814 5736
5693 3 2 1 2 5736 5814 5815 5737
5694 3 2 1 2 5737 5815 5816 5738
5695 3 2 1 2 5738 5816 5817 5739
5696 3 2 1 2 5739 5817 5818 5740
5697 3 2 1 2 5740 5818 5819 5741
5698 3 2 1 2 5741 5819 5820 5742
5699 3 2 1 2 5742 5820 283 284
5700 3 2 1 2 117 116 5821 5743
5701 3 2 1 2 5743 5821 5822 5744
5702 3 2 1 2 5744 5822 5823 5745
5703 3 2 1 2 5745 5823 5824 5746
5704 3 2 1 2 5746 5824 5825 5747
5705 3 2 1 2 5747 5825 5826 5748
5706 3 2 1 2 5748 5826 5827 5749
5707 3 2 1 2 5749 5827 5828 5750
5708 3 2 1 2 5750 5828 5829 5751
5709 3 2 1 2 5751 5829 5830 5752
5710 3 2 1 2 5752 5830 5831 5753
5711 3 2 1 2 5753 5831 5832 5754
5712 3 2 1 2 5754 5832 5833 5755
5713 3 2 1 2 5755 5833 5834 5756
5714 3 2 1 2 5756 5834 5835 5757
5715 3 2 1 2 5757 5835 5836 5758
5716 3 2 1 2 5758 5836 5837 5759
5717 3 2 1 2 5759 5837 5838 5760
5718 3 2 1 2 5760 5838 5839 5761
5719 3 2 1 2 5761 5839 5840 5762
5720 3 2 1 2 5762 5840 5841 5763
5721 3 2 1 2 5763 5841 5842 5764
5722 3 2 1 2 5764 5842 5843 5765
5723 3 2 1 2 5765 5843 5844 5766
5724 3 2 1 2 5766 5844 5845 5767
5725 3 2 1 2 5767 5845 5846 5768
5726 3 2 1 2 5768 5846 5847 5769
5727 3 2 1 2 5769 5847 5848 5770
5728 3 2 1 2 5770 5848 5849 5771
5729 3 2 1 2 5771 5849 5850 5772
5730 3 2 1 2 5772 5850 5851 5773
5731 3 2 1 2 5773 5851 5852 5774
5732 3 2 1 2 5774 5852 5853 5775
5733 3 2 1 2 5775 5853 5854 5776
5734 3 2 1 2 5776 5854 5855 5777
5735 3 2 1 2 5777 5855 5856 5778
5736 3 2 1 2 5778 5856 5857 5779
5737 3 2 1 2 5779 5857 5858 5780
5738 3 2 1 2 5780 5858 5859 5781
5739 3 2 1 2 5781 5859 5860 5782
5740 3 2 1 2 5782 5860 5861 5783
5741 3 2 1 2 5783 5861 5862 5784
5742 3 2 1 2 5784 5862 5863 5785
5743 3 2 1 2 5785 5863 5864 5786
5744 3 2 1 2 5786 5864 5865 5787
5745 3 2 1 2 5787 5865 5866 5788
5746 3 2 1 2 5788 5866 5867 5789
5747 3 2 1 2 5789 5867 5868 5790
5748 3 2 1 2 5790 5868 5869 5791
5749 3 2 1 2 5791 5869 5870 5792
5750 3 2 1 2 5792 5870 5871 5793
5751 3 2 1 2 5793 5871 5872 5794
5752 3 2 1 2 5794 5872 5873 5795
5753 3 2 1 2 5795 5873 5874 5796
5754 3 2 1 2 5796 5874 5875 5797
5755 3 2 1 2 5797 5875 5876 5798
5756 3 2 1 2 5798 5876 5877 5799
5757 3 2 1 2 5799 5877 5878 5800
5758 3 2 1 2 5800 5878 5879 5801
5759 3 2 1 2 5801 5879 5880 5802
5760 3 2 1 2 5802 5880 5881 5803
5761 3 2 1 2 5803 5881 5882 5804
5762 3 2 1 2 5804 5882 5883 5805
5763 3 2 1 2 5805 5883 5884 5806
5764 3 2 1 2 5806 5884 5885 5807
5765 3 2 1 2 5807 5885 5886 5808
5766 3 2 1 2 5808 5886 5887 5809
5767 3 2 1 2 5809 5887 5888 5810
5768 3 2 1 2 5810 5888 5889 5811
5769 3 2 1 2 5811 5889 5890 5812
5770 3 2 1 2 5812 5890 5891 5813
5771 3 2 1 2 5813 5891 5892 5814
5772 3 2 1 2 5814 5892 5893 5815
5773 3 2 1 2 5815 5893 5894 5816
5774 3 2 1 2 5816 5894 5895 5817
5775 3 2 1 2 5817 5895 5896 5818
5776 3 2 1 2 5818 5896 5897 5819
5777 3 2 1 2 5819 5897 5898 5820
5778 3 2 1 2 5820 5898 282 283
5779 3 2 1 2 116 115 5899 5821
5780 3 2 1 2 5821 5899 5900 5822
5781 3 2 1 2 5822 5900 5901 5823
5782 3 2 1 2 5823 5901 5902 5824
5783 3 2 1 2 5824 5902 5903 5825
5784 3 2 1 2 5825 5903 5904 5826
5785 3 2 1 2 5826 5904 5905 5827
5786 3 2 1 2 5827 5905 5906 5828
5787 3 2 1 2 5828 5906 5907 5829
5788 3 2 1 2 5829 5907 5908 5830
5789 3 2 1 2 5830 5908 5909 5831
5790 3 2 1 2 5831 5909 5910 5832
5791 3 2 1 2 5832 5910 5911 5833
5792 3 2 1 2 5833 5911 5912 5834
5793 3 2 1 2 5834 5912 5913 5835
5794 3 2 1 2 5835 5913 5914 5836
5795 3 2 1 2 5836 5914 5915 5837
5796 3 2 1 2 5837 5915 5916 5838
5797 3 2 1 2 5838 5916 5917 5839
5798 3 2 1 2 5839 5917 5918 5840
5799 3 2 1 2 5840 5918 5919 5841
5800 3 2 1 2 5841 5919 5920 5842
5801 3 2 1 2 5842 5920 5921 5843
5802 3 2 1 2 5843 5921 5922 5844
5803 3 2 1 2 5844 5922 5923 5845
5804 3 2 1 2 5845 5923 5924 5846
5805 3 2 1 2 5846 5924 5925 5847
5806 3 2 1 2 5847 5925 5926 5848
5807 3 2 1 2 5848 5926 5927 5849
5808 3 2 1 2 5849 5927 5928 5850
5809 3 2 1 2 5850 5928 5929 5851
5810 3 2 1 2 5851 5929 5930 5852
5811 3 2 1 2 5852 5930 5931 5853
5812 3 2 1 2 5853 5931 5932 5854
5813 3 2 1 2 5854 5932 5933 5855
5814 3 2 1 2 5855 5933 5934 5856
5815 3 2 1 2 5856 5934 5935 5857
5816 3 2 1 2 5857 5935 5936 5858
5817 3 2 1 2 5858 5936 5937 5859
5818 3 2 1 2 5859 5937 5938 5860
5819 3 2 1 2 5860 5938 5939 5861
5820 3 2 1 2 5861 5939 5940 5862
5821 3 2 1 2 5862 5940 5941 5863
5822 3 2 1 2 5863 5941 5942 5864
5823 3 2 1 2 5864 5942 5943 5865
5824 3 2 1 2 5865 5943 5944 5866
5825 3 2 1 2 5866 5944 5945 5867
5826 3 2 1 2 5867 5945 5946 5868
5827 3 2 1 2 5868 5946 5947 5869
5828 3 2 1 2 5869 5947 5948 5870
5829 3 2 1 2 5870 5948 5949 5871
5830 3 2 1 2 5871 5949 5950 5872
5831 3 2 1 2 5872 5950 5951 5873
5832 3 2 1 2 5873 5951 5952 5874
5833 3 2 1 2 5874 5952 5953 5875
5834 3 2 1 2 5875 5953 5954 5876
5835 3 2 1 2 5876 5954 5955 5877
5836 3 2 1 2 5877 5955 5956 5878
5837 3 2 1 2 5878 5956 5957 5879
5838 3 2 1 2 5879 5957 5958 5880
5839 3 2 1 2 5880 5958 5959 5881
5840 3 2 1 2 5881 5959 5960 5882
5841 3 2 1 2 5882 5960 5961 5883
5842 3 2 1 2 5883 5961 5962 5884
5843 3 2 1 2 5884 5962 5963 5885
5844 3 2 1 2 5885 5963 5964 5886
5845 3 2 1 2 5886 5964 5965 5887
5846 3 2 1 2 5887 5965 5966 5888
5847 3 2 1 2 5888 5966 5967 5889
5848 3 2 1 2 5889 5967 5968 5890
5849 3 2 1 2 5890 5968 5969 5891
5850 3 2 1 2 5891 5969 5970 5892
5851 3 2 1 2 5892 5970 5971 5893
5852 3 2 1 2 5893 5971 5972 5894
5853 3 2 1 2 5894 5972 5973 5895
5854 3 2 1 2 5895 5973 5974 5896
5855 3 2 1 2 5896 5974 5975 5897
5856 3 2 1 2 5897 5975 5976 5898
5857 3 2 1 2 5898 5976 281 282
5858 3 2 1 2 115 114 5977 5899
5859 3 2 1 2 5899 5977 5978 5900
5860 3 2 1 2 5900 5978 5979 5901
5861 3 2 1 2 5901 5979 5980 5902
5862 3 2 1 2 5902 5980 5981 5903
5863 3 2 1 2 5903 5981 5982 5904
5864 3 2 1 2 5904 5982 5983 5905
5865 3 2 1 2 5905 5983 5984 5906
5866 3 2 1 2 5906 5984 5985 5907
5867 3 2 1 2 5907 5985 5986 5908
5868 3 2 1 2 5908 5986 5987 5909
5869 3 2 1 2 5909 5987 5988 5910
5870 3 2 1 2 5910 5988 5989 5911
5871 3 2 1 2 5911 5989 5990 5912
5872 3 2 1 2 5912 5990 5991 5913
5873 3 2 1 2 5913 5991 5992 5914
5874 3 2 1 2 5914 5992 5993 5915
5875 3 2 1 2 5915 5993 5994 5916
5876 3 2 1 2 5916 5994 5995 5917
5877 3 2 1 2 5917 5995 5996 5918
5878 3 2 1 2 5918 5996 5997 5919
5879 3 2 1 2 5919 5997 5998 5920
5880 3 2 1 2 5920 5998 5999 5921
5881 3 2 1 2 5921 5999 6000 5922
5882 3 2 1 2 5922 6000 6001 5923
5883 3 2 1 2 5923 6001 6002 5924
5884 3 2 1 2 5924 6002 6003 5925
5885 3 2 1 2 5925 6003 6004 5926
5886 3 2 1 2 5926 6004 6005 5927
5887 3 2 1 2 5927 6005 6006 5928
5888 3 2 1 2 5928 6006 6007 5929
5889 3 2 1 2 5929 6007 6008 5930
5890 3 2 1 2 5930 6008 6009 5931
5891 3 2 1 2 5931 6009 6010 5932
5892 3 2 1 2 5932 6010 6011 5933
5893 3 2 1 2 5933 6011 6012 5934
5894 3 2 1 2 5934 6012 6013 5935
5895 3 2 1 2 5935 6013 6014 5936
5896 3 2 1 2 5936 6014 6015 5937
5897 3 2 1 2 5937 6015 6016 5938
5898 3 2 1 2 5938 6016 6017 5939
5899 3 2 1 2 5939 6017 6018 5940
5900 3 2 1 2 5940 6018 6019 5941
5901 3 2 1 2 5941 6019 6020 5942
5902 3 2 1 2 5942 6020 6021 5943
5903 3 2 1 2 5943 6021 6022 5944
5904 3 2 1 2 5944 6022 6023 5945
5905 3 2 1 2 5945 6023 6024 5946
5906 3 2 1 2 5946 6024 6025 5947
5907 3 2 1 2 5947 6025 6026 5948
5908 3 2 1 2 5948 6026 6027 5949
5909 3 2 1 2 5949 6027 6028 5950
5910 3 2 1 2 5950 6028 6029 5951
5911 3 2 1 2 5951 6029 6030 5952
5912 3 2 1 2 5952 6030 6031 5953
5913 3 2 1 2 5953 6031 6032 5954
5914 3 2 1 2 5954 6032 6033 5955
5915 3 2 1 2 5955 6033 6034 5956
5916 3 2 1 2 5956 6034 6035 5957
5917 3 2 1 2 5957 6035 6036 5958
5918 3 2 1 2 5958 6036 6037 5959
5919 3 2 1 2 5959 6037 6038 5960
5920 3 2 1 2 5960 6038 6039 5961
5921 3 2 1 2 5961 6039 6040 5962
5922 3 2 1 2 5962 6040 6041 5963
5923 3 2 1 2 5963 6041 6042 5964
5924 3 2 1 2 5964 6042 6043 5965
5925 3 2 1 2 5965 6043 6044 5966
5926 3 2 1 2 5966 6044 6045 5967
5927 3 2 1 2 5967 6045 6046 5968
5928 3 2 1 2 5968 6046 6047 5969
5929 3 2 1 2 5969 6047 6048 5970
5930 3 2 1 2 5970 6048 6049 5971
5931 3 2 1 2 5971 6049 6050 5972
5932 3 2 1 2 5972 6050 6051 5973
5933 3 2 1 2 5973 6051 6052 5974
5934 3 2 1 2 5974 6052 6053 5975
5935 3 2 1 2 5975 6053 6054 5976
5936 3 2 1 2 5976 6054 280 281
5937 3 2 1 2 114 113 6055 5977
5938 3 2 1 2 5977 6055 6056 5978
5939 3 2 1 2 5978 6056 6057 5979
5940 3 2 1 2 5979 6057 6058 5980
5941 3 2 1 2 5980 6058 6059 5981
5942 3 2 1 2 5981 6059 6060 5982
5943 3 2 1 2 5982 6060 6061 5983
5944 3 2 1 2 5983 6061 6062 5984
5945 3 2 1 2 5984 6062 6063 5985
5946 3 2 1 2 5985 6063 6064 5986
5947 3 2 1 2 5986 6064 6065 5987
5948 3 2 1 2 5987 6065 6066 5988
5949 3 2 1 2 5988 6066 6067 5989
5950 3 2 1 2 5989 6067 6068 5990
5951 3 2 1 2 5990 6068 6069 5991
5952 3 2 1 2 5991 6069 6070 5992
5953 3 2 1 2 5992 6070 6071 5993
5954 3 2 1 2 5993 6071 6072 5994
5955 3 2 1 2 5994 6072 6073 5995
5956 3 2 1 2 5995 6073 6074 5996
5957 3 2 1 2 5996 6074 6075 5997
5958 3 2 1 2 5997 6075 6076 5998
5959 3 2 1 2 5998 6076 6077 5999
5960 3 2 1 2 5999 6077 6078 6000
5961 3 2 1 2 6000 6078 6079 6001
5962 3 2 1 2 6001 6079 6080 6002
5963 3 2 1 2 6002 6080 6081 6003
5964 3 2 1 2 6003 6081 6082 6004
5965 3 2 1 2 6004 6082 6083 6005
5966 3 2 1 2 6005 6083 6084 6006
5967 3 2 1 2 6006 6084 6085 6007
5968 3 2 1 2 6007 6085 6086 6008
5969 3 2 1 2 6008 6086 6087 6009
5970 3 2 1 2 6009 6087 6088 6010
5971 3 2 1 2 6010 6088 6089 6011
5972 3 2 1 2 6011 6089 6090 6012
5973 3 2 1 2 6012 6090 6091 6013
5974 3 2 1 2 6013 6091 6092 6014
5975 3 2 1 2 6014 6092 6093 6015
5976 3 2 1 2 6015 6093 6094 6016
5977 3 2 1 2 6016 6094 6095 6017
5978 3 2 1 2 6017 6095 6096 6018
5979 3 2 1 2 6018 6096 6097 6019
5980 3 2 1 2 6019 6097 6098 6020
5981 3 2 1 2 6020 6098 6099 6021
5982 3 2 1 2 6021 6099 6100 6022
5983 3 2 1 2 6022 6100 6101 6023
5984 3 2 1 2 6023 6101 6102 6024
5985 3 2 1 2 6024 6102 6103 6025
5986 3 2 1 2 6025 6103 6104 6026
5987 3 2 1 2 6026 6104 6105 6027
5988 3 2 1 2 6027 6105 6106 6028
5989 3 2 1 2 6028 6106 6107 6029
5990 3 2 1 2 6029 6107 6108 6030
5991 3 2 1 2 6030 6108 6109 6031
5992 3 2 1 2 6031 6109 6110 6032
5993 3 2 1 2 6032 6110 6111 6033
5994 3 2 1 2 6033 6111 6112 6034
5995 3 2 1 2 6034 6112 6113 6035
5996 3 2 1 2 6035 6113 6114 6036
5997 3 2 1 2 6036 6114 6115 6037
5998 3 2 1 2 6037 6115 6116 6038
5999 3 2 1 2 6038 6116 6117 6039
6000 3 2 1 2 6039 6117 6118 6040
6001 3 2 1 2 6040 6118 6119 6041
6002 3 2 1 2 6041 6119 6120 6042
6003 3 2 1 2 6042 6120 6121 6043
6004 3 2 1 2 6043 6121 6122 6044
6005 3 2 1 2 6044 6122 6123 6045
6006 3 2 1 2 6045 6123 6124 6046
6007 3 2 1 2 6046 6124 6125 6047
6008 3 2 1 2 6047 6125 6126 6048
6009 3 2 1 2 6048 6126 6127 6049
6010 3 2 1 2 6049 6127 6128 6050
6011 3 2 1 2 6050 6128 6129 6051
6012 3 2 1 2 6051 6129 6130 6052
6013 3 2 1 2 6052 6130 6131 6053
6014 3 2 1 2 6053 6131 6132 6054
6015 3 2 1 2 6054 6132 279 280
6016 3 2 1 2 113 112 6133 6055
6017 3 2 1 2 6055 6133 6134 6056
6018 3 2 1 2 6056 6134 6135 6057
6019 3 2 1 2 6057 6135 6136 6058
6020 3 2 1 2 6058 6136 6137 6059
6021 3 2 1 2 6059 6137 6138 6060
6022 3 2 1 2 6060 6138 6139 6061
6023 3 2 1 2 6061 6139 6140 6062
6024 3 2 1 2 6062 6140 6141 6063
6025 3 2 1 2 6063 6141 6142 6064
6026 3 2 1 2 6064 6142 6143 6065
6027 3 2 1 2 6065 6143 6144 6066
6028 3 2 1 2 6066 6144 6145 6067
6029 3 2 1 2 6067 6145 6146 6068
6030 3 2 1 2 6068 6146 6147 6069
6031 3 2 1 2 6069 6147 6148 6070
6032 3 2 1 2 6070 6148 6149 6071
6033 3 2 1 2 6071 6149 6150 6072
6034 3 2 1 2 6072 6150 6151 6073
6035 3 2 1 2 6073 6151 6152 6074
6036 3 2 1 2 6074 6152 6153 6075
6037 3 2 1 2 6075 6153 6154 6076
6038 3 2 1 2 6076 6154 6155 6077
6039 3 2 1 2 6077 6155 6156 6078
6040 3 2 1 2 6078 6156 6157 6079
6041 3 2 1 2 6079 6157 6158 6080
6042 3 2 1 2 6080 6158 6159 6081
6043 3 2 1 2 6081 6159 6160 6082
6044 3 2 1 2 6082 6160 6161 6083
6045 3 2 1 2 6083 6161 6162 6084
6046 3 2 1 2 6084 6162 6163 6085
6047 3 2 1 2 6085 6163 6164 6086
6048 3 2 1 2 6086 6164 6165 6087
6049 3 2 1 2 6087 6165 6166 6088
6050 3 2 1 2 6088 6166 6167 6089
6051 3 2 1 2 6089 6167 6168 6090
6052 3 2 1 2 6090 6168 6169 6091
6053 3 2 1 2 6091 6169 6170 6092
6054 3 2 1 2 6092 6170 6171 6093
6055 3 2 1 2 6093 6171 6172 6094
6056 3 2 1 2 6094 6172 6173 6095
6057 3 2 1 2 6095 6173 6174 6096
6058 3 2 1 2 6096 6174 6175 6097
6059 3 2 1 2 6097 6175 6176 6098
6060 3 2 1 2 6098 6176 6177 6099
6061 3 2 1 2 6099 6177 6178 6100
6062 3 2 1 2 6100 6178 6179 6101
6063 3 2 1 2 6101 6179 6180 6102
6064 3 2 1 2 6102 6180 6181 6103
6065 3 2 1 2 6103 6181 6182 6104
6066 3 2 1 2 6104 6182 6183 6105
6067 3 2 1 2 6105 6183 6184 6106
6068 3 2 1 2 6106 6184 6185 6107
6069 3 2 1 2 6107 6185 6186 6108
6070 3 2 1 2 6108 6186 6187 6109
6071 3 2 1 2 6109 6187 6188 6110
6072 3 2 1 2 6110 6188 6189 6111
6073 3 2 1 2 6111 6189 6190 6112
6074 3 2 1 2 6112 6190 6191 6113
6075 3 2 1 2 6113 6191 6192 6114
6076 3 2 1 2 6114 6192 6193 6115
6077 3 2 1 2 6115 6193 6194 6116
6078 3 2 1 2 6116 6194 6195 6117
6079 3 2 1 2 6117 6195 6196 6118
6080 3 2 1 2 6118 6196 6197 6119
6081 3 2 1 2 6119 6197 6198 6120
6082 3 2 1 2 6120 6198 6199 6121
6083 3 2 1 2 6121 6199 6200 6122
6084 3 2 1 2 6122 6200 6201 6123
6085 3 2 1 2 6123 6201 6202 6124
6086 3 2 1 2 6124 6202 6203 6125
6087 3 2 1 2 6125 6203 6204 6126
6088 3 2 1 2 6126 6204 6205 6127
6089 3 2 1 2 6127 6205 6206 6128
6090 3 2 1 2 6128 6206 6207 6129
6091 3 2 1 2 6129 6207 6208 6130
6092 3 2 1 2 6130 6208 6209 6131
6093 3 2 1 2 6131 6209 6210 6132
6094 3 2 1 2 6132 6210 278 279
6095 3 2 1 2 112 111 6211 6133
6096 3 2 1 2 6133 6211 6212 6134
6097 3 2 1 2 6134 6212 6213 6135
6098 3 2 1 2 6135 6213 6214 6136
6099 3 2 1 2 6136 6214 6215 6137
6100 3 2 1 2 6137 6215 6216 6138
6101 3 2 1 2 6138 6216 6217 6139
6102 3 2 1 2 6139 6217 6218 6140
6103 3 2 1 2 6140 6218 6219 6141
6104 3 2 1 2 6141 6219 6220 6142
6105 3 2 1 2 6142 6220 6221 6143
6106 3 2 1 2 6143 6221 6222 6144
6107 3 2 1 2 6144 6222 6223 6145
6108 3 2 1 2 6145 6223 6224 6146
6109 3 2 1 2 6146 6224 6225 6147
6110 3 2 1 2 6147 6225 6226 6148
6111 3 2 1 2 6148 6226 6227 6149
6112 3 2 1 2 6149 6227 6228 6150
6113 3 2 1 2 6150 6228 6229 6151
6114 3 2 1 2 6151 6229 6230 6152
6115 3 2 1 2 6152 6230 6231 6153
6116 3 2 1 2 6153 6231 6232 6154
6117 3 2 1 2 6154 6232 6233 6155
6118 3 2 1 2 6155 6233 6234 6156
6119 3 2 1 2 6156 6234 6235 6157
6120 3 2 1 2 6157 6235 6236 6158
6121 3 2 1 2 6158 6236 6237 6159
6122 3 2 1 2 6159 6237 6238 6160
6123 3 2 1 2 6160 6238 6239 6161
6124 3 2 1 2 6161 6239 6240 6162
6125 3 2 1 2 6162 6240 6241 6163
6126 3 2 1 2 6163 6241 6242 6164
6127 3 2 1 2 6164 6242 6243 6165
6128 3 2 1 2 6165 6243 6244 6166
6129 3 2 1 2 6166 6244 6245 6167
6130 3 2 1 2 6167 6245 6246 6168
6131 3 2 1 2 6168 6246 6247 6169
6132 3 2 1 2 6169 6247 6248 6170
6133 3 2 1 2 6170 6248 6249 6171
6134 3 2 1 2 6171 6249 6250 6172
6135 3 2 1 2 6172 6250 6251 6173
6136 3 2 1 2 6173 6251 6252 6174
6137 3 2 1 2 6174 6252 6253 6175
6138 3 2 1 2 6175 6253 6254 6176
6139 3 2 1 2 6176 6254 6255 6177
6140 3 2 1 2 6177 6255 6256 6178
6141 3 2 1 2 6178 6256 6257 6179
6142 3 2 1 2 6179 6257 6258 6180
6143 3 2 1 2 6180 6258 6259 6181
6144 3 2 1 2 6181 6259 6260 6182
6145 3 2 1 2 6182 6260 6261 6183
6146 3 2 1 2 6183 6261 6262 6184
6147 3 2 1 2 6184 6262 6263 6185
6148 3 2 1 2 6185 6263 6264 6186
6149 3 2 1 2 6186 6264 6265 6187
6150 3 2 1 2 6187 6265 6266 6188
6151 3 2 1 2 6188 6266 6267 6189
6152 3 2 1 2 6189 6267 6268 6190
6153 3 2 1 2 6190 6268 6269 6191
6154 3 2 1 2 6191 6269 6270 6192
6155 3 2 1 2 6192 6270 6271 6193
6156 3 2 1 2 6193 6271 6272 6194
6157 3 2 1 2 6194 6272 6273 6195
6158 3 2 1 2 6195 6273 6274 6196
6159 3 2 1 2 6196 6274 6275 6197
6160 3 2 1 2 6197 6275 6276 6198
6161 3 2 1 2 6198 6276 6277 6199
6162 3 2 1 2 6199 6277 6278 6200
6163 3 2 1 2 6200 6278 6279 6201
6164 3 2 1 2 6201 6279 6280 6202
6165 3 2 1 2 6202 6280 6281 6203
6166 3 2 1 2 6203 6281 6282 6204
6167 3 2 1 2 6204 6282 6283 6205
6168 3 2 1 2 6205 6283 6284 6206
6169 3 2 1 2 6206 6284 6285 6207
6170 3 2 1 2 6207 6285 6286 6208
6171 3 2 1 2 6208 6286 6287 6209
6172 3 2 1 2 6209 6287 6288 6210
6173 3 2 1 2 6210 6288 277 278
6174 3 2 1 2 111 110 6289 6211
6175 3 2 1 2 6211 6289 6290 6212
6176 3 2 1 2 6212 6290 6291 6213
6177 3 2 1 2 6213 6291 6292 6214
6178 3 2 1 2 6214 6292 6293 6215
6179 3 2 1 2 6215 6293 6294 6216
6180 3 2 1 2 6216 6294 6295 6217
6181 3 2 1 2 6217 6295 6296 6218
6182 3 2 1 2 6218 6296 6297 6219
6183 3 2 1 2 6219 6297 6298 6220
6184 3 2 1 2 6220 6298 6299 6221
6185 3 2 1 2 6221 6299 6300 6222
6186 3 2 1 2 6222 6300 6301 6223
6187 3 2 1 2 6223 6301 6302 6224
6188 3 2 1 2 6224 6302 6303 6225
6189 3 2 1 2 6225 6303 6304 6226
6190 3 2 1 2 6226 6304 6305 6227
6191 3 2 1 2 6227 6305 6306 6228
6192 3 2 1 2 6228 6306 6307 6229
6193 3 2 1 2 6229 6307 6308 6230
6194 3 2 1 2 6230 6308 6309 6231
6195 3 2 1 2 6231 6309 6310 6232
6196 3 2 1 2 6232 6310 6311 6233
6197 3 2 1 2 6233 6311 6312 6234
6198 3 2 1 2 6234 6312 6313 6235
6199 3 2 1 2 6235 6313 6314 6236
6200 3 2 1 2 6236 6314 6315 6237
6201 3 2 1 2 6237 6315 6316 6238
6202 3 2 1 2 6238 6316 6317 6239
6203 3 2 1 2 6239 6317 6318 6240
6204 3 2 1 2 6240 6318 6319 6241
6205 3 2 1 2 6241 6319 6320 6242
6206 3 2 1 2 6242 6320 6321 6243
6207 3 2 1 2 6243 6321 6322 6244
6208 3 2 1 2 6244 6322 6323 6245
6209 3 2 1 2 6245 6323 6324 6246
6210 3 2 1 2 6246 6324 6325 6247
6211 3 2 1 2 6247 6325 6326 6248
6212 3 2 1 2 6248 6326 6327 6249
6213 3 2 1 2 6249 6327 6328 6250
6214 3 2 1 2 6250 6328 6329 6251
6215 3 2 1 2 6251 6329 6330 6252
6216 3 2 1 2 6252 6330 6331 6253
6217 3 2 1 2 6253 6331 6332 6254
6218 3 2 1 2 6254 6332 6333 6255
6219 3 2 1 2 6255 6333 6334 6256
6220 3 2 1 2 6256 6334 6335 6257
6221 3 2 1 2 6257 6335 6336 6258
6222 3 2 1 2 6258 6336 6337 6259
6223 3 2 1 2 6259 6337 6338 6260
6224 3 2 1 2 6260 6338 6339 6261
6225 3 2 1 2 6261 6339 6340 6262
6226 3 2 1 2 6262 6340 6341 6263
6227 3 2 1 2 6263 6341 6342 6264
6228 3 2 1 2 6264 6342 6343 6265
6229 3 2 1 2 6265 6343 6344 6266
6230 3 2 1 2 6266 6344 6345 6267
6231 3 2 1 2 6267 6345 6346 6268
6232 3 2 1 2 6268 6346 6347 6269
6233 3 2 1 2 6269 6347 6348 6270
6234 3 2 1 2 6270 6348 6349 6271
6235 3 2 1 2 6271 6349 6350 6272
6236 3 2 1 2 6272 6350 6351 6273
6237 3 2 1 2 6273 6351 6352 6274
6238 3 2 1 2 6274 6352 6353 6275
6239 3 2 1 2 6275 6353 6354 6276
6240 3 2 1 2 6276 6354 6355 6277
6241 3 2 1 2 6277 6355 6356 6278
6242 3 2 1 2 6278 6356 6357 6279
6243 3 2 1 2 6279 6357 6358 6280
6244 3 2 1 2 6280 6358 6359 6281
6245 3 2 1 2 6281 6359 6360 6282
6246 3 2 1 2 6282 6360 6361 6283
6247 3 2 1 2 6283 6361 6362 6284
6248 3 2 1 2 6284 6362 6363 6285
6249 3 2 1 2 6285 6363 6364 6286
6250 3 2 1 2 6286 6364 6365 6287
6251 3 2 1 2 6287 6365 6366 6288
6252 3 2 1 2 6288 6366 276 277
6253 3 2 1 2 110 109 6367 6289
6254 3 2 1 2 6289 6367 6368 6290
6255 3 2 1 2 6290 6368 6369 6291
6256 3 2 1 2 6291 6369 6370 6292
6257 3 2 1 2 6292 6370 6371 6293
6258 3 2 1 2 6293 6371 6372 6294
6259 3 2 1 2 6294 6372 6373 6295
6260 3 2 1 2 6295 6373 6374 6296
6261 3 2 1 2 6296 6374 6375 6297
6262 3 2 1 2 6297 6375 6376 6298
6263 3 2 1 2 6298 6376 6377 6299
6264 3 2 1 2 6299 6377 6378 6300
6265 3 2 1 2 6300 6378 6379 6301
6266 3 2 1 2 6301 6379 6380 6302
6267 3 2 1 2 6302 6380 6381 6303
6268 3 2 1 2 6303 6381 6382 6304
6269 3 2 1 2 6304 6382 6383 6305
6270 3 2 1 2 6305 6383 6384 6306
6271 3 2 1 2 6306 6384 6385 6307
6272 3 2 1 2 6307 6385 6386 6308
6273 3 2 1 2 6308 6386 6387 6309
6274 3 2 1 2 6309 6387 6388 6310
6275 3 2 1 2 6310 6388 6389 6311
6276 3 2 1 2 6311 6389 6390 6312
6277 3 2 1 2 6312 6390 6391 6313
6278 3 2 1 2 6313 6391 6392 6314
6279 3 2 1 2 6314 6392 6393 6315
6280 3 2 1 2 6315 6393 6394 6316
6281 3 2 1 2 6316 6394 6395 6317
6282 3 2 1 2 6317 6395 6396 6318
6283 3 2 1 2 6318 6396 6397 6319
6284 3 2 1 2 6319 6397 6398 6320
6285 3 2 1 2 6320 6398 6399 6321
6286 3 2 1 2 6321 6399 6400 6322
6287 3 2 1 2 6322 6400 6401 6323
6288 3 2 1 2 6323 6401 6402 6324
6289 3 2 1 2 6324 6402 6403 6325
6290 3 2 1 2 6325 6403 6404 6326
6291 3 2 1 2 6326 6404 6405 6327
6292 3 2 1 2 6327 6405 6406 6328
6293 3 2 1 2 6328 6406 6407 6329
6294 3 2 1 2 6329 6407 6408 6330
6295 3 2 1 2 6330 6408 6409 6331
6296 3 2 1 2 6331 6409 6410 6332
6297 3 2 1 2 6332 6410 6411 6333
6298 3 2 1 2 6333 6411 6412 6334
6299 3 2 1 2 6334 6412 6413 6335
6300 3 2 1 2 6335 6413 6414 6336
6301 3 2 1 2 6336 6414 6415 6337
6302 3 2 1 2 6337 6415 6416 6338
6303 3 2 1 2 6338 6416 6417 6339
6304 3 2 1 2 6339 6417 6418 6340
6305 3 2 1 2 6340 6418 6419 6341
6306 3 2 1 2 6341 6419 6420 6342
6307 3 2 1 2 6342 6420 6421 6343
6308 3 2 1 2 6343 6421 6422 6344
6309 3 2 1 2 6344 6422 6423 6345
6310 3 2 1 2 6345 6423 6424 6346
6311 3 2 1 2 6346 6424 6425 6347
6312 3 2 1 2 6347 6425 6426 6348
6313 3 2 1 2 6348 6426 6427 6349
6314 3 2 1 2 6349 6427 6428 6350
6315 3 2 1 2 6350 6428 6429 6351
6316 3 2 1 2 6351 6429 6430 6352
6317 3 2 1 2 6352 6430 6431 6353
6318 3 2 1 2 6353 6431 6432 6354
6319 3 2 1 2 6354 6432 6433 6355
6320 3 2 1 2 6355 6433 6434 6356
6321 3 2 1 2 6356 6434 6435 6357
6322 3 2 1 2 6357 6435 6436 6358
6323 3 2 1 2 6358 6436 6437 6359
6324 3 2 1 2 6359 6437 6438 6360
6325 3 2 1 2 6360 6438 6439 6361
6326 3 2 1 2 6361 6439 6440 6362
6327 3 2 1 2 6362 6440 6441 6363
6328 3 2 1 2 6363 6441 6442 6364
6329 3 2 1 2 6364 6442 6443 6365
6330 3 2 1 2 6365 6443 6444 6366
6331 3 2 1 2 6366 6444 275 276
6332 3 2 1 2 109 108 6445 6367
6333 3 2 1 2 6367 6445 6446 6368
6334 3 2 1 2 6368 6446 6447 6369
6335 3 2 1 2 6369 6447 6448 6370
6336 3 2 1 2 6370 6448 6449 6371
6337 3 2 1 2 6371 6449 6450 6372
6338 3 2 1 2 6372 6450 6451 6373
6339 3 2 1 2 6373 6451 6452 6374
6340 3 2 1 2 6374 6452 6453 6375
6341 3 2 1 2 6375 6453 6454 6376
6342 3 2 1 2 6376 6454 6455 6377
6343 3 2 1 2 6377 6455 6456 6378
6344 3 2 1 2 6378 6456 6457 6379
6345 3 2 1 2 6379 6457 6458 6380
6346 3 2 1 2 6380 6458 6459 6381
6347 3 2 1 2 6381 6459 6460 6382
6348 3 2 1 2 6382 6460 6461 6383
6349 3 2 1 2 6383 6461 6462 6384
6350 3 2 1 2 6384 6462 6463 6385
6351 3 2 1 2 6385 6463 6464 6386
6352 3 2 1 2 6386 6464 6465 6387
6353 3 2 1 2 6387 6465 6466 6388
6354 3 2 1 2 6388 6466 6467 6389
6355 3 2 1 2 6389 6467 6468 6390
6356 3 2 1 2 6390 6468 6469 6391
6357 3 2 1 2 6391 6469 6470 6392
6358 3 2 1 2 6392 6470 6471 6393
6359 3 2 1 2 6393 6471 6472 6394
6360 3 2 1 2 6394 6472 6473 6395
6361 3 2 1 2 6395 6473 6474 6396
6362 3 2 1 2 6396 6474 6475 6397
6363 3 2 1 2 6397 6475 6476 6398
6364 3 2 1 2 6398 6476 6477 6399
6365 3 2 1 2 6399 6477 6478 6400
6366 3 2 1 2 6400 6478 6479 6401
6367 3 2 1 2 6401 6479 6480 6402
6368 3 2 1 2 6402 6480 6481 6403
6369 3 2 1 2 6403 6481 6482 6404
6370 3 2 1 2 6404 6482 6483 6405
6371 3 2 1 2 6405 6483 6484 6406
6372 3 2 1 2 6406 6484 6485 6407
6373 3 2 1 2 6407 6485 6486 6408
6374 3 2 1 2 6408 6486 6487 6409
6375 3 2 1 2 6409 6487 6488 6410
6376 3 2 1 2 6410 6488 6489 6411
6377 3 2 1 2 6411 6489 6490 6412
6378 3 2 1 2 6412 6490 6491 6413
6379 3 2 1 2 6413 6491 6492 6414
6380 3 2 1 2 6414 6492 6493 6415
6381 3 2 1 2 6415 6493 6494 6416
6382 3 2 1 2 6416 6494 6495 6417
6383 3 2 1 2 6417 6495 6496 6418
6384 3 2 1 2 6418 6496 6497 6419
6385 3 2 1 2 6419 6497 6498 6420
6386 3 2 1 2 6420 6498 6499 6421
6387 3 2 1 2 6421 6499 6500 6422
6388 3 2 1 2 6422 6500 6501 6423
6389 3 2 1 2 6423 6501 6502 6424
6390 3 2 1 2 6424 6502 6503 6425
6391 3 2 1 2 6425 6503 6504 6426
6392 3 2 1 2 6426 6504 6505 6427
6393 3 2 1 2 6427 6505 6506 6428
6394 3 2 1 2 6428 6506 6507 6429
6395 3 2 1 2 6429 6507 6508 6430
6396 3 2 1 2 6430 6508 6509 6431
6397 3 2 1 2 6431 6509 6510 6432
6398 3 2 1 2 6432 6510 6511 6433
6399 3 2 1 2 6433 6511 6512 6434
6400 3 2 1 2 6434 6512 6513 6435
6401 3 2 1 2 6435 6513 6514 6436
6402 3 2 1 2 6436 6514 6515 6437
6403 3 2 1 2 6437 6515 6516 6438
6404 3 2 1 2 6438 6516 6517 6439
6405 3 2 1 2 6439 6517 6518 6440
6406 3 2 1 2 6440 6518 6519 6441
6407 3 2 1 2 6441 6519 6520 6442
6408 3 2 1 2 6442 6520 6521 6443
6409 3 2 1 2 6443 6521 6522 6444
6410 3 2 1 2 6444 6522 274 275
6411 3 2 1 2 108 107 6523 6445
6412 3 2 1 2 6445 6523 6524 6446
6413 3 2 1 2 6446 6524 6525 6447
6414 3 2 1 2 6447 6525 6526 6448
6415 3 2 1 2 6448 6526 6527 6449
6416 3 2 1 2 6449 6527 6528 6450
6417 3 2 1 2 6450 6528 6529 6451
6418 3 2 1 2 6451 6529 6530 6452
6419 3 2 1 2 6452 6530 6531 6453
6420 3 2 1 2 6453 6531 6532 6454
6421 3 2 1 2 6454 6532 6533 6455
6422 3 2 1 2 6455 6533 6534 6456
6423 3 2 1 2 6456 6534 6535 6457
6424 3 2 1 2 6457 6535 6536 6458
6425 3 2 1 2 6458 6536 6537 6459
6426 3 2 1 2 6459 6537 6538 6460
6427 3 2 1 2 6460 6538 6539 6461
6428 3 2 1 2 6461 6539 6540 6462
6429 3 2 1 2 6462 6540 6541 6463
6430 3 2 1 2 6463 6541 6542 6464
6431 3 2 1 2 6464 6542 6543 6465
6432 3 2 1 2 6465 6543 6544 6466
6433 3 2 1 2 6466 6544 6545 6467
6434 3 2 1 2 6467 6545 6546 6468
6435 3 2 1 2 6468 6546 6547 6469
6436 3 2 1 2 6469 6547 6548 6470
6437 3 2 1 2 6470 6548 6549 6471
6438 3 2 1 2 6471 6549 6550 6472
6439 3 2 1 2 6472 6550 6551 6473
6440 3 2 1 2 6473 6551 6552 6474
6441 3 2 1 2 6474 6552 6553 6475
6442 3 2 1 2 6475 6553 6554 6476
6443 3 2 1 2 6476 6554 6555 6477
6444 3 2 1 2 6477 6555 6556 6478
6445 3 2 1 2 6478 6556 6557 6479
6446 3 2 1 2 6479 6557 6558 6480
6447 3 2 1 2 6480 6558 6559 6481
6448 3 2 1 2 6481 6559 6560 6482
6449 3 2 1 2 6482 6560 6561 6483
6450 3 2 1 2 6483 6561 6562 6484
6451 3 2 1 2 6484 6562 6563 6485
6452 3 2 1 2 6485 6563 6564 6486
6453 3 2 1 2 6486 6564 6565 6487
6454 3 2 1 2 6487 6565 6566 6488
6455 3 2 1 2 6488 6566 6567 6489
6456 3 2 1 2 6489 6567 6568 6490
6457 3 2 1 2 6490 6568 6569 6491
6458 3 2 1 2 6491 6569 6570 6492
6459 3 2 1 2 6492 6570 6571 6493
6460 3 2 1 2 6493 6571 6572 6494
6461 3 2 1 2 6494 6572 6573 6495
6462 3 2 1 2 6495 6573 6574 6496
6463 3 2 1 2 6496 6574 6575 6497
6464 3 2 1 2 6497 6575 6576 6498
6465 3 2 1 2 6498 6576 6577 6499
6466 3 2 1 2 6499 6577 6578 6500
6467 3 2 1 2 6500 6578 6579 6501
6468 3 2 1 2 6501 6579 6580 6502
6469 3 2 1 2 6502 6580 6581 6503
6470 3 2 1 2 6503 6581 6582 6504
6471 3 2 1 2 6504 6582 6583 6505
6472 3 2 1 2 6505 6583 6584 6506
6473 3 2 1 2 6506 6584 6585 6507
6474 3 2 1 2 6507 6585 6586 6508
6475 3 2 1 2 6508 6586 6587 6509
6476 3 2 1 2 6509 6587 6588 6510
6477 3 2 1 2 6510 6588 6589 6511
6478 3 2 1 2 6511 6589 6590 6512
6479 3 2 1 2 6512 6590 6591 6513
6480 3 2 1 2 6513 6591 6592 6514
6481 3 2 1 2 6514 6592 6593 6515
6482 3 2 1 2 6515 6593 6594 6516
6483 3 2 1 2 6516 6594 6595 6517
6484 3 2 1 2 6517 6595 6596 6518
6485 3 2 1 2 6518 6596 6597 6519
6486 3 2 1 2 6519 6597 6598 6520
6487 3 2 1 2 6520 6598 6599 6521
6488 3 2 1 2 6521 6599 6600 6522
6489 3 2 1 2 6522 6600 273 274
6490 3 2 1 2 107 106 6601 6523
6491 3 2 1 2 6523 6601 6602 6524
6492 3 2 1 2 6524 6602 6603 6525
6493 3 2 1 2 6525 6603 6604 6526
6494 3 2 1 2 6526 6604 6605 6527
6495 3 2 1 2 6527 6605 6606 6528
6496 3 2 1 2 6528 6606 6607 6529
6497 3 2 1 2 6529 6607 6608 6530
6498 3 2 1 2 6530 6608 6609 6531
6499 3 2 1 2 6531 6609 6610 6532
6500 3 2 1 2 6532 6610 6611 6533
6501 3 2 1 2 6533 6611 6612 6534
6502 3 2 1 2 6534 6612 6613 6535
6503 3 2 1 2 6535 6613 6614 6536
6504 3 2 1 2 6536 6614 6615 6537
6505 3 2 1 2 6537 6615 6616 6538
6506 3 2 1 2 6538 6616 6617 6539
6507 3 2 1 2 6539 6617 6618 6540
6508 3 2 1 2 6540 6618 6619 6541
6509 3 2 1 2 6541 6619 6620 6542
6510 3 2 1 2 6542 6620 6621 6543
6511 3 2 1 2 6543 6621 6622 6544
6512 3 2 1 2 6544 6622 6623 6545
6513 3 2 1 2 6545 6623 6624 6546
6514 3 2 1 2 6546 6624 6625 6547
6515 3 2 1 2 6547 6625 6626 6548
6516 3 2 1 2 6548 6626 6627 6549
6517 3 2 1 2 6549 6627 6628 6550
6518 3 2 1 2 6550 6628 6629 6551
6519 3 2 1 2 6551 6629 6630 6552
6520 3 2 1 2 6552 6630 6631 6553
6521 3 2 1 2 6553 6631 6632 6554
6522 3 2 1 2 6554 6632 6633 6555
6523 3 2 1 2 6555 6633 6634 6556
6524 3 2 1 2 6556 6634 6635 6557
6525 3 2 1 2 6557 6635 6636 6558
6526 3 2 1 2 6558 6636 6637 6559
6527 3 2 1 2 6559 6637 6638 6560
6528 3 2 1 2 6560 6638 6639 6561
6529 3 2 1 2 6561 6639 6640 6562
6530 3 2 1 2 6562 6640 6641 6563
6531 3 2 1 2 6563 6641 6642 6564
6532 3 2 1 2 6564 6642 6643 6565
6533 3 2 1 2 6565 6643 6644 6566
6534 3 2 1 2 6566 6644 6645 6567
6535 3 2 1 2 6567 6645 6646 6568
6536 3 2 1 2 6568 6646 6647 6569
6537 3 2 1 2 6569 6647 6648 6570
6538 3 2 1 2 6570 6648 6649 6571
6539 3 2 1 2 6571 6649 6650 6572
6540 3 2 1 2 6572 6650 6651 6573
6541 3 2 1 2 6573 6651 6652 6574
6542 3 2 1 2 6574 6652 6653 6575
6543 3 2 1 2 6575 6653 6654 6576
6544 3 2 1 2 6576 6654 6655 6577
6545 3 2 1 2 6577 6655 6656 6578
6546 3 2 1 2 6578 6656 6657 6579
6547 3 2 1 2 6579 6657 6658 6580
6548 3 2 1 2 6580 6658 6659 6581
6549 3 2 1 2 6581 6659 6660 6582
6550 3 2 1 2 6582 6660 6661 6583
6551 3 2 1 2 6583 6661 6662 6584
6552 3 2 1 2 6584 6662 6663 6585
6553 3 2 1 2 6585 6663 6664 6586
6554 3 2 1 2 6586 6664 6665 6587
6555 3 2 1 2 6587 6665 6666 6588
6556 3 2 1 2 6588 6666 6667 6589
6557 3 2 1 2 6589 6667 6668 6590
6558 3 2 1 2 6590 6668 6669 6591
6559 3 2 1 2 6591 6669 6670 6592
6560 3 2 1 2 6592 6670 6671 6593
6561 3 2 1 2 6593 6671 6672 6594
6562 3 2 1 2 6594 6672 6673 6595
6563 3 2 1 2 6595 6673 6674 6596
6564 3 2 1 2 6596 6674 6675 6597
6565 3 2 1 2 6597 6675 6676 6598
6566 3 2 1 2 6598 6676 6677 6599
6567 3 2 1 2 6599 6677 6678 6600
6568 3 2 1 2 6600 6678 272 273
6569 3 2 1 2 106 105 6679 6601
6570 3 2 1 2 6601 6679 6680 6602
6571 3 2 1 2 6602 6680 6681 6603
6572 3 2 1 2 6603 6681 6682 6604
6573 3 2 1 2 6604 6682 6683 6605
6574 3 2 1 2 6605 6683 6684 6606
6575 3 2 1 2 6606 6684 6685 6607
6576 3 2 1 2 6607 6685 6686 6608
6577 3 2 1 2 6608 6686 6687 6609
6578 3 2 1 2 6609 6687 6688 6610
6579 3 2 1 2 6610 6688 6689 6611
6580 3 2 1 2 6611 6689 6690 6612
6581 3 2 1 2 6612 6690 6691 6613
6582 3 2 1 2 6613 6691 6692 6614
6583 3 2 1 2 6614 6692 6693 6615
6584 3 2 1 2 6615 6693 6694 6616
6585 3 2 1 2 6616 6694 6695 6617
6586 3 2 1 2 6617 6695 6696 6618
6587 3 2 1 2 6618 6696 6697 6619
6588 3 2 1 2 6619 6697 6698 6620
6589 3 2 1 2 6620 6698 6699 6621
6590 3 2 1 2 6621 6699 6700 6622
6591 3 2 1 2 6622 6700 6701 6623
6592 3 2 1 2 6623 6701 6702 6624
6593 3 2 1 2 6624 6702 6703 6625
6594 3 2 1 2 6625 6703 6704 6626
6595 3 2 1 2 6626 6704 6705 6627
6596 3 2 1 2 6627 6705 6706 6628
6597 3 2 1 2 6628 6706 6707 6629
6598 3 2 1 2 6629 6707 6708 6630
6599 3 2 1 2 6630 6708 6709 6631
6600 3 2 1 2 6631 6709 6710 6632
6601 3 2 1 2 6632 6710 6711 6633
6602 3 2 1 2 6633 6711 6712 6634
6603 3 2 1 2 6634 6712 6713 6635
6604 3 2 1 2 6635 6713 6714 6636
6605 3 2 1 2 6636 6714 6715 6637
6606 3 2 1 2 6637 6715 6716 6638
6607 3 2 1 2 6638 6716 6717 6639
6608 3 2 1 2 6639 6717 6718 6640
6609 3 2 1 2 6640 6718 6719 6641
6610 3 2 1 2 6641 6719 6720 6642
6611 3 2 1 2 6642 6720 6721 6643
6612 3 2 1 2 6643 6721 6722 6644
6613 3 2 1 2 6644 6722 6723 6645
6614 3 2 1 2 6645 6723 6724 6646
6615 3 2 1 2 6646 6724 6725 6647
6616 3 2 1 2 6647 6725 6726 6648
6617 3 2 1 2 6648 6726 6727 6649
6618 3 2 1 2 6649 6727 6728 6650
6619 3 2 1 2 6650 6728 6729 6651
6620 3 2 1 2 6651 6729 6730 6652
6621 3 2 1 2 6652 6730 6731 6653
6622 3 2 1 2 6653 6731 6732 6654
6623 3 2 1 2 6654 6732 6733 6655
6624 3 2 1 2 6655 6733 6734 6656
6625 3 2 1 2 6656 6734 6735 6657
6626 3 2 1 2 6657 6735 6736 6658
6627 3 2 1 2 6658 6736 6737 6659
6628 3 2 1 2 6659 6737 6738 6660
6629 3 2 1 2 6660 6738 6739 6661
6630 3 2 1 2 6661 6739 6740 6662
6631 3 2 1 2 6662 6740 6741 6663
6632 3 2 1 2 6663 6741 6742 6664
6633 3 2 1 2 6664 6742 6743 6665
6634 3 2 1 2 6665 6743 6744 6666
6635 3 2 1 2 6666 6744 6745 6667
6636 3 2 1 2 6667 6745 6746 6668
6637 3 2 1 2 6668 6746 6747 6669
6638 3 2 1 2 6669 6747 6748 6670
6639 3 2 1 2 6670 6748 6749 6671
6640 3 2 1 2 6671 6749 6750 6672
6641 3 2 1 2 6672 6750 6751 6673
6642 3 2 1 2 6673 6751 6752 6674
6643 3 2 1 2 6674 6752 6753 6675
6644 3 2 1 2 6675 6753 6754 6676
6645 3 2 1 2 6676 6754 6755 6677
6646 3 2 1 2 6677 6755 6756 6678
6647 3 2 1 2 6678 6756 271 272
6648 3 2 1 2 105 104 6757 6679
6649 3 2 1 2 6679 6757 6758 6680
6650 3 2 1 2 6680 6758 6759 6681
6651 3 2 1 2 6681 6759 6760 6682
6652 3 2 1 2 6682 6760 6761 6683
6653 3 2 1 2 6683 6761 6762 6684
6654 3 2 1 2 6684 6762 6763 6685
6655 3 2 1 2 6685 6763 6764 6686
6656 3 2 1 2 6686 6764 6765 6687
6657 3 2 1 2 6687 6765 6766 6688
6658 3 2 1 2 6688 6766 6767 6689
6659 3 2 1 2 6689 6767 6768 6690
6660 3 2 1 2 6690 6768 6769 6691
6661 3 2 1 2 6691 6769 6770 6692
6662 3 2 1 2 6692 6770 6771 6693
6663 3 2 1 2 6693 6771 6772 6694
6664 3 2 1 2 6694 6772 6773 6695
6665 3 2 1 2 6695 6773 6774 6696
6666 3 2 1 2 6696 6774 6775 6697
6667 3 2 1 2 6697 6775 6776 6698
6668 3 2 1 2 6698 6776 6777 6699
6669 3 2 1 2 6699 6777 6778 6700
6670 3 2 1 2 6700 6778 6779 6701
6671 3 2 1 2 6701 6779 6780 6702
6672 3 2 1 2 6702 6780 6781 6703
6673 3 2 1 2 6703 6781 6782 6704
6674 3 2 1 2 6704 6782 6783 6705
6675 3 2 1 2 6705 6783 6784 6706
6676 3 2 1 2 6706 6784 6785 6707
6677 3 2 1 2 6707 6785 6786 6708
6678 3 2 1 2 6708 6786 6787 6709
6679 3 2 1 2 6709 6787 6788 6710
6680 3 2 1 2 6710 6788 6789 6711
6681 3 2 1 2 6711 6789 6790 6712
6682 3 2 1 2 6712 6790 6791 6713
6683 3 2 1 2 6713 6791 6792 6714
6684 3 2 1 2 6714 6792 6793 6715
6685 3 2 1 2 6715 6793 6794 6716
6686 3 2 1 2 6716 6794 6795 6717
6687 3 2 1 2 6717 6795 6796 6718
6688 3 2 1 2 6718 6796 6797 6719
6689 3 2 1 2 6719 6797 6798 6720
6690 3 2 1 2 6720 6798 6799 6721
6691 3 2 1 2 6721 6799 6800 6722
6692 3 2 1 2 6722 6800 6801 6723
6693 3 2 1 2 6723 6801 6802 6724
6694 3 2 1 2 6724 6802 6803 6725
6695 3 2 1 2 6725 6803 6804 6726
6696 3 2 1 2 6726 6804 6805 6727
6697 3 2 1 2 6727 6805 6806 6728
6698 3 2 1 2 6728 6806 6807 6729
6699 3 2 1 2 6729 6807 6808 6730
6700 3 2 1 2 6730 6808 6809 6731
6701 3 2 1 2 6731 6809 6810 6732
6702 3 2 1 2 6732 6810 6811 6733
6703 3 2 1 2 6733 6811 6812 6734
6704 3 2 1 2 6734 6812 6813 6735
6705 3 2 1 2 6735 6813 6814 6736
6706 3 2 1 2 6736 6814 6815 6737
6707 3 2 1 2 6737 6815 6816 6738
6708 3 2 1 2 6738 6816 6817 6739
6709 3 2 1 2 6739 6817 6818 6740
6710 3 2 1 2 6740 6818 6819 6741
6711 3 2 1 2 6741 6819 6820 6742
6712 3 2 1 2 6742 6820 6821 6743
6713 3 2 1 2 6743 6821 6822 6744
6714 3 2 1 2 6744 6822 6823 6745
6715 3 2 1 2 6745 6823 6824 6746
6716 3 2 1 2 6746 6824 6825 6747
6717 3 2 1 2 6747 6825 6826 6748
6718 3 2 1 2 6748 6826 6827 6749
6719 3 2 1 2 6749 6827 6828 6750
6720 3 2 1 2 6750 6828 6829 6751
6721 3 2 1 2 6751 6829 6830 6752
6722 3 2 1 2 6752 6830 6831 6753
6723 3 2 1 2 6753 6831 6832 6754
6724 3 2 1 2 6754 6832 6833 6755
6725 3 2 1 2 6755 6833 6834 6756
6726 3 2 1 2 6756 6834 270 271
6727 3 2 1 2 104 103 6835 6757
6728 3 2 1 2 6757 6835 6836 6758
6729 3 2 1 2 6758 6836 6837 6759
6730 3 2 1 2 6759 6837 6838 6760
6731 3 2 1 2 6760 6838 6839 6761
6732 3 2 1 2 6761 6839 6840 6762
6733 3 2 1 2 6762 6840 6841 6763
6734 3 2 1 2 6763 6841 6842 6764
6735 3 2 1 2 6764 6842 6843 6765
6736 3 2 1 2 6765 6843 6844 6766
6737 3 2 1 2 6766 6844 6845 6767
6738 3 2 1 2 6767 6845 6846 6768
6739 3 2 1 2 6768 6846 6847 6769
6740 3 2 1 2 6769 6847 6848 6770
6741 3 2 1 2 6770 6848 6849 6771
6742 3 2 1 2 6771 6849 6850 6772
6743 3 2 1 2 6772 6850 6851 6773
6744 3 2 1 2 6773 6851 6852 6774
6745 3 2 1 2 6774 6852 6853 6775
6746 3 2 1 2 6775 6853 6854 6776
6747 3 2 1 2 6776 6854 6855 6777
6748 3 2 1 2 6777 6855 6856 6778
6749 3 2 1 2 6778 6856 6857 6779
6750 3 2 1 2 6779 6857 6858 6780
6751 3 2 1 2 6780 6858 6859 6781
6752 3 2 1 2 6781 6859 6860 6782
6753 3 2 1 2 6782 6860 6861 6783
6754 3 2 1 2 6783 6861 6862 6784
6755 3 2 1 2 6784 6862 6863 6785
6756 3 2 1 2 6785 6863 6864 6786
6757 3 2 1 2 6786 6864 6865 6787
6758 3 2 1 2 6787 6865 6866 6788
6759 3 2 1 2 6788 6866 6867 6789
6760 3 2 1 2 6789 6867 6868 6790
6761 3 2 1 2 6790 6868 6869 6791
6762 3 2 1 2 6791 6869 6870 6792
6763 3 2 1 2 6792 6870 6871 6793
6764 3 2 1 2 6793 6871 6872 6794
6765 3 2 1 2 6794 6872 6873 6795
6766 3 2 1 2 6795 6873 6874 6796
6767 3 2 1 2 6796 6874 6875 6797
6768 3 2 1 2 6797 6875 6876 6798
6769 3 2 1 2 6798 6876 6877 6799
6770 3 2 1 2 6799 6877 6878 6800
6771 3 2 1 2 6800 6878 6879 6801
6772 3 2 1 2 6801 6879 6880 6802
6773 3 2 1 2 6802 6880 6881 6803
6774 3 2 1 2 6803 6881 6882 6804
6775 3 2 1 2 6804 6882 6883 6805
6776 3 2 1 2 6805 6883 6884 6806
6777 3 2 1 2 6806 6884 6885 6807
6778 3 2 1 2 6807 6885 6886 6808
6779 3 2 1 2 6808 6886 6887 6809
6780 3 2 1 2 6809 6887 6888 6810
6781 3 2 1 2 6810 6888 6889 6811
6782 3 2 1 2 6811 6889 6890 6812
6783 3 2 1 2 6812 6890 6891 6813
6784 3 2 1 2 6813 6891 6892 6814
6785 3 2 1 2 6814 6892 6893 6815
6786 3 2 1 2 6815 6893 6894 6816
6787 3 2 1 2 6816 6894 6895 6817
6788 3 2 1 2 6817 6895 6896 6818
6789 3 2 1 2 6818 6896 6897 6819
6790 3 2 1 2 6819 6897 6898 6820
6791 3 2 1 2 6820 6898 6899 6821
6792 3 2 1 2 6821 6899 6900 6822
6793 3 2 1 2 6822 6900 6901 6823
6794 3 2 1 2 6823 6901 6902 6824
6795 3 2 1 2 6824 6902 6903 6825
6796 3 2 1 2 6825 6903 6904 6826
6797 3 2 1 2 6826 6904 6905 6827
6798 3 2 1 2 6827 6905 6906 6828
6799 3 2 1 2 6828 6906 6907 6829
6800 3 2 1 2 6829 6907 6908 6830
6801 3 2 1 2 6830 6908 6909 6831
6802 3 2 1 2 6831 6909 6910 6832
6803 3 2 1 2 6832 6910 6911 6833
6804 3 2 1 2 6833 6911 6912 6834
6805 3 2 1 2 6834 6912 269 270
6806 3 2 1 2 103 102 6913 6835
6807 3 2 1 2 6835 6913 6914 6836
6808 3 2 1 2 6836 6914 6915 6837
6809 3 2 1 2 6837 6915 6916 6838
6810 3 2 1 2 6838 6916 6917 6839
6811 3 2 1 2 6839 6917 6918 6840
6812 3 2 1 2 6840 6918 6919 6841
6813 3 2 1 2 6841 6919 6920 6842
6814 3 2 1 2 6842 6920 6921 6843
6815 3 2 1 2 6843 6921 6922 6844
6816 3 2 1 2 6844 6922 6923 6845
6817 3 2 1 2 6845 6923 6924 6846
6818 3 2 1 2 6846 6924 6925 6847
6819 3 2 1 2 6847 6925 6926 6848
6820 3 2 1 2 6848 6926 6927 6849
6821 3 2 1 2 6849 6927 6928 6850
6822 3 2 1 2 6850 6928 6929 6851
6823 3 2 1 2 6851 6929 6930 6852
6824 3 2 1 2 6852 6930 6931 6853
6825 3 2 1 2 6853 6931 6932 6854
6826 3 2 1 2 6854 6932 6933 6855
6827 3 2 1 2 6855 6933 6934 6856
6828 3 2 1 2 6856 6934 6935 6857
6829 3 2 1 2 6857 6935 6936 6858
6830 3 2 1 2 6858 6936 6937 6859
6831 3 2 1 2 6859 6937 6938 6860
6832 3 2 1 2 6860 6938 6939 6861
6833 3 2 1 2 6861 6939 6940 6862
6834 3 2 1 2 6862 6940 6941 6863
6835 3 2 1 2 6863 6941 6942 6864
6836 3 2 1 2 6864 6942 6943 6865
6837 3 2 1 2 6865 6943 6944 6866
6838 3 2 1 2 6866 6944 6945 6867
6839 3 2 1 2 6867 6945 6946 6868
6840 3 2 1 2 6868 6946 6947 6869
6841 3 2 1 2 6869 6947 6948 6870
6842 3 2 1 2 6870 6948 6949 6871
6843 3 2 1 2 6871 6949 6950 6872
6844 3 2 1 2 6872 6950 6951 6873
6845 3 2 1 2 6873 6951 6952 6874
6846 3 2 1 2 6874 6952 6953 6875
6847 3 2 1 2 6875 6953 6954 6876
6848 3 2 1 2 6876 6954 6955 6877
6849 3 2 1 2 6877 6955 6956 6878
6850 3 2 1 2 6878 6956 6957 6879
6851 3 2 1 2 6879 6957 6958 6880
6852 3 2 1 2 6880 6958 6959 6881
6853 3 2 1 2 6881 6959 6960 6882
6854 3 2 1 2 6882 6960 6961 6883
6855 3 2 1 2 6883 6961 6962 6884
6856 3 2 1 2 6884 6962 6963 6885
6857 3 2 1 2 6885 6963 6964 6886
6858 3 2 1 2 6886 6964 6965 6887
6859 3 2 1 2 6887 6965 6966 6888
6860 3 2 1 2 6888 6966 6967 6889
6861 3 2 1 2 6889 6967 6968 6890
6862 3 2 1 2 6890 6968 6969 6891
6863 3 2 1 2 6891 6969 6970 6892
6864 3 2 1 2 6892 6970 6971 6893
6865 3 2 1 2 6893 6971 6972 6894
6866 3 2 1 2 6894 6972 6973 6895
6867 3 2 1 2 6895 6973 6974 6896
6868 3 2 1 2 6896 6974 6975 6897
6869 3 2 1 2 6897 6975 6976 6898
6870 3 2 1 2 6898 6976 6977 6899
6871 3 2 1 2 6899 6977 6978 6900
6872 3 2 1 2 6900 6978 6979 6901
6873 3 2 1 2 6901 6979 6980 6902
6874 3 2 1 2 6902 6980 6981 6903
6875 3 2 1 2 6903 6981 6982 6904
6876 3 2 1 2 6904 6982 6983 6905
6877 3 2 1 2 6905 6983 6984 6906
6878 3 2 1 2 6906 6984 6985 6907
6879 3 2 1 2 6907 6985 6986 6908
6880 3 2 1 2 6908 6986 6987 6909
6881 3 2 1 2 6909 6987 6988 6910
6882 3 2 1 2 6910 6988 6989 6911
6883 3 2 1 2 6911 6989 6990 6912
6884 3 2 1 2 6912 6990 268 269
6885 3 2 1 2 102 101 6991 6913
6886 3 2 1 2 6913 6991 6992 6914
6887 3 2 1 2 6914 6992 6993 6915
6888 3 2 1 2 6915 6993 6994 6916
6889 3 2 1 2 6916 6994 6995 6917
6890 3 2 1 2 6917 6995 6996 6918
6891 3 2 1 2 6918 6996 6997 6919
6892 3 2 1 2 6919 6997 6998 6920
6893 3 2 1 2 6920 6998 6999 6921
6894 3 2 1 2 6921 6999 7000 6922
6895 3 2 1 2 6922 7000 7001 6923
6896 3 2 1 2 6923 7001 7002 6924
6897 3 2 1 2 6924 7002 7003 6925
6898 3 2 1 2 6925 7003 7004 6926
6899 3 2 1 2 6926 7004 7005 6927
6900 3 2 1 2 6927 7005 7006 6928
6901 3 2 1 2 6928 7006 7007 6929
6902 3 2 1 2 6929 7007 7008 6930
6903 3 2 1 2 6930 7008 7009 6931
6904 3 2 1 2 6931 7009 7010 6932
6905 3 2 1 2 6932 7010 7011 6933
6906 3 2 1 2 6933 7011 7012 6934
6907 3 2 1 2 6934 7012 7013 6935
6908 3 2 1 2 6935 7013 7014 6936
6909 3 2 1 2 6936 7014 7015 6937
6910 3 2 1 2 6937 7015 7016 6938
6911 3 2 1 2 6938 7016 7017 6939
6912 3 2 1 2 6939 7017 7018 6940
6913 3 2 1 2 6940 7018 7019 6941
6914 3 2 1 2 6941 7019 7020 6942
6915 3 2 1 2 6942 7020 7021 6943
6916 3 2 1 2 6943 7021 7022 6944
6917 3 2 1 2 6944 7022 7023 6945
6918 3 2 1 2 6945 7023 7024 6946
6919 3 2 1 2 6946 7024 7025 6947
6920 3 2 1 2 6947 7025 7026 6948
6921 3 2 1 2 6948 7026 7027 6949
6922 3 2 1 2 6949 7027 7028 6950
6923 3 2 1 2 6950 7028 7029 6951
6924 3 2 1 2 6951 7029 7030 6952
6925 3 2 1 2 6952 7030 7031 6953
6926 3 2 1 2 6953 7031 7032 6954
6927 3 2 1 2 6954 7032 7033 6955
6928 3 2 1 2 6955 7033 7034 6956
6929 3 2 1 2 6956 7034 7035 6957
6930 3 2 1 2 6957 7035 7036 6958
6931 3 2 1 2 6958 7036 7037 6959
6932 3 2 1 2 6959 7037 7038 6960
6933 3 2 1 2 6960 7038 7039 6961
6934 3 2 1 2 6961 7039 7040 6962
6935 3 2 1 2 6962 7040 7041 6963
6936 3 2 1 2 6963 7041 7042 6964
6937 3 2 1 2 6964 7042 7043 6965
6938 3 2 1 2 6965 7043 7044 6966
6939 3 2 1 2 6966 7044 7045 6967
6940 3 2 1 2 6967 7045 7046 6968
6941 3 2 1 2 6968 7046 7047 6969
6942 3 2 1 2 6969 7047 7048 6970
6943 3 2 1 2 6970 7048 7049 6971
6944 3 2 1 2 6971 7049 7050 6972
6945 3 2 1 2 6972 7050 7051 6973
6946 3 2 1 2 6973 7051 7052 6974
6947 3 2 1 2 6974 7052 7053 6975
6948 3 2 1 2 6975 7053 7054 6976
6949 3 2 1 2 6976 7054 7055 6977
6950 3 2 1 2 6977 7055 7056 6978
6951 3 2 1 2 6978 7056 7057 6979
6952 3 2 1 2 6979 7057 7058 6980
6953 3 2 1 2 6980 7058 7059 6981
6954 3 2 1 2 6981 7059 7060 6982
6955 3 2 1 2 6982 7060 7061 6983
6956 3 2 1 2 6983 7061 7062 6984
6957 3 2 1 2 6984 7062 7063 6985
6958 3 2 1 2 6985 7063 7064 6986
6959 3 2 1 2 6986 7064 7065 6987
6960 3 2 1 2 6987 7065 7066 6988
6961 3 2 1 2 6988 7066 7067 6989
6962 3 2 1 2 6989 7067 7068 6990
6963 3 2 1 2 6990 7068 267 268
6964 3 2 1 2 101 100 7069 6991
6965 3 2 1 2 6991 7069 7070 6992
6966 3 2 1 2 6992 7070 7071 6993
6967 3 2 1 2 6993 7071 7072 6994
6968 3 2 1 2 6994 7072 7073 6995
6969 3 2 1 2 6995 7073 7074 6996
6970 3 2 1 2 6996 7074 7075 6997
6971 3 2 1 2 6997 7075 7076 6998
6972 3 2 1 2 6998 7076 7077 6999
6973 3 2 1 2 6999 7077 7078 7000
6974 3 2 1 2 7000 7078 7079 7001
6975 3 2 1 2 7001 7079 7080 7002
6976 3 2 1 2 7002 7080 7081 7003
6977 3 2 1 2 7003 7081 7082 7004
6978 3 2 1 2 7004 7082 7083 7005
6979 3 2 1 2 7005 7083 7084 7006
6980 3 2 1 2 7006 7084 7085 7007
6981 3 2 1 2 7007 7085 7086 7008
6982 3 2 1 2 7008 7086 7087 7009
6983 3 2 1 2 7009 7087 7088 7010
6984 3 2 1 2 7010 7088 7089 7011
6985 3 2 1 2 7011 7089 7090 7012
6986 3 2 1 2 7012 7090 7091 7013
6987 3 2 1 2 7013 7091 7092 7014
6988 3 2 1 2 7014 7092 7093 7015
6989 3 2 1 2 7015 7093 7094 7016
6990 3 2 1 2 7016 7094 7095 7017
6991 3 2 1 2 7017 7095 7096 7018
6992 3 2 1 2 7018 7096 7097 7019
6993 3 2 1 2 7019 7097 7098 7020
6994 3 2 1 2 7020 7098 7099 7021
6995 3 2 1 2 7021 7099 7100 7022
6996 3 2 1 2 7022 7100 7101 7023
6997 3 2 1 2 7023 7101 7102 7024
6998 3 2 1 2 7024 7102 7103 7025
6999 3 2 1 2 7025 7103 7104 7026
7000 3 2 1 2 7026 7104 7105 7027
7001 3 2 1 2 7027 7105 7106 7028
7002 3 2 1 2 7028 7106 7107 7029
7003 3 2 1 2 7029 7107 7108 7030
7004 3 2 1 2 7030 7108 7109 7031
7005 3 2 1 2 7031 7109 7110 7032
7006 3 2 1 2 7032 7110 7111 7033
7007 3 2 1 2 7033 7111 7112 7034
7008 3 2 1 2 7034 7112 7113 7035
7009 3 2 1 2 7035 7113 7114 7036
7010 3 2 1 2 7036 7114 7115 7037
7011 3 2 1 2 7037 7115 7116 7038
7012 3 2 1 2 7038 7116 7117 7039
7013 3 2 1 2 7039 7117 7118 7040
7014 3 2 1 2 7040 7118 7119 7041
7015 3 2 1 2 7041 7119 7120 7042
7016 3 2 1 2 7042 7120 7121 7043
7017 3 2 1 2 7043 7121 7122 7044
7018 3 2 1 2 7044 7122 7123 7045
7019 3 2 1 2 7045 7123 7124 7046
7020 3 2 1 2 7046 7124 7125 7047
7021 3 2 1 2 7047 7125 7126 7048
7022 3 2 1 2 7048 7126 7127 7049
7023 3 2 1 2 7049 7127 7128 7050
7024 3 2 1 2 7050 7128 7129 7051
7025 3 2 1 2 7051 7129 7130 7052
7026 3 2 1 2 7052 7130 7131 7053
7027 3 2 1 2 7053 7131 7132 7054
7028 3 2 1 2 7054 7132 7133 7055
7029 3 2 1 2 7055 7133 7134 7056
7030 3 2 1 2 7056 7134 7135 7057
7031 3 2 1 2 7057 7135 7136 7058
7032 3 2 1 2 7058 7136 7137 7059
7033 3 2 1 2 7059 7137 7138 7060
7034 3 2 1 2 7060 7138 7139 7061
7035 3 2 1 2 7061 7139 7140 7062
7036 3 2 1 2 7062 7140 7141 7063
7037 3 2 1 2 7063 7141 7142 7064
7038 3 2 1 2 7064 7142 7143 7065
7039 3 2 1 2 7065 7143 7144 7066
7040 3 2 1 2 7066 7144 7145 7067
7041 3 2 1 2 7067 7145 7146 7068
7042 3 2 1 2 7068 7146 266 267
7043 3 2 1 2 100 99 7147 7069
7044 3 2 1 2 7069 7147 7148 7070
7045 3 2 1 2 7070 7148 7149 7071
7046 3 2 1 2 7071 7149 7150 7072
7047 3 2 1 2 7072 7150 7151 7073
7048 3 2 1 2 7073 7151 7152 7074
7049 3 2 1 2 7074 7152 7153 7075
7050 3 2 1 2 7075 7153 7154 7076
7051 3 2 1 2 7076 7154 7155 7077
7052 3 2 1 2 7077 7155 7156 7078
7053 3 2 1 2 7078 7156 7157 7079
7054 3 2 1 2 7079 7157 7158 7080
7055 3 2 1 2 7080 7158 7159 7081
7056 3 2 1 2 7081 7159 7160 7082
7057 3 2 1 2 7082 7160 7161 7083
7058 3 2 1 2 7083 7161 7162 7084
7059 3 2 1 2 7084 7162 7163 7085
7060 3 2 1 2 7085 7163 7164 7086
7061 3 2 1 2 7086 7164 7165 7087
7062 3 2 1 2 7087 7165 7166 7088
7063 3 2 1 2 7088 7166 7167 7089
7064 3 2 1 2 7089 7167 7168 7090
7065 3 2 1 2 7090 7168 7169 7091
7066 3 2 1 2 7091 7169 7170 7092
7067 3 2 1 2 7092 7170 7171 7093
7068 3 2 1 2 7093 7171 7172 7094
7069 3 2 1 2 7094 7172 7173 7095
7070 3 2 1 2 7095 7173 7174 7096
7071 3 2 1 2 7096 7174 7175 7097
7072 3 2 1 2 7097 7175 7176 7098
7073 3 2 1 2 7098 7176 7177 7099
7074 3 2 1 2 7099 7177 7178 7100
7075 3 2 1 2 7100 7178 7179 7101
7076 3 2 1 2 7101 7179 7180 7102
7077 3 2 1 2 7102 7180 7181 7103
7078 3 2 1 2 7103 7181 7182 7104
7079 3 2 1 2 7104 7182 7183 7105
7080 3 2 1 2 7105 7183 7184 7106
7081 3 2 1 2 7106 7184 7185 7107
7082 3 2 1 2 7107 7185 7186 7108
7083 3 2 1 2 7108 7186 7187 7109
7084 3 2 1 2 7109 7187 7188 7110
7085 3 2 1 2 7110 7188 7189 7111
7086 3 2 1 2 7111 7189 7190 7112
7087 3 2 1 2 7112 7190 7191 7113
7088 3 2 1 2 7113 7191 7192 7114
7089 3 2 1 2 7114 7192 7193 7115
7090 3 2 1 2 7115 7193 7194 7116
7091 3 2 1 2 7116 7194 7195 7117
7092 3 2 1 2 7117 7195 7196 7118
7093 3 2 1 2 7118 7196 7197 7119
7094 3 2 1 2 7119 7197 7198 7120
7095 3 2 1 2 7120 7198 7199 7121
7096 3 2 1 2 7121 7199 7200 7122
7097 3 2 1 2 7122 7200 7201 7123
7098 3 2 1 2 7123 7201 7202 7124
7099 3 2 1 2 7124 7202 7203 7125
7100 3 2 1 2 7125 7203 7204 7126
7101 3 2 1 2 7126 7204 7205 7127
7102 3 2 1 2 7127 7205 7206 7128
7103 3 2 1 2 7128 7206 7207 7129
7104 3 2 1 2 7129 7207 7208 7130
7105 3 2 1 2 7130 7208 7209 7131
7106 3 2 1 2 7131 7209 7210 7132
7107 3 2 1 2 7132 7210 7211 7133
7108 3 2 1 2 7133 7211 7212 7134
7109 3 2 1 2 7134 7212 7213 7135
7110 3 2 1 2 7135 7213 7214 7136
7111 3 2 1 2 7136 7214 7215 7137
7112 3 2 1 2 7137 7215 7216 7138
7113 3 2 1 2 7138 7216 7217 7139
7114 3 2 1 2 7139 7217 7218 7140
7115 3 2 1 2 7140 7218 7219 7141
7116 3 2 1 2 7141 7219 7220 7142
7117 3 2 1 2 7142 7220 7221 7143
7118 3 2 1 2 7143 7221 7222 7144
7119 3 2 1 2 7144 7222 7223 7145
7120 3 2 1 2 7145 7223 7224 7146
7121 3 2 1 2 7146 7224 265 266
7122 3 2 1 2 99 98 7225 7147
7123 3 2 1 2 7147 7225 7226 7148
7124 3 2 1 2 7148 7226 7227 7149
7125 3 2 1 2 7149 7227 7228 7150
7126 3 2 1 2 7150 7228 7229 7151
7127 3 2 1 2 7151 7229 7230 7152
7128 3 2 1 2 7152 7230 7231 7153
7129 3 2 1 2 7153 7231 7232 7154
7130 3 2 1 2 7154 7232 7233 7155
7131 3 2 1 2 7155 7233 7234 7156
7132 3 2 1 2 7156 7234 7235 7157
7133 3 2 1 2 7157 7235 7236 7158
7134 3 2 1 2 7158 7236 7237 7159
7135 3 2 1 2 7159 7237 7238 7160
7136 3 2 1 2 7160 7238 7239 7161
7137 3 2 1 2 7161 7239 7240 7162
7138 3 2 1 2 7162 7240 7241 7163
7139 3 2 1 2 7163 7241 7242 7164
7140 3 2 1 2 7164 7242 7243 7165
7141 3 2 1 2 7165 7243 7244 7166
7142 3 2 1 2 7166 7244 7245 7167
7143 3 2 1 2 7167 7245 7246 7168
7144 3 2 1 2 7168 7246 7247 7169
7145 3 2 1 2 7169 7247 7248 7170
7146 3 2 1 2 7170 7248 7249 7171
7147 3 2 1 2 7171 7249 7250 7172
7148 3 2 1 2 7172 7250 7251 7173
7149 3 2 1 2 7173 7251 7252 7174
7150 3 2 1 2 7174 7252 7253 7175
7151 3 2 1 2 7175 7253 7254 7176
7152 3 2 1 2 7176 7254 7255 7177
7153 3 2 1 2 7177 7255 7256 7178
7154 3 2 1 2 7178 7256 7257 7179
7155 3 2 1 2 7179 7257 7258 7180
7156 3 2 1 2 7180 7258 7259 7181
7157 3 2 1 2 7181 7259 7260 7182
7158 3 2 1 2 7182 7260 7261 7183
7159 3 2 1 2 7183 7261 7262 7184
7160 3 2 1 2 7184 7262 7263 7185
7161 3 2 1 2 7185 7263 7264 7186
7162 3 2 1 2 7186 7264 7265 7187
7163 3 2 1 2 7187 7265 7266 7188
7164 3 2 1 2 7188 7266 7267 7189
7165 3 2 1 2 7189 7267 7268 7190
7166 3 2 1 2 7190 7268 7269 7191
7167 3 2 1 2 7191 7269 7270 7192
7168 3 2 1 2 7192 7270 7271 7193
7169 3 2 1 2 7193 7271 7272 7194
7170 3 2 1 2 7194 7272 7273 7195
7171 3 2 1 2 7195 7273 7274 7196
7172 3 2 1 2 7196 7274 7275 7197
7173 3 2 1 2 7197 7275 7276 7198
7174 3 2 1 2 7198 7276 7277 7199
7175 3 2 1 2 7199 7277 7278 7200
7176 3 2 1 2 7200 7278 7279 7201
7177 3 2 1 2 7201 7279 7280 7202
7178 3 2 1 2 7202 7280 7281 7203
7179 3 2 1 2 7203 7281 7282 7204
7180 3 2 1 2 7204 7282 7283 7205
7181 3 2 1 2 7205 7283 7284 7206
7182 3 2 1 2 7206 7284 7285 7207
7183 3 2 1 2 7207 7285 7286 7208
7184 3 2 1 2 7208 7286 7287 7209
7185 3 2 1 2 7209 7287 7288 7210
7186 3 2 1 2 7210 7288 7289 7211
7187 3 2 1 2 7211 7289 7290 7212
7188 3 2 1 2 7212 7290 7291 7213
7189 3 2 1 2 7213 7291 7292 7214
7190 3 2 1 2 7214 7292 7293 7215
7191 3 2 1 2 7215 7293 7294 7216
7192 3 2 1 2 7216 7294 7295 7217
7193 3 2 1 2 7217 7295 7296 7218
7194 3 2 1 2 7218 7296 7297 7219
7195 3 2 1 2 7219 7297 7298 7220
7196 3 2 1 2 7220 7298 7299 7221
7197 3 2 1 2 7221 7299 7300 7222
7198 3 2 1 2 7222 7300 7301 7223
7199 3 2 1 2 7223 7301 7302 7224
7200 3 2 1 2 7224 7302 264 265
7201 3 2 1 2 98 97 7303 7225
7202 3 2 1 2 7225 7303 7304 7226
7203 3 2 1 2 7226 7304 7305 7227
7204 3 2 1 2 7227 7305 7306 7228
7205 3 2 1 2 7228 7306 7307 7229
7206 3 2 1 2 7229 7307 7308 7230
7207 3 2 1 2 7230 7308 7309 7231
7208 3 2 1 2 7231 7309 7310 7232
7209 3 2 1 2 7232 7310 7311 7233
7210 3 2 1 2 7233 7311 7312 7234
7211 3 2 1 2 7234 7312 7313 7235
7212 3 2 1 2 7235 7313 7314 7236
7213 3 2 1 2 7236 7314 7315 7237
7214 3 2 1 2 7237 7315 7316 7238
7215 3 2 1 2 7238 7316 7317 7239
7216 3 2 1 2 7239 7317 7318 7240
7217 3 2 1 2 7240 7318 7319 7241
7218 3 2 1 2 7241 7319 7320 7242
7219 3 2 1 2 7242 7320 7321 7243
7220 3 2 1 2 7243 7321 7322 7244
7221 3 2 1 2 7244 7322 7323 7245
7222 3 2 1 2 7245 7323 7324 7246
7223 3 2 1 2 7246 7324 7325 7247
7224 3 2 1 2 7247 7325 7326 7248
7225 3 2 1 2 7248 7326 7327 7249
7226 3 2 1 2 7249 7327 7328 7250
7227 3 2 1 2 7250 7328 7329 7251
7228 3 2 1 2 7251 7329 7330 7252
7229 3 2 1 2 7252 7330 7331 7253
7230 3 2 1 2 7253 7331 7332 7254
7231 3 2 1 2 7254 7332 7333 7255
7232 3 2 1 2 7255 7333 7334 7256
7233 3 2 1 2 7256 7334 7335 7257
7234 3 2 1 2 7257 7335 7336 7258
7235 3 2 1 2 7258 7336 7337 7259
7236 3 2 1 2 7259 7337 7338 7260
7237 3 2 1 2 7260 7338 7339 7261
7238 3 2 1 2 7261 7339 7340 7262
7239 3 2 1 2 7262 7340 7341 7263
7240 3 2 1 2 7263 7341 7342 7264
7241 3 2 1 2 7264 7342 7343 7265
7242 3 2 1 2 7265 7343 7344 7266
7243 3 2 1 2 7266 7344 7345 7267
7244 3 2 1 2 7267 7345 7346 7268
7245 3 2 1 2 7268 7346 7347 7269
7246 3 2 1 2 7269 7347 7348 7270
7247 3 2 1 2 7270 7348 7349 7271
7248 3 2 1 2 7271 7349 7350 7272
7249 3 2 1 2 7272 7350 7351 7273
7250 3 2 1 2 7273 7351 7352 7274
7251 3 2 1 2 7274 7352 7353 7275
7252 3 2 1 2 7275 7353 7354 7276
7253 3 2 1 2 7276 7354 7355 7277
7254 3 2 1 2 7277 7355 7356 7278
7255 3 2 1 2 7278 7356 7357 7279
7256 3 2 1 2 7279 7357 7358 7280
7257 3 2 1 2 7280 7358 7359 7281
7258 3 2 1 2 7281 7359 7360 7282
7259 3 2 1 2 7282 7360 7361 7283
7260 3 2 1 2 7283 7361 7362 7284
7261 3 2 1 2 7284 7362 7363 7285
7262 3 2 1 2 7285 7363 7364 7286
7263 3 2 1 2 7286 7364 7365 7287
7264 3 2 1 2 7287 7365 7366 7288
7265 3 2 1 2 7288 7366 7367 7289
7266 3 2 1 2 7289 7367 7368 7290
7267 3 2 1 2 7290 7368 7369 7291
7268 3 2 1 2 7291 7369 7370 7292
7269 3 2 1 2 7292 7370 7371 7293
7270 3 2 1 2 7293 7371 7372 7294
7271 3 2 1 2 7294 7372 7373 7295
7272 3 2 1 2 7295 7373 7374 7296
7273 3 2 1 2 7296 7374 7375 7297
7274 3 2 1 2 7297 7375 7376 7298
7275 3 2 1 2 7298 7376 7377 7299
7276 3 2 1 2 7299 7377 7378 7300
7277 3 2 1 2 7300 7378 7379 7301
7278 3 2 1 2 7301 7379 7380 7302
7279 3 2 1 2 7302 7380 263 264
7280 3 2 1 2 97 3 185 7303
7281 3 2 1 2 7303 185 186 7304
7282 3 2 1 2 7304 186 187 7305
7283 3 2 1 2 7305 187 188 7306
7284 3 2 1 2 7306 188 189 7307
7285 3 2 1 2 7307 189 190 7308
7286 3 2 1 2 7308 190 191 7309
7287 3 2 1 2 7309 191 192 7310
7288 3 2 1 2 7310 192 193 7311
7289 3 2 1 2 7311 193 194 7312
7290 3 2 1 2 7312 194 195 7313
7291 3 2 1 2 7313 195 196 7314
7292 3 2 1 2 7314 196 197 7315
7293 3 2 1 2 7315 197 198 7316
7294 3 2 1 2 7316 198 199 7317
7295 3 2 1 2 7317 199 200 7318
7296 3 2 1 2 7318 200 201 7319
7297 3 2 1 2 7319 201 202 7320
7298 3 2 1 2 7320 202 203 7321
7299 3 2 1 2 7321 203 204 7322
7300 3 2 1 2 7322 204 205 7323
7301 3 2 1 2 7323 205 206 7324
7302 3 2 1 2 7324 206 207 7325
7303 3 2 1 2 7325 207 208 7326
7304 3 2 1 2 7326 208 209 7327
7305 3 2 1 2 7327 209 210 7328
7306 3 2 1 2 7328 210 211 7329
7307 3 2 1 2 7329 211 212 7330
7308 3 2 1 2 7330 212 213 7331
7309 3 2 1 2 7331 213 214 7332
7310 3 2 1 2 7332 214 215 7333
7311 3 2 1 2 7333 215 216 7334
7312 3 2 1 2 7334 216 217 7335
7313 3 2 1 2 7335 217 218 7336
7314 3 2 1 2 7336 218 219 7337
7315 3 2 1 2 7337 219 220 7338
7316 3 2 1 2 7338 220 221 7339
7317 3 2 1 2 7339 221 222 7340
7318 3 2 1 2 7340 222 223 7341
7319 3 2 1 2 7341 223 224 7342
7320 3 2 1 2 7342 224 225 7343
7321 3 2 1 2 7343 225 226 7344
7322 3 2 1 2 7344 226 227 7345
7323 3 2 1 2 7345 227 228 7346
7324 3 2 1 2 7346 228 229 7347
7325 3 2 1 2 7347 229 230 7348
7326 3 2 1 2 7348 230 231 7349
7327 3 2 1 2 7349 231 232 7350
7328 3 2 1 2 7350 232 233 7351
7329 3 2 1 2 7351 233 234 7352
7330 3 2 1 2 7352 234 235 7353
7331 3 2 1 2 7353 235 236 7354
7332 3 2 1 2 7354 236 237 7355
7333 3 2 1 2 7355 237 238 7356
7334 3 2 1 2 7356 238 239 7357
7335 3 2 1 2 7357 239 240 7358
7336 3 2 1 2 7358 240 241 7359
7337 3 2 1 2 7359 241 242 7360
7338 3 2 1 2 7360 242 243 7361
7339 3 2 1 2 7361 243 244 7362
7340 3 2 1 2 7362 244 245 7363
7341 3 2 1 2 7363 245 246 7364
7342 3 2 1 2 7364 246 247 7365
7343 3 2 1 2 7365 247 248 7366
7344 3 2 1 2 7366 248 249 7367
7345 3 2 1 2 7367 249 250 7368
7346 3 2 1 2 7368 250 251 7369
7347 3 2 1 2 7369 251 252 7370
7348 3 2 1 2 7370 252 253 7371
7349 3 2 1 2 7371 253 254 7372
7350 3 2 1 2 7372 254 255 7373
7351 3 2 1 2 7373 255 256 7374
7352 3 2 1 2 7374 256 257 7375
7353 3 2 1 2 7375 257 258 7376
7354 3 2 1 2 7376 258 259 7377
7355 3 2 1 2 7377 259 260 7378
7356 3 2 1 2 7378 260 261 7379
7357 3 2 1 2 7379 261 262 7380
7358 3 2 1 2 7380 262 6 263
7359 3 2 1 3 3 419 7381 185
7360 3 2 1 3 185 7381 7382 186
7361 3 2 1 3 186 7382 7383 187
7362 3 2 1 3 187 7383 7384 188
7363 3 2 1 3 188 7384 7385 189
7364 3 2 1 3 189 7385 7386 190
7365 3 2 1 3 190 7386 7387 191
7366 3 2 1 3 191 7387 7388 192
7367 3 2 1 3 192 7388 7389 193
7368 3 2 1 3 193 7389 7390 194
7369 3 2 1 3 194 7390 7391 195
7370 3 2 1 3 195 7391 7392 196
7371 3 2 1 3 196 7392 7393 197
7372 3 2 1 3 197 7393 7394 198
7373 3 2 1 3 198 7394 7395 199
7374 3 2 1 3 199 7395 7396 200
7375 3 2 1 3 200 7396 7397 201
7376 3 2 1 3 201 7397 7398 202
7377 3 2 1 3 202 7398 7399 203
7378 3 2 1 3 203 7399 7400 204
7379 3 2 1 3 204 7400 7401 205
7380 3 2 1 3 205 7401 7402 206
7381 3 2 1 3 206 7402 7403 207
7382 3 2 1 3 207 7403 7404 208
7383 3 2 1 3 208 7404 7405 209
7384 3 2 1 3 209 7405 7406 210
7385 3 2 1 3 210 7406 7407 211
7386 3 2 1 3 211 7407 7408 212
7387 3 2 1 3 212 7408 7409 213
7388 3 2 1 3 213 7409 7410 214
7389 3 2 1 3 214 7410 7411 215
7390 3 2 1 3 215 7411 7412 216
7391 3 2 1 3 216 7412 7413 217
7392 3 2 1 3 217 7413 7414 218
7393 3 2 1 3 218 7414 7415 219
7394 3 2 1 3 219 7415 7416 220
7395 3 2 1 3 220 7416 7417 221
7396 3 2 1 3 221 7417 7418 222
7397 3 2 1 3 222 7418 7419 223
7398 3 2 1 3 223 7419 7420 224
7399 3 2 1 3 224 7420 7421 225
7400 3 2 1 3 225 7421 7422 226
7401 3 2 1 3 226 7422 7423 227
7402 3 2 1 3 227 7423 7424 228
7403 3 2 1 3 228 7424 7425 229
7404 3 2 1 3 229 7425 7426 230
7405 3 2 1 3 230 7426 7427 231
7406 3 2 1 3 231 7427 7428 232
7407 3 2 1 3 232 7428 7429 233
7408 3 2 1 3 233 7429 7430 234
7409 3 2 1 3 234 7430 7431 235
7410 3 2 1 3 235 7431 7432 236
7411 3 2 1 3 236 7432 7433 237
7412 3 2 1 3 237 7433 7434 238
7413 3 2 1 3 238 7434 7435 239
7414 3 2 1 3 239 7435 7436 240
7415 3 2 1 3 240 7436 7437 241
7416 3 2 1 3 241 7437 7438 242
7417 3 2 1 3 242 7438 7439 243
7418 3 2 1 3 243 7439 7440 244
7419 3 2 1 3 244 7440 7441 245
7420 3 2 1 3 245 7441 7442 246
7421 3 2 1 3 246 7442 7443 247
7422 3 2 1 3 247 7443 7444 248
7423 3 2 1 3 248 7444 7445 249
7424 3 2 1 3 249 7445 7446 250
7425 3 2 1 3 250 7446 7447 251
7426 3 2 1 3 251 7447 7448 252
7427 3 2 1 3 252 7448 7449 253
7428 3 2 1 3 253 7449 7450 254
7429 3 2 1 3 254 7450 7451 255
7430 3 2 1 3 255 7451 7452 256
7431 3 2 1 3 256 7452 7453 257
7432 3 2 1 3 257 7453 7454 258
7433 3 2 1 3 258 7454 7455 259
7434 3 2 1 3 259 7455 7456 260
7435 3 2 1 3 260 7456 7457 261
7436 3 2 1 3 261 7457 7458 262
7437 3 2 1 3 262 7458 516 6
7438 3 2 1 3 419 420 7459 7381
7439 3 2 1 3 7381 7459 7460 7382
7440 3 2 1 3 7382 7460 7461 7383
7441 3 2 1 3 7383 7461 7462 7384
7442 3 2 1 3 7384 7462 7463 7385
7443 3 2 1 3 7385 7463 7464 7386
7444 3 2 1 3 7386 7464 7465 7387
7445 3 2 1 3 7387 7465 7466 7388
7446 3 2 1 3 7388 7466 7467 7389
7447 3 2 1 3 7389 7467 7468 7390
7448 3 2 1 3 7390 7468 7469 7391
7449 3 2 1 3 7391 7469 7470 7392
7450 3 2 1 3 7392 7470 7471 7393
7451 3 2 1 3 7393 7471 7472 7394
7452 3 2 1 3 7394 7472 7473 7395
7453 3 2 1 3 7395 7473 7474 7396
7454 3 2 1 3 7396 7474 7475 7397
7455 3 2 1 3 7397 7475 7476 7398
7456 3 2 1 3 7398 7476 7477 7399
7457 3 2 1 3 7399 7477 7478 7400
7458 3 2 1 3 7400 7478 7479 7401
7459 3 2 1 3 7401 7479 7480 7402
7460 3 2 1 3 7402 7480 7481 7403
7461 3 2 1 3 7403 7481 7482 7404
7462 3 2 1 3 7404 7482 7483 7405
7463 3 2 1 3 7405 7483 7484 7406
7464 3 2 1 3 7406 7484 7485 7407
7465 3 2 1 3 7407 7485 7486 7408
7466 3 2 1 3 7408 7486 7487 7409
7467 3 2 1 3 7409 7487 7488 7410
7468 3 2 1 3 7410 7488 7489 7411
7469 3 2 1 3 7411 7489 7490 7412
7470 3 2 1 3 7412 7490 7491 7413
7471 3 2 1 3 7413 7491 7492 7414
7472 3 2 1 3 7414 7492 7493 7415
7473 3 2 1 3 7415 7493 7494 7416
7474 3 2 1 3 7416 7494 7495 7417
7475 3 2 1 3 7417 7495 7496 7418
7476 3 2 1 3 7418 7496 7497 7419
7477 3 2 1 3 7419 7497 7498 7420
7478 3 2 1 3 7420 7498 7499 7421
7479 3 2 1 3 7421 7499 7500 7422
7480 3 2 1 3 7422 7500 7501 7423
7481 3 2 1 3 7423 7501 7502 7424
7482 3 2 1 3 7424 7502 7503 7425
7483 3 2 1 3 7425 7503 7504 7426
7484 3 2 1 3 7426 7504 7505 7427
7485 3 2 1 3 7427 7505 7506 7428
7486 3 2 1 3 7428 7506 7507 7429
7487 3 2 1 3 7429 7507 7508 7430
7488 3 2 1 3 7430 7508 7509 7431
7489 3 2 1 3 7431 7509 7510 7432
7490 3 2 1 3 7432 7510 7511 7433
7491 3 2 1 3 7433 7511 7512 7434
7492 3 2 1 3 7434 7512 7513 7435
7493 3 2 1 3 7435 7513 7514 7436
7494 3 2 1 3 7436 7514 7515 7437
7495 3 2 1 3 7437 7515 7516 7438
7496 3 2 1 3 7438 7516 7517 7439
7497 3 2 1 3 7439 7517 7518 7440
7498 3 2 1 3 7440 7518 7519 7441
7499 3 2 1 3 7441 7519 7520 7442
7500 3 2 1 3 7442 7520 7521 7443
7501 3 2 1 3 7443 7521 7522 7444
7502 3 2 1 3 7444 7522 7523 7445
7503 3 2 1 3 7445 7523 7524 7446
7504 3 2 1 3 7446 7524 7525 7447
7505 3 2 1 3 7447 7525 7526 7448
7506 3 2 1 3 7448 7526 7527 7449
7507 3 2 1 3 7449 7527 7528 7450
7508 3 2 1 3 7450 7528 7529 7451
7509 3 2 1 3 7451 7529 7530 7452
7510 3 2 1 3 7452 7530 7531 7453
7511 3 2 1 3 7453 7531 7532 7454
7512 3 2 1 3 7454 7532 7533 7455
7513 3 2 1 3 7455 7533 7534 7456
7514 3 2 1 3 7456 7534 7535 7457
7515 3 2 1 3 7457 7535 7536 7458
7516 3 2 1 3 7458 7536 515 516
7517 3 2 1 3 420 421 7537 7459
7518 3 2 1 3 7459 7537 7538 7460
7519 3 2 1 3 7460 7538 7539 7461
7520 3 2 1 3 7461 7539 7540 7462
7521 3 2 1 3 7462 7540 7541 7463
7522 3 2 1 3 7463 7541 7542 7464
7523 3 2 1 3 7464 7542 7543 7465
7524 3 2 1 3 7465 7543 7544 7466
7525 3 2 1 3 7466 7544 7545 7467
7526 3 2 1 3 7467 7545 7546 7468
7527 3 2 1 3 7468 7546 7547 7469
7528 3 2 1 3 7469 7547 7548 7470
7529 3 2 1 3 7470 7548 7549 7471
7530 3 2 1 3 7471 7549 7550 7472
7531 3 2 1 3 7472 7550 7551 7473
7532 3 2 1 3 7473 7551 7552 7474
7533 3 2 1 3 7474 7552 7553 7475
7534 3 2 1 3 7475 7553 7554 7476
7535 3 2 1 3 7476 7554 7555 7477
7536 3 2 1 3 7477 7555 7556 7478
7537 3 2 1 3 7478 7556 7557 7479
7538 3 2 1 3 7479 7557 7558 7480
7539 3 2 1 3 7480 7558 7559 7481
7540 3 2 1 3 7481 7559 7560 7482
7541 3 2 1 3 7482 7560 7561 7483
7542 3 2 1 3 7483 7561 7562 7484
7543 3 2 1 3 7484 7562 7563 7485
7544 3 2 1 3 7485 7563 7564 7486
7545 3 2 1 3 7486 7564 7565 7487
7546 3 2 1 3 7487 7565 7566 7488
7547 3 2 1 3 7488 7566 7567 7489
7548 3 2 1 3 7489 7567 7568 7490
7549 3 2 1 3 7490 7568 7569 7491
7550 3 2 1 3 7491 7569 7570 7492
7551 3 2 1 3 7492 7570 7571 7493
7552 3 2 1 3 7493 7571 7572 7494
7553 3 2 1 3 7494 7572 7573 7495
7554 3 2 1 3 7495 7573 7574 7496
7555 3 2 1 3 7496 7574 7575 7497
7556 3 2 1 3 7497 7575 7576 7498
7557 3 2 1 3 7498 7576 7577 7499
7558 3 2 1 3 7499 7577 7578 7500
7559 3 2 1 3 7500 7578 7579 7501
7560 3 2 1 3 7501 7579 7580 7502
7561 3 2 1 3 7502 7580 7581 7503
7562 3 2 1 3 7503 7581 7582 7504
7563 3 2 1 3 7504 7582 7583 7505
7564 3 2 1 3 7505 7583 7584 7506
7565 3 2 1 3 7506 7584 7585 7507
7566 3 2 1 3 7507 7585 7586 7508
7567 3 2 1 3 7508 7586 7587 7509
7568 3 2 1 3 7509 7587 7588 7510
7569 3 2 1 3 7510 7588 7589 7511
7570 3 2 1 3 7511 7589 7590 7512
7571 3 2 1 3 7512 7590 7591 7513
7572 3 2 1 3 7513 7591 7592 7514
7573 3 2 1 3 7514 7592 7593 7515
7574 3 2 1 3 7515 7593 7594 7516
7575 3 2 1 3 7516 7594 7595 7517
7576 3 2 1 3 7517 7595 7596 7518
7577 3 2 1 3 7518 7596 7597 7519
7578 3 2 1 3 7519 7597 7598 7520
7579 3 2 1 3 7520 7598 7599 7521
7580 3 2 1 3 7521 7599 7600 7522
7581 3 2 1 3 7522 7600 7601 7523
7582 3 2 1 3 7523 7601 7602 7524
7583 3 2 1 3 7524 7602 7603 7525
7584 3 2 1 3 7525 7603 7604 7526
7585 3 2 1 3 7526 7604 7605 7527
7586 3 2 1 3 7527 7605 7606 7528
7587 3 2 1 3 7528 7606 7607 7529
7588 3 2 1 3 7529 7607 7608 7530
7589 3 2 1 3 7530 7608 7609 7531
7590 3 2 1 3 7531 7609 7610 7532
7591 3 2 1 3 7532 7610 7611 7533
7592 3 2 1 3 7533 7611 7612 7534
7593 3 2 1 3 7534 7612 7613 7535
7594 3 2 1 3 7535 7613 7614 7536
7595 3 2 1 3 7536 7614 514 515
7596 3 2 1 3 421 422 7615 7537
7597 3 2 1 3 7537 7615 7616 7538
7598 3 2 1 3 7538 7616 7617 7539
7599 3 2 1 3 7539 7617 7618 7540
7600 3 2 1 3 7540 7618 7619 7541
7601 3 2 1 3 7541 7619 7620 7542
7602 3 2 1 3 7542 7620 7621 7543
7603 3 2 1 3 7543 7621 7622 7544
7604 3 2 1 3 7544 7622 7623 7545
7605 3 2 1 3 7545 7623 7624 7546
7606 3 2 1 3 7546 7624 7625 7547
7607 3 2 1 3 7547 7625 7626 7548
7608 3 2 1 3 7548 7626 7627 7549
7609 3 2 1 3 7549 7627 7628 7550
7610 3 2 1 3 7550 7628 7629 7551
7611 3 2 1 3 7551 7629 7630 7552
7612 3 2 1 3 7552 7630 7631 7553
7613 3 2 1 3 7553 7631 7632 7554
7614 3 2 1 3 7554 7632 7633 7555
7615 3 2 1 3 7555 7633 7634 7556
7616 3 2 1 3 7556 7634 7635 7557
7617 3 2 1 3 7557 7635 7636 7558
7618 3 2 1 3 7558 7636 7637 7559
7619 3 2 1 3 7559 7637 7638 7560
7620 3 2 1 3 7560 7638 7639 7561
7621 3 2 1 3 7561 7639 7640 7562
7622 3 2 1 3 7562 7640 7641 7563
7623 3 2 1 3 7563 7641 7642 7564
7624 3 2 1 3 7564 7642 7643 7565
7625 3 2 1 3 7565 7643 7644 7566
7626 3 2 1 3 7566 7644 7645 7567
7627 3 2 1 3 7567 7645 7646 7568
7628 3 2 1 3 7568 7646 7647 7569
7629 3 2 1 3 7569 7647 7648 7570
7630 3 2 1 3 7570 7648 7649 7571
7631 3 2 1 3 7571 7649 7650 7572
7632 3 2 1 3 7572 7650 7651 7573
7633 3 2 1 3 7573 7651 7652 7574
7634 3 2 1 3 7574 7652 7653 7575
7635 3 2 1 3 7575 7653 7654 7576
7636 3 2 1 3 7576 7654 7655 7577
7637 3 2 1 3 7577 7655 7656 7578
7638 3 2 1 3 7578 7656 7657 7579
7639 3 2 1 3 7579 7657 7658 7580
7640 3 2 1 3 7580 7658 7659 7581
7641 3 2 1 3 7581 7659 7660 7582
7642 3 2 1 3 7582 7660 7661 7583
7643 3 2 1 3 7583 7661 7662 7584
7644 3 2 1 3 7584 7662 7663 7585
7645 3 2 1 3 7585 7663 7664 7586
7646 3 2 1 3 7586 7664 7665 7587
7647 3 2 1 3 7587 7665 7666 7588
7648 3 2 1 3 7588 7666 7667 7589
7649 3 2 1 3 7589 7667 7668 7590
7650 3 2 1 3 7590 7668 7669 7591
7651 3 2 1 3 7591 7669 7670 7592
7652 3 2 1 3 7592 7670 7671 7593
7653 3 2 1 3 7593 7671 7672 7594
7654 3 2 1 3 7594 7672 7673 7595
7655 3 2 1 3 7595 7673 7674 7596
7656 3 2 1 3 7596 7674 7675 7597
7657 3 2 1 3 7597 7675 7676 7598
7658 3 2 1 3 7598 7676 7677 7599
7659 3 2 1 3 7599 7677 7678 7600
7660 3 2 1 3 7600 7678 7679 7601
7661 3 2 1 3 7601 7679 7680 7602
7662 3 2 1 3 7602 7680 7681 7603
7663 3 2 1 3 7603 7681 7682 7604
7664 3 2 1 3 7604 7682 7683 7605
7665 3 2 1 3 7605 7683 7684 7606
7666 3 2 1 3 7606 7684 7685 7607
7667 3 2 1 3 7607 7685 7686 7608
7668 3 2 1 3 7608 7686 7687 7609
7669 3 2 1 3 7609 7687 7688 7610
7670 3 2 1 3 7610 7688 7689 7611
7671 3 2 1 3 7611 7689 7690 7612
7672 3 2 1 3 7612 7690 7691 7613
7673 3 2 1 3 7613 7691 7692 7614
7674 3 2 1 3 7614 7692 513 514
7675 3 2 1 3 422 423 7693 7615
7676 3 2 1 3 7615 7693 7694 7616
7677 3 2 1 3 7616 7694 7695 7617
7678 3 2 1 3 7617 7695 7696 7618
7679 3 2 1 3 7618 7696 7697 7619
7680 3 2 1 3 7619 7697 7698 7620
7681 3 2 1 3 7620 7698 7699 7621
7682 3 2 1 3 7621 7699 7700 7622
7683 3 2 1 3 7622 7700 7701 7623
7684 3 2 1 3 7623 7701 7702 7624
7685 3 2 1 3 7624 7702 7703 7625
7686 3 2 1 3 7625 7703 7704 7626
7687 3 2 1 3 7626 7704 7705 7627
7688 3 2 1 3 7627 7705 7706 7628
7689 3 2 1 3 7628 7706 7707 7629
7690 3 2 1 3 7629 7707 7708 7630
7691 3 2 1 3 7630 7708 7709 7631
7692 3 2 1 3 7631 7709 7710 7632
7693 3 2 1 3 7632 7710 7711 7633
7694 3 2 1 3 7633 7711 7712 7634
7695 3 2 1 3 7634 7712 7713 7635
7696 3 2 1 3 7635 7713 7714 7636
7697 3 2 1 3 7636 7714 7715 7637
7698 3 2 1 3 7637 7715 7716 7638
7699 3 2 1 3 7638 7716 7717 7639
7700 3 2 1 3 7639 7717 7718 7640
7701 3 2 1 3 7640 7718 7719 7641
7702 3 2 1 3 7641 7719 7720 7642
7703 3 2 1 3 7642 7720 7721 7643
7704 3 2 1 3 7643 7721 7722 7644
7705 3 2 1 3 7644 7722 7723 7645
7706 3 2 1 3 7645 7723 7724 7646
7707 3 2 1 3 7646 7724 7725 7647
7708 3 2 1 3 7647 7725 7726 7648
7709 3 2 1 3 7648 7726 7727 7649
7710 3 2 1 3 7649 7727 7728 7650
7711 3 2 1 3 7650 7728 7729 7651
7712 3 2 1 3 7651 7729 7730 7652
7713 3 2 1 3 7652 7730 7731 7653
7714 3 2 1 3 7653 7731 7732 7654
7715 3 2 1 3 7654 7732 7733 7655
7716 3 2 1 3 7655 7733 7734 7656
7717 3 2 1 3 7656 7734 7735 7657
7718 3 2 1 3 7657 7735 7736 7658
7719 3 2 1 3 7658 7736 7737 7659
7720 3 2 1 3 7659 7737 7738 7660
7721 3 2 1 3 7660 7738 7739 7661
7722 3 2 1 3 7661 7739 7740 7662
7723 3 2 1 3 7662 7740 7741 7663
7724 3 2 1 3 7663 7741 7742 7664
7725 3 2 1 3 7664 7742 7743 7665
7726 3 2 1 3 7665 7743 7744 7666
7727 3 2 1 3 7666 7744 7745 7667
7728 3 2 1 3 7667 7745 7746 7668
7729 3 2 1 3 7668 7746 7747 7669
7730 3 2 1 3 7669 7747 7748 7670
7731 3 2 1 3 7670 7748 7749 7671
7732 3 2 1 3 7671 7749 7750 7672
7733 3 2 1 3 7672 7750 7751 7673
7734 3 2 1 3 7673 7751 7752 7674
7735 3 2 1 3 7674 7752 7753 7675
7736 3 2 1 3 7675 7753 7754 7676
7737 3 2 1 3 7676 7754 7755 7677
7738 3 2 1 3 7677 7755 7756 7678
7739 3 2 1 3 7678 7756 7757 7679
7740 3 2 1 3 7679 7757 7758 7680
7741 3 2 1 3 7680 7758 7759 7681
7742 3 2 1 3 7681 7759 7760 7682
7743 3 2 1 3 7682 7760 7761 7683
7744 3 2 1 3 7683 7761 7762 7684
7745 3 2 1 3 7684 7762 7763 7685
7746 3 2 1 3 7685 7763 7764 7686
7747 3 2 1 3 7686 7764 7765 7687
7748 3 2 1 3 7687 7765 7766 7688
7749 3 2 1 3 7688 7766 7767 7689
7750 3 2 1 3 7689 7767 7768 7690
7751 3 2 1 3 7690 7768 7769 7691
7752 3 2 1 3 7691 7769 7770 7692
7753 3 2 1 3 7692 7770 512 513
7754 3 2 1 3 423 424 7771 7693
7755 3 2 1 3 7693 7771 7772 7694
7756 3 2 1 3 7694 7772 7773 7695
7757 3 2 1 3 7695 7773 7774 7696
7758 3 2 1 3 7696 7774 7775 7697
7759 3 2 1 3 7697 7775 7776 7698
7760 3 2 1 3 7698 7776 7777 7699
7761 3 2 1 3 7699 7777 7778 7700
7762 3 2 1 3 7700 7778 7779 7701
7763 3 2 1 3 7701 7779 7780 7702
7764 3 2 1 3 7702 7780 7781 7703
7765 3 2 1 3 7703 7781 7782 7704
7766 3 2 1 3 7704 7782 7783 7705
7767 3 2 1 3 7705 7783 7784 7706
7768 3 2 1 3 7706 7784 7785 7707
7769 3 2 1 3 7707 7785 7786 7708
7770 3 2 1 3 7708 7786 7787 7709
7771 3 2 1 3 7709 7787 7788 7710
7772 3 2 1 3 7710 7788 7789 7711
7773 3 2 1 3 7711 7789 7790 7712
7774 3 2 1 3 7712 7790 7791 7713
7775 3 2 1 3 7713 7791 7792 7714
7776 3 2 1 3 7714 7792 7793 7715
7777 3 2 1 3 7715 7793 7794 7716
7778 3 2 1 3 7716 7794 7795 7717
7779 3 2 1 3 7717 7795 7796 7718
7780 3 2 1 3 7718 7796 7797 7719
7781 3 2 1 3 7719 7797 7798 7720
7782 3 2 1 3 7720 7798 7799 7721
7783 3 2 1 3 7721 7799 7800 7722
7784 3 2 1 3 7722 7800 7801 7723
7785 3 2 1 3 7723 7801 7802 7724
7786 3 2 1 3 7724 7802 7803 7725
7787 3 2 1 3 7725 7803 7804 7726
7788 3 2 1 3 7726 7804 7805 7727
7789 3 2 1 3 7727 7805 7806 7728
7790 3 2 1 3 7728 7806 7807 7729
7791 3 2 1 3 7729 7807 7808 7730
7792 3 2 1 3 7730 7808 7809 7731
7793 3 2 1 3 7731 7809 7810 7732
7794 3 2 1 3 7732 7810 7811 7733
7795 3 2 1 3 7733 7811 7812 7734
7796 3 2 1 3 7734 7812 7813 7735
7797 3 2 1 3 7735 7813 7814 7736
7798 3 2 1 3 7736 7814 7815 7737
7799 3 2 1 3 7737 7815 7816 7738
7800 3 2 1 3 7738 7816 7817 7739
7801 3 2 1 3 7739 7817 7818 7740
7802 3 2 1 3 7740 7818 7819 7741
7803 3 2 1 3 7741 7819 7820 7742
7804 3 2 1 3 7742 7820 7821 7743
7805 3 2 1 3 7743 7821 7822 7744
7806 3 2 1 3 7744 7822 7823 7745
7807 3 2 1 3 7745 7823 7824 7746
7808 3 2 1 3 7746 7824 7825 7747
7809 3 2 1 3 7747 7825 7826 7748
7810 3 2 1 3 7748 7826 7827 7749
7811 3 2 1 3 7749 7827 7828 7750
7812 3 2 1 3 7750 7828 7829 7751
7813 3 2 1 3 7751 7829 7830 7752
7814 3 2 1 3 7752 7830 7831 7753
7815 3 2 1 3 7753 7831 7832 7754
7816 3 2 1 3 7754 7832 7833 7755
7817 3 2 1 3 7755 7833 7834 7756
7818 3 2 1 3 7756 7834 7835 7757
7819 3 2 1 3 7757 7835 7836 7758
7820 3 2 1 3 7758 7836 7837 7759
7821 3 2 1 3 7759 7837 7838 7760
7822 3 2 1 3 7760 7838 7839 7761
7823 3 2 1 3 7761 7839 7840 7762
7824 3 2 1 3 7762 7840 7841 7763
7825 3 2 1 3 7763 7841 7842 7764
7826 3 2 1 3 7764 7842 7843 7765
7827 3 2 1 3 7765 7843 7844 7766
7828 3 2 1 3 7766 7844 7845 7767
7829 3 2 1 3 7767 7845 7846 7768
7830 3 2 1 3 7768 7846 7847 7769
7831 3 2 1 3 7769 7847 7848 7770
7832 3 2 1 3 7770 7848 511 512
7833 3 2 1 3 424 425 7849 7771
7834 3 2 1 3 7771 7849 7850 7772
7835 3 2 1 3 7772 7850 7851 7773
7836 3 2 1 3 7773 7851 7852 7774
7837 3 2 1 3 7774 7852 7853 7775
7838 3 2 1 3 7775 7853 7854 7776
7839 3 2 1 3 7776 7854 7855 7777
7840 3 2 1 3 7777 7855 7856 7778
7841 3 2 1 3 7778 7856 7857 7779
7842 3 2 1 3 7779 7857 7858 7780
7843 3 2 1 3 7780 7858 7859 7781
7844 3 2 1 3 7781 7859 7860 7782
7845 3 2 1 3 7782 7860 7861 7783
7846 3 2 1 3 7783 7861 7862 7784
7847 3 2 1 3 7784 7862 7863 7785
7848 3 2 1 3 7785 7863 7864 7786
7849 3 2 1 3 7786 7864 7865 7787
7850 3 2 1 3 7787 7865 7866 7788
7851 3 2 1 3 7788 7866 7867 7789
7852 3 2 1 3 7789 7867 7868 7790
7853 3 2 1 3 7790 7868 7869 7791
7854 3 2 1 3 7791 7869 7870 7792
7855 3 2 1 3 7792 7870 7871 7793
7856 3 2 1 3 7793 7871 7872 7794
7857 3 2 1 3 7794 7872 7873 7795
7858 3 2 1 3 7795 7873 7874 7796
7859 3 2 1 3 7796 7874 7875 7797
7860 3 2 1 3 7797 7875 7876 7798
7861 3 2 1 3 7798 7876 7877 7799
7862 3 2 1 3 7799 7877 7878 7800
7863 3 2 1 3 7800 7878 7879 7801
7864 3 2 1 3 7801 7879 7880 7802
7865 3 2 1 3 7802 7880 7881 7803
7866 3 2 1 3 7803 7881 7882 7804
7867 3 2 1 3 7804 7882 7883 7805
7868 3 2 1 3 7805 7883 7884 7806
7869 3 2 1 3 7806 7884 7885 7807
7870 3 2 1 3 7807 7885 7886 7808
7871 3 2 1 3 7808 7886 7887 7809
7872 3 2 1 3 7809 7887 7888 7810
7873 3 2 1 3 7810 7888 7889 7811
7874 3 2 1 3 7811 7889 7890 7812
7875 3 2 1 3 7812 7890 7891 7813
7876 3 2 1 3 7813 7891 7892 7814
7877 3 2 1 3 7814 7892 7893 7815
7878 3 2 1 3 7815 7893 7894 7816
7879 3 2 1 3 7816 7894 7895 7817
7880 3 2 1 3 7817 7895 7896 7818
7881 3 2 1 3 7818 7896 7897 7819
7882 3 2 1 3 7819 7897 7898 7820
7883 3 2 1 3 7820 7898 7899 7821
7884 3 2 1 3 7821 7899 7900 7822
7885 3 2 1 3 7822 7900 7901 7823
7886 3 2 1 3 7823 7901 7902 7824
7887 3 2 1 3 7824 7902 7903 7825
7888 3 2 1 3 7825 7903 7904 7826
7889 3 2 1 3 7826 7904 7905 7827
7890 3 2 1 3 7827 7905 7906 7828
7891 3 2 1 3 7828 7906 7907 7829
7892 3 2 1 3 7829 7907 7908 7830
7893 3 2 1 3 7830 7908 7909 7831
7894 3 2 1 3 7831 7909 7910 7832
7895 3 2 1 3 7832 7910 7911 7833
7896 3 2 1 3 7833 7911 7912 7834
7897 3 2 1 3 7834 7912 7913 7835
7898 3 2 1 3 7835 7913 7914 7836
7899 3 2 1 3 7836 7914 7915 7837
7900 3 2 1 3 7837 7915 7916 7838
7901 3 2 1 3 7838 7916 7917 7839
7902 3 2 1 3 7839 7917 7918 7840
7903 3 2 1 3 7840 7918 7919 7841
7904 3 2 1 3 7841 7919 7920 7842
7905 3 2 1 3 7842 7920 7921 7843
7906 3 2 1 3 7843 7921 7922 7844
7907 3 2 1 3 7844 7922 7923 7845
7908 3 2 1 3 7845 7923 7924 7846
7909 3 2 1 3 7846 7924 7925 7847
7910 3 2 1 3 7847 7925 7926 7848
7911 3 2 1 3 7848 7926 510 511
7912 3 2 1 3 425 426 7927 7849
7913 3 2 1 3 7849 7927 7928 7850
7914 3 2 1 3 7850 7928 7929 7851
7915 3 2 1 3 7851 7929 7930 7852
7916 3 2 1 3 7852 7930 7931 7853
7917 3 2 1 3 7853 7931 7932 7854
7918 3 2 1 3 7854 7932 7933 7855
7919 3 2 1 3 7855 7933 7934 7856
7920 3 2 1 3 7856 7934 7935 7857
7921 3 2 1 3 7857 7935 7936 7858
7922 3 2 1 3 7858 7936 7937 7859
7923 3 2 1 3 7859 7937 7938 7860
7924 3 2 1 3 7860 7938 7939 7861
7925 3 2 1 3 7861 7939 7940 7862
7926 3 2 1 3 7862 7940 7941 7863
7927 3 2 1 3 7863 7941 7942 7864
7928 3 2 1 3 7864 7942 7943 7865
7929 3 2 1 3 7865 7943 7944 7866
7930 3 2 1 3 7866 7944 7945 7867
7931 3 2 1 3 7867 7945 7946 7868
7932 3 2 1 3 7868 7946 7947 7869
7933 3 2 1 3 7869 7947 7948 7870
7934 3 2 1 3 7870 7948 7949 7871
7935 3 2 1 3 7871 7949 7950 7872
7936 3 2 1 3 7872 7950 7951 7873
7937 3 2 1 3 7873 7951 7952 7874
7938 3 2 1 3 7874 7952 7953 7875
7939 3 2 1 3 7875 7953 7954 7876
7940 3 2 1 3 7876 7954 7955 7877
7941 3 2 1 3 7877 7955 7956 7878
7942 3 2 1 3 7878 7956 7957 7879
7943 3 2 1 3 7879 7957 7958 7880
7944 3 2 1 3 7880 7958 7959 7881
7945 3 2 1 3 7881 7959 7960 7882
7946 3 2 1 3 7882 7960 7961 7883
7947 3 2 1 3 7883 7961 7962 7884
7948 3 2 1 3 7884 7962 7963 7885
7949 3 2 1 3 7885 7963 7964 7886
7950 3 2 1 3 7886 7964 7965 7887
7951 3 2 1 3 7887 7965 7966 7888
7952 3 2 1 3 7888 7966 7967 7889
7953 3 2 1 3 7889 7967 7968 7890
7954 3 2 1 3 7890 7968 7969 7891
7955 3 2 1 3 7891 7969 7970 7892
7956 3 2 1 3 7892 7970 7971 7893
7957 3 2 1 3 7893 7971 7972 7894
7958 3 2 1 3 7894 7972 7973 7895
7959 3 2 1 3 7895 7973 7974 7896
7960 3 2 1 3 7896 7974 7975 7897
7961 3 2 1 3 7897 7975 7976 7898
7962 3 2 1 3 7898 7976 7977 7899
7963 3 2 1 3 7899 7977 7978 7900
7964 3 2 1 3 7900 7978 7979 7901
7965 3 2 1 3 7901 7979 7980 7902
7966 3 2 1 3 7902 7980 7981 7903
7967 3 2 1 3 7903 7981 7982 7904
7968 3 2 1 3 7904 7982 7983 7905
7969 3 2 1 3 7905 7983 7984 7906
7970 3 2 1 3 7906 7984 7985 7907
7971 3 2 1 3 7907 7985 7986 7908
7972 3 2 1 3 7908 7986 7987 7909
7973 3 2 1 3 7909 7987 7988 7910
7974 3 2 1 3 7910 7988 7989 7911
7975 3 2 1 3 7911 7989 7990 7912
7976 3 2 1 3 7912 7990 7991 7913
7977 3 2 1 3 7913 7991 7992 7914
7978 3 2 1 3 7914 7992 7993 7915
7979 3 2 1 3 7915 7993 7994 7916
7980 3 2 1 3 7916 7994 7995 7917
7981 3 2 1 3 7917 7995 7996 7918
7982 3 2 1 3 7918 7996 7997 7919
7983 3 2 1 3 7919 7997 7998 7920
7984 3 2 1 3 7920 7998 7999 7921
7985 3 2 1 3 7921 7999 8000 7922
7986 3 2 1 3 7922 8000 8001 7923
7987 3 2 1 3 7923 8001 8002 7924
7988 3 2 1 3 7924 8002 8003 7925
7989 3 2 1 3 7925 8003 8004 7926
7990 3 2 1 3 7926 8004 509 510
7991 3 2 1 3 426 427 8005 7927
7992 3 2 1 3 7927 8005 8006 7928
7993 3 2 1 3 7928 8006 8007 7929
7994 3 2 1 3 7929 8007 8008 7930
7995 3 2 1 3 7930 8008 8009 7931
7996 3 2 1 3 7931 8009 8010 7932
7997 3 2 1 3 7932 8010 8011 7933
7998 3 2 1 3 7933 8011 8012 7934
7999 3 2 1 3 7934 8012 8013 7935
8000 3 2 1 3 7935 8013 8014 7936
8001 3 2 1 3 7936 8014 8015 7937
8002 3 2 1 3 7937 8015 8016 7938
8003 3 2 1 3 7938 8016 8017 7939
8004 3 2 1 3 7939 8017 8018 7940
8005 3 2 1 3 7940 8018 8019 7941
8006 3 2 1 3 7941 8019 8020 7942
8007 3 2 1 3 7942 8020 8021 7943
8008 3 2 1 3 7943 8021 8022 7944
8009 3 2 1 3 7944 8022 8023 7945
8010 3 2 1 3 7945 8023 8024 7946
8011 3 2 1 3 7946 8024 8025 7947
8012 3 2 1 3 7947 8025 8026 7948
8013 3 2 1 3 7948 8026 8027 7949
8014 3 2 1 3 7949 8027 8028 7950
8015 3 2 1 3 7950 8028 8029 7951
8016 3 2 1 3 7951 8029 8030 7952
8017 3 2 1 3 7952 8030 8031 7953
8018 3 2 1 3 7953 8031 8032 7954
8019 3 2 1 3 7954 8032 8033 7955
8020 3 2 1 3 7955 8033 8034 7956
8021 3 2 1 3 7956 8034 8035 7957
8022 3 2 1 3 7957 8035 8036 7958
8023 3 2 1 3 7958 8036 8037 7959
8024 3 2 1 3 7959 8037 8038 7960
8025 3 2 1 3 7960 8038 8039 7961
8026 3 2 1 3 7961 8039 8040 7962
8027 3 2 1 3 7962 8040 8041 7963
8028 3 2 1 3 7963 8041 8042 7964
8029 3 2 1 3 7964 8042 8043 7965
8030 3 2 1 3 7965 8043 8044 7966
8031 3 2 1 3 7966 8044 8045 7967
8032 3 2 1 3 7967 8045 8046 7968
8033 3 2 1 3 7968 8046 8047 7969
8034 3 2 1 3 7969 8047 8048 7970
8035 3 2 1 3 7970 8048 8049 7971
8036 3 2 1 3 7971 8049 8050 7972
8037 3 2 1 3 7972 8050 8051 7973
8038 3 2 1 3 7973 8051 8052 7974
8039 3 2 1 3 7974 8052 8053 7975
8040 3 2 1 3 7975 8053 8054 7976
8041 3 2 1 3 7976 8054 8055 7977
8042 3 2 1 3 7977 8055 8056 7978
8043 3 2 1 3 7978 8056 8057 7979
8044 3 2 1 3 7979 8057 8058 7980
8045 3 2 1 3 7980 8058 8059 7981
8046 3 2 1 3 7981 8059 8060 7982
8047 3 2 1 3 7982 8060 8061 7983
8048 3 2 1 3 7983 8061 8062 7984
8049 3 2 1 3 7984 8062 8063 7985
8050 3 2 1 3 7985 8063 8064 7986
8051 3 2 1 3 7986 8064 8065 7987
8052 3 2 1 3 7987 8065 8066 7988
8053 3 2 1 3 7988 8066 8067 7989
8054 3 2 1 3 7989 8067 8068 7990
8055 3 2 1 3 7990 8068 8069 7991
8056 3 2 1 3 7991 8069 8070 7992
8057 3 2 1 3 7992 8070 8071 7993
8058 3 2 1 3 7993 8071 8072 7994
8059 3 2 1 3 7994 8072 8073 7995
8060 3 2 1 3 7995 8073 8074 7996
8061 3 2 1 3 7996 8074 8075 7997
8062 3 2 1 3 7997 8075 8076 7998
8063 3 2 1 3 7998 8076 8077 7999
8064 3 2 1 3 7999 8077 8078 8000
8065 3 2 1 3 8000 8078 8079 8001
8066 3 2 1 3 8001 8079 8080 8002
8067 3 2 1 3 8002 8080 8081 8003
8068 3 2 1 3 8003 8081 8082 8004
8069 3 2 1 3 8004 8082 508 509
8070 3 2 1 3 427 428 8083 8005
8071 3 2 1 3 8005 8083 8084 8006
8072 3 2 1 3 8006 8084 8085 8007
8073 3 2 1 3 8007 8085 8086 8008
8074 3 2 1 3 8008 8086 8087 8009
8075 3 2 1 3 8009 8087 8088 8010
8076 3 2 1 3 8010 8088 8089 8011
8077 3 2 1 3 8011 8089 8090 8012
8078 3 2 1 3 8012 8090 8091 8013
8079 3 2 1 3 8013 8091 8092 8014
8080 3 2 1 3 8014 8092 8093 8015
8081 3 2 1 3 8015 8093 8094 8016
8082 3 2 1 3 8016 8094 8095 8017
8083 3 2 1 3 8017 8095 8096 8018
8084 3 2 1 3 8018 8096 8097 8019
8085 3 2 1 3 8019 8097 8098 8020
8086 3 2 1 3 8020 8098 8099 8021
8087 3 2 1 3 8021 8099 8100 8022
8088 3 2 1 3 8022 8100 8101 8023
8089 3 2 1 3 8023 8101 8102 8024
8090 3 2 1 3 8024 8102 8103 8025
8091 3 2 1 3 8025 8103 8104 8026
8092 3 2 1 3 8026 8104 8105 8027
8093 3 2 1 3 8027 8105 8106 8028
8094 3 2 1 3 8028 8106 8107 8029
8095 3 2 1 3 8029 8107 8108 8030
8096 3 2 1 3 8030 8108 8109 8031
8097 3 2 1 3 8031 8109 8110 8032
8098 3 2 1 3 8032 8110 8111 8033
8099 3 2 1 3 8033 8111 8112 8034
8100 3 2 1 3 8034 8112 8113 8035
8101 3 2 1 3 8035 8113 8114 8036
8102 3 2 1 3 8036 8114 8115 8037
8103 3 2 1 3 8037 8115 8116 8038
8104 3 2 1 3 8038 8116 8117 8039
8105 3 2 1 3 8039 8117 8118 8040
8106 3 2 1 3 8040 8118 8119 8041
8107 3 2 1 3 8041 8119 8120 8042
8108 3 2 1 3 8042 8120 8121 8043
8109 3 2 1 3 8043 8121 8122 8044
8110 3 2 1 3 8044 8122 8123 8045
8111 3 2 1 3 8045 8123 8124 8046
8112 3 2 1 3 8046 8124 8125 8047
8113 3 2 1 3 8047 8125 8126 8048
8114 3 2 1 3 8048 8126 8127 8049
8115 3 2 1 3 8049 8127 8128 8050
8116 3 2 1 3 8050 8128 8129 8051
8117 3 2 1 3 8051 8129 8130 8052
8118 3 2 1 3 8052 8130 8131 8053
8119 3 2 1 3 8053 8131 8132 8054
8120 3 2 1 3 8054 8132 8133 8055
8121 3 2 1 3 8055 8133 8134 8056
8122 3 2 1 3 8056 8134 8135 8057
8123 3 2 1 3 8057 8135 8136 8058
8124 3 2 1 3 8058 8136 8137 8059
8125 3 2 1 3 8059 8137 8138 8060
8126 3 2 1 3 8060 8138 8139 8061
8127 3 2 1 3 8061 8139 8140 8062
8128 3 2 1 3 8062 8140 8141 8063
8129 3 2 1 3 8063 8141 8142 8064
8130 3 2 1 3 8064 8142 8143 8065
8131 3 2 1 3 8065 8143 8144 8066
8132 3 2 1 3 8066 8144 8145 8067
8133 3 2 1 3 8067 8145 8146 8068
8134 3 2 1 3 8068 8146 8147 8069
8135 3 2 1 3 8069 8147 8148 8070
8136 3 2 1 3 8070 8148 8149 8071
8137 3 2 1 3 8071 8149 8150 8072
8138 3 2 1 3 8072 8150 8151 8073
8139 3 2 1 3 8073 8151 8152 8074
8140 3 2 1 3 8074 8152 8153 8075
8141 3 2 1 3 8075 8153 8154 8076
8142 3 2 1 3 8076 8154 8155 8077
8143 3 2 1 3 8077 8155 8156 8078
8144 3 2 1 3 8078 8156 8157 8079
8145 3 2 1 3 8079 8157 8158 8080
8146 3 2 1 3 8080 8158 8159 8081
8147 3 2 1 3 8081 8159 8160 8082
8148 3 2 1 3 8082 8160 507 508
8149 3 2 1 3 428 8 429 8083
8150 3 2 1 3 8083 429 430 8084
8151 3 2 1 3 8084 430 431 8085
8152 3 2 1 3 8085 431 432 8086
8153 3 2 1 3 8086 432 433 8087
8154 3 2 1 3 8087 433 434 8088
8155 3 2 1 3 8088 434 435 8089
8156 3 2 1 3 8089 435 436 8090
8157 3 2 1 3 8090 436 437 8091
8158 3 2 1 3 8091 437 438 8092
8159 3 2 1 3 8092 438 439 8093
8160 3 2 1 3 8093 439 440 8094
8161 3 2 1 3 8094 440 441 8095
8162 3 2 1 3 8095 441 442 8096
8163 3 2 1 3 8096 442 443 8097
8164 3 2 1 3 8097 443 444 8098
8165 3 2 1 3 8098 444 445 8099
8166 3 2 1 3 8099 445 446 8100
8167 3 2 1 3 8100 446 447 8101
8168 3 2 1 3 8101 447 448 8102
8169 3 2 1 3 8102 448 449 8103
8170 3 2 1 3 8103 449 450 8104
8171 3 2 1 3 8104 450 451 8105
8172 3 2 1 3 8105 451 452 8106
8173 3 2 1 3 8106 452 453 8107
8174 3 2 1 3 8107 453 454 8108
8175 3 2 1 3 8108 454 455 8109
8176 3 2 1 3 8109 455 456 8110
8177 3 2 1 3 8110 456 457 8111
8178 3 2 1 3 8111 457 458 8112
8179 3 2 1 3 8112 458 459 8113
8180 3 2 1 3 8113 459 460 8114
8181 3 2 1 3 8114 460 461 8115
8182 3 2 1 3 8115 461 462 8116
8183 3 2 1 3 8116 462 463 8117
8184 3 2 1 3 8117 463 464 8118
8185 3 2 1 3 8118 464 465 8119
8186 3 2 1 3 8119 465 466 8120
8187 3 2 1 3 8120 466 467 8121
8188 3 2 1 3 8121 467 468 8122
8189 3 2 1 3 8122 468 469 8123
8190 3 2 1 3 8123 469 470 8124
8191 3 2 1 3 8124 470 471 8125
8192 3 2 1 3 8125 471 472 8126
8193 3 2 1 3 8126 472 473 8127
8194 3 2 1 3 8127 473 474 8128
8195 3 2 1 3 8128 474 475 8129
8196 3 2 1 3 8129 475 476 8130
8197 3 2 1 3 8130 476 477 8131
8198 3 2 1 3 8131 477 478 8132
8199 3 2 1 3 8132 478 479 8133
8200 3 2 1 3 8133 479 480 8134
8201 3 2 1 3 8134 480 481 8135
8202 3 2 1 3 8135 481 482 8136
8203 3 2 1 3 8136 482 483 8137
8204 3 2 1 3 8137 483 484 8138
8205 3 2 1 3 8138 484 485 8139
8206 3 2 1 3 8139 485 486 8140
8207 3 2 1 3 8140 486 487 8141
8208 3 2 1 3 8141 487 488 8142
8209 3 2 1 3 8142 488 489 8143
8210 3 2 1 3 8143 489 490 8144
8211 3 2 1 3 8144 490 491 8145
8212 3 2 1 3 8145 491 492 8146
8213 3 2 1 3 8146 492 493 8147
8214 3 2 1 3 8147 493 494 8148
8215 3 2 1 3 8148 494 495 8149
8216 3 2 1 3 8149 495 496 8150
8217 3 2 1 3 8150 496 497 8151
8218 3 2 1 3 8151 497 498 8152
8219 3 2 1 3 8152 498 499 8153
8220 3 2 1 3 8153 499 500 8154
8221 3 2 1 3 8154 500 501 8155
8222 3 2 1 3 8155 501 502 8156
8223 3 2 1 3 8156 502 503 8157
8224 3 2 1 3 8157 503 504 8158
8225 3 2 1 3 8158 504 505 8159
8226 3 2 1 3 8159 505 506 8160
8227 3 2 1 3 8160 506 7 507
$EndElements
