$MeshFormat
2.2 0 8
$EndMeshFormat
$Nodes
5828
1 0 0 0
2 5 0 0
3 15 0 0
4 20 0 0
5 20 9.949999999999999 0
6 20 10.05 0
7 20 20 0
8 15 20 0
9 5 20 0
10 0 20 0
11 0 10.05 0
12 0 9.949999999999999 0
13 5 9.949999999999999 0
14 15 9.949999999999999 0
15 15 10.05 0
16 5 10.05 0
17 0.5666551545210625 0 0
18 1.081796204233594 0 0
19 1.55010624871175 0 0
20 1.975842655006374 0 0
21 2.362875752781163 0 0
22 2.714724024171611 0 0
23 3.034586090751208 0 0
24 3.325369785415145 0 0
25 3.589718597601453 0 0
26 3.830035698577831 0 0
27 4.048505788751575 0 0
28 4.247114964500949 0 0
29 4.427668763005947 0 0
30 4.59180857866917 0 0
31 4.741026590974728 0 0
32 4.876679327676384 0 0
33 5 1.320765865876431 0
34 5 2.46925791578282 0
35 5 3.467946660151892 0
36 5 4.336371649493056 0
37 5 5.091523802777889 0
38 5 5.748177844855515 0
39 5 6.319181362728119 0
40 5 6.815706161824628 0
41 5 7.247466849946504 0
42 5 7.622910930799103 0
43 5 7.94938403060064 0
44 5 8.233273683055225 0
45 5 8.480134245755668 0
46 5 8.694795617508207 0
47 5 8.881457671425864 0
48 5 9.043772493840276 0
49 5 9.18491582323248 0
50 5 9.307649144514329 0
51 5 9.414373770942969 0
52 5 9.507177794093462 0
53 5 9.587876952307605 0
54 5 9.658050128787924 0
55 5 9.719070287113619 0
56 5 9.772131292173093 0
57 5 9.818271296959791 0
58 5 9.858393040621966 0
59 5 9.893281507320721 0
60 5 9.923619306873194 0
61 4.876679327721923 9.949999999999999 0
62 4.741026591074912 9.949999999999999 0
63 4.591808578834475 9.949999999999999 0
64 4.427668763248393 9.949999999999999 0
65 4.247114964834313 9.949999999999999 0
66 4.048505789191616 9.949999999999999 0
67 3.83003569914255 9.949999999999999 0
68 3.589718598311385 9.949999999999999 0
69 3.325369786293686 9.949999999999999 0
70 3.034586091824979 9.949999999999999 0
71 2.714724025470872 9.949999999999999 0
72 2.362875754340276 9.949999999999999 0
73 1.975842656864192 9.949999999999999 0
74 1.550106250910577 9.949999999999999 0
75 1.08179620682306 9.949999999999999 0
76 0.5666551575574443 9.949999999999999 0
77 0 9.923619295394692 0
78 0 9.893281494600389 0
79 0 9.858393026545576 0
80 0 9.818271281406677 0
81 0 9.772131275356486 0
82 0 9.719070268223501 0
83 0 9.65805010938338 0
84 0 9.587876929545603 0
85 0 9.507177770817748 0
86 0 9.414373745548508 0
87 0 9.307649116888683 0
88 0 9.184915791534239 0
89 0 9.043772461480062 0
90 0 8.8814576366116 0
91 0 8.694795577632124 0
92 0 8.480134206063497 0
93 0 8.233273641060565 0
94 0 7.949383986506124 0
95 0 7.622910882538495 0
96 0 7.247466802737526 0
97 0 6.8157061123225 0
98 0 6.319181314938925 0
99 0 5.74817779839291 0
100 0 5.091523759058098 0
101 0 4.336371609654112 0
102 0 3.467946625760936 0
103 0 2.469257893572649 0
104 0 1.320765856711082 0
105 5.169491525423729 0 0
106 5.338983050847459 0 0
107 5.508474576271187 0 0
108 5.677966101694916 0 0
109 5.847457627118645 0 0
110 6.016949152542374 0 0
111 6.186440677966103 0 0
112 6.355932203389832 0 0
113 6.525423728813561 0 0
114 6.694915254237291 0 0
115 6.864406779661021 0 0
116 7.033898305084749 0 0
117 7.203389830508478 0 0
118 7.372881355932208 0 0
119 7.542372881355937 0 0
120 7.711864406779666 0 0
121 7.881355932203395 0 0
122 8.050847457627123 0 0
123 8.220338983050851 0 0
124 8.389830508474581 0 0
125 8.55932203389831 0 0
126 8.728813559322038 0 0
127 8.898305084745767 0 0
128 9.067796610169495 0 0
129 9.237288135593225 0 0
130 9.406779661016953 0 0
131 9.576271186440682 0 0
132 9.745762711864412 0 0
133 9.915254237288138 0 0
134 10.08474576271187 0 0
135 10.2542372881356 0 0
136 10.42372881355933 0 0
137 10.59322033898305 0 0
138 10.76271186440678 0 0
139 10.93220338983051 0 0
140 11.10169491525424 0 0
141 11.27118644067797 0 0
142 11.4406779661017 0 0
143 11.61016949152543 0 0
144 11.77966101694915 0 0
145 11.94915254237288 0 0
146 12.11864406779661 0 0
147 12.28813559322034 0 0
148 12.45762711864407 0 0
149 12.6271186440678 0 0
150 12.79661016949153 0 0
151 12.96610169491526 0 0
152 13.13559322033898 0 0
153 13.30508474576271 0 0
154 13.47457627118644 0 0
155 13.64406779661017 0 0
156 13.8135593220339 0 0
157 13.98305084745763 0 0
158 14.15254237288136 0 0
159 14.32203389830508 0 0
160 14.49152542372881 0 0
161 14.66101694915254 0 0
162 14.83050847457627 0 0
163 15 1.320765865876431 0
164 15 2.46925791578282 0
165 15 3.467946660151892 0
166 15 4.336371649493056 0
167 15 5.091523802777889 0
168 15 5.748177844855515 0
169 15 6.319181362728119 0
170 15 6.815706161824628 0
171 15 7.247466849946504 0
172 15 7.622910930799103 0
173 15 7.94938403060064 0
174 15 8.233273683055225 0
175 15 8.480134245755668 0
176 15 8.694795617508207 0
177 15 8.881457671425864 0
178 15 9.043772493840276 0
179 15 9.18491582323248 0
180 15 9.307649144514329 0
181 15 9.414373770942969 0
182 15 9.507177794093462 0
183 15 9.587876952307605 0
184 15 9.658050128787924 0
185 15 9.719070287113619 0
186 15 9.772131292173093 0
187 15 9.818271296959791 0
188 15 9.858393040621966 0
189 15 9.893281507320721 0
190 15 9.923619306873194 0
191 14.83050847457627 9.949999999999999 0
192 14.66101694915254 9.949999999999999 0
193 14.49152542372881 9.949999999999999 0
194 14.32203389830508 9.949999999999999 0
195 14.15254237288135 9.949999999999999 0
196 13.98305084745763 9.949999999999999 0
197 13.8135593220339 9.949999999999999 0
198 13.64406779661017 9.949999999999999 0
199 13.47457627118644 9.949999999999999 0
200 13.30508474576271 9.949999999999999 0
201 13.13559322033898 9.949999999999999 0
202 12.96610169491525 9.949999999999999 0
203 12.79661016949152 9.949999999999999 0
204 12.62711864406779 9.949999999999999 0
205 12.45762711864406 9.949999999999999 0
206 12.28813559322033 9.949999999999999 0
207 12.11864406779661 9.949999999999999 0
208 11.94915254237288 9.949999999999999 0
209 11.77966101694915 9.949999999999999 0
210 11.61016949152542 9.949999999999999 0
211 11.44067796610169 9.949999999999999 0
212 11.27118644067796 9.949999999999999 0
213 11.10169491525423 9.949999999999999 0
214 10.93220338983051 9.949999999999999 0
215 10.76271186440677 9.949999999999999 0
216 10.59322033898305 9.949999999999999 0
217 10.42372881355932 9.949999999999999 0
218 10.25423728813559 9.949999999999999 0
219 10.08474576271186 9.949999999999999 0
220 9.915254237288131 9.949999999999999 0
221 9.745762711864403 9.949999999999999 0
222 9.576271186440675 9.949999999999999 0
223 9.406779661016946 9.949999999999999 0
224 9.237288135593218 9.949999999999999 0
225 9.067796610169488 9.949999999999999 0
226 8.898305084745761 9.949999999999999 0
227 8.728813559322031 9.949999999999999 0
228 8.559322033898303 9.949999999999999 0
229 8.389830508474574 9.949999999999999 0
230 8.220338983050846 9.949999999999999 0
231 8.050847457627116 9.949999999999999 0
232 7.881355932203387 9.949999999999999 0
233 7.711864406779659 9.949999999999999 0
234 7.54237288135593 9.949999999999999 0
235 7.372881355932202 9.949999999999999 0
236 7.203389830508473 9.949999999999999 0
237 7.033898305084744 9.949999999999999 0
238 6.864406779661016 9.949999999999999 0
239 6.694915254237287 9.949999999999999 0
240 6.525423728813557 9.949999999999999 0
241 6.355932203389829 9.949999999999999 0
242 6.1864406779661 9.949999999999999 0
243 6.016949152542372 9.949999999999999 0
244 5.847457627118644 9.949999999999999 0
245 5.677966101694915 9.949999999999999 0
246 5.508474576271185 9.949999999999999 0
247 5.338983050847457 9.949999999999999 0
248 5.169491525423728 9.949999999999999 0
249 15.12332067228098 0 0
250 15.25897340893147 0 0
251 15.40819142117606 0 0
252 15.57233123676706 0 0
253 15.75288503518694 0 0
254 15.95149421083644 0 0
255 16.16996430088734 0 0
256 16.41028140171821 0 0
257 16.67463021373525 0 0
258 16.96541390820287 0 0
259 17.28527597455539 0 0
260 17.6371242456838 0 0
261 18.02415734315699 0 0
262 18.4498937491069 0 0
263 18.91820379318975 0 0
264 19.4333448424496 0 0
265 20 1.320765865876431 0
266 20 2.46925791578282 0
267 20 3.467946660151892 0
268 20 4.336371649493056 0
269 20 5.091523802777889 0
270 20 5.748177844855515 0
271 20 6.319181362728119 0
272 20 6.815706161824628 0
273 20 7.247466849946504 0
274 20 7.622910930799103 0
275 20 7.94938403060064 0
276 20 8.233273683055225 0
277 20 8.480134245755668 0
278 20 8.694795617508207 0
279 20 8.881457671425864 0
280 20 9.043772493840276 0
281 20 9.18491582323248 0
282 20 9.307649144514329 0
283 20 9.414373770942969 0
284 20 9.507177794093462 0
285 20 9.587876952307605 0
286 20 9.658050128787924 0
287 20 9.719070287113619 0
288 20 9.772131292173093 0
289 20 9.818271296959791 0
290 20 9.858393040621966 0
291 20 9.893281507320721 0
292 20 9.923619306873194 0
293 19.43334484548523 9.949999999999999 0
294 18.91820379577694 9.949999999999999 0
295 18.44989375130208 9.949999999999999 0
296 18.02415734501007 9.949999999999999 0
297 17.63712424723883 9.949999999999999 0
298 17.28527597585125 9.949999999999999 0
299 16.96541390927383 9.949999999999999 0
300 16.67463021461149 9.949999999999999 0
301 16.41028140242628 9.949999999999999 0
302 16.16996430145058 9.949999999999999 0
303 15.95149421127532 9.949999999999999 0
304 15.75288503551943 9.949999999999999 0
305 15.57233123700887 9.949999999999999 0
306 15.40819142134093 9.949999999999999 0
307 15.2589734090314 9.949999999999999 0
308 15.1233206723264 9.949999999999999 0
309 5 9.983333333333796 0
310 5 10.0166666666662 0
311 4.876679327721923 10.05 0
312 4.741026591074912 10.05 0
313 4.591808578834475 10.05 0
314 4.427668763248393 10.05 0
315 4.247114964834313 10.05 0
316 4.048505789191616 10.05 0
317 3.83003569914255 10.05 0
318 3.589718598311385 10.05 0
319 3.325369786293686 10.05 0
320 3.034586091824979 10.05 0
321 2.714724025470872 10.05 0
322 2.362875754340276 10.05 0
323 1.975842656864192 10.05 0
324 1.550106250910577 10.05 0
325 1.08179620682306 10.05 0
326 0.5666551575574443 10.05 0
327 0 10.0166666666662 0
328 0 9.983333333333796 0
329 15 9.983333333333796 0
330 15 10.0166666666662 0
331 14.83050847457627 10.05 0
332 14.66101694915254 10.05 0
333 14.49152542372881 10.05 0
334 14.32203389830508 10.05 0
335 14.15254237288135 10.05 0
336 13.98305084745763 10.05 0
337 13.8135593220339 10.05 0
338 13.64406779661017 10.05 0
339 13.47457627118644 10.05 0
340 13.30508474576271 10.05 0
341 13.13559322033898 10.05 0
342 12.96610169491525 10.05 0
343 12.79661016949152 10.05 0
344 12.62711864406779 10.05 0
345 12.45762711864406 10.05 0
346 12.28813559322033 10.05 0
347 12.11864406779661 10.05 0
348 11.94915254237288 10.05 0
349 11.77966101694915 10.05 0
350 11.61016949152542 10.05 0
351 11.44067796610169 10.05 0
352 11.27118644067796 10.05 0
353 11.10169491525423 10.05 0
354 10.93220338983051 10.05 0
355 10.76271186440677 10.05 0
356 10.59322033898305 10.05 0
357 10.42372881355932 10.05 0
358 10.25423728813559 10.05 0
359 10.08474576271186 10.05 0
360 9.915254237288131 10.05 0
361 9.745762711864403 10.05 0
362 9.576271186440675 10.05 0
363 9.406779661016946 10.05 0
364 9.237288135593218 10.05 0
365 9.067796610169488 10.05 0
366 8.898305084745761 10.05 0
367 8.728813559322031 10.05 0
368 8.559322033898303 10.05 0
369 8.389830508474574 10.05 0
370 8.220338983050846 10.05 0
371 8.050847457627116 10.05 0
372 7.881355932203387 10.05 0
373 7.711864406779659 10.05 0
374 7.54237288135593 10.05 0
375 7.372881355932202 10.05 0
376 7.203389830508473 10.05 0
377 7.033898305084744 10.05 0
378 6.864406779661016 10.05 0
379 6.694915254237287 10.05 0
380 6.525423728813557 10.05 0
381 6.355932203389829 10.05 0
382 6.1864406779661 10.05 0
383 6.016949152542372 10.05 0
384 5.847457627118644 10.05 0
385 5.677966101694915 10.05 0
386 5.508474576271185 10.05 0
387 5.338983050847457 10.05 0
388 5.169491525423728 10.05 0
389 20 9.983333333333796 0
390 20 10.0166666666662 0
391 19.43334484548523 10.05 0
392 18.91820379577694 10.05 0
393 18.44989375130208 10.05 0
394 18.02415734501007 10.05 0
395 17.63712424723883 10.05 0
396 17.28527597585125 10.05 0
397 16.96541390927383 10.05 0
398 16.67463021461149 10.05 0
399 16.41028140242628 10.05 0
400 16.16996430145058 10.05 0
401 15.95149421127532 10.05 0
402 15.75288503551943 10.05 0
403 15.57233123700887 10.05 0
404 15.40819142134093 10.05 0
405 15.2589734090314 10.05 0
406 15.1233206723264 10.05 0
407 5 10.07638070460531 0
408 5 10.10671850539961 0
409 5 10.14160697345442 0
410 5 10.18172871859332 0
411 5 10.22786872464352 0
412 5 10.2809297317765 0
413 5 10.34194989061662 0
414 5 10.4121230704544 0
415 5 10.49282222918226 0
416 5 10.5856262544515 0
417 5 10.69235088311132 0
418 5 10.81508420846577 0
419 5 10.95622753851995 0
420 5 11.11854236338842 0
421 5 11.3052044223679 0
422 5 11.51986579393653 0
423 5 11.76672635893946 0
424 5 12.05061601349391 0
425 5 12.37708911746178 0
426 5 12.75253319726294 0
427 5 13.18429388767859 0
428 5 13.68081868506311 0
429 5 14.25182220160977 0
430 5 14.90847624094364 0
431 5 15.66362839034793 0
432 5 16.53205337424017 0
433 5 17.53074210642694 0
434 5 18.67923414328882 0
435 4.876679327721923 20 0
436 4.741026591074912 20 0
437 4.591808578834475 20 0
438 4.427668763248393 20 0
439 4.247114964834313 20 0
440 4.048505789191616 20 0
441 3.83003569914255 20 0
442 3.589718598311385 20 0
443 3.325369786293686 20 0
444 3.034586091824979 20 0
445 2.714724025470872 20 0
446 2.362875754340276 20 0
447 1.975842656864192 20 0
448 1.550106250910577 20 0
449 1.08179620682306 20 0
450 0.5666551575574443 20 0
451 0 18.67923413412542 0
452 0 17.53074208422074 0
453 0 16.53205333985352 0
454 0 15.66362835051196 0
455 0 14.90847619722708 0
456 0 14.25182215514867 0
457 0 13.68081863727604 0
458 0 13.18429383817922 0
459 0 12.75253315005717 0
460 0 12.37708906920393 0
461 0 12.05061596940165 0
462 0 11.76672631694661 0
463 0 11.51986575424583 0
464 0 11.3052043824931 0
465 0 11.11854232857513 0
466 0 10.95622750616053 0
467 0 10.81508417676817 0
468 0 10.69235085548618 0
469 0 10.58562622905744 0
470 0 10.49282220590686 0
471 0 10.41212304769266 0
472 0 10.34194987121226 0
473 0 10.28092971288653 0
474 0 10.22786870782701 0
475 0 10.18172870304028 0
476 0 10.14160695937808 0
477 0 10.10671849267931 0
478 0 10.07638069312682 0
479 15 10.07638070460531 0
480 15 10.10671850539961 0
481 15 10.14160697345442 0
482 15 10.18172871859332 0
483 15 10.22786872464352 0
484 15 10.2809297317765 0
485 15 10.34194989061662 0
486 15 10.4121230704544 0
487 15 10.49282222918226 0
488 15 10.5856262544515 0
489 15 10.69235088311132 0
490 15 10.81508420846577 0
491 15 10.95622753851995 0
492 15 11.11854236338842 0
493 15 11.3052044223679 0
494 15 11.51986579393653 0
495 15 11.76672635893946 0
496 15 12.05061601349391 0
497 15 12.37708911746178 0
498 15 12.75253319726294 0
499 15 13.18429388767859 0
500 15 13.68081868506311 0
501 15 14.25182220160977 0
502 15 14.90847624094364 0
503 15 15.66362839034793 0
504 15 16.53205337424017 0
505 15 17.53074210642694 0
506 15 18.67923414328882 0
507 14.83050847457627 20 0
508 14.66101694915254 20 0
509 14.49152542372881 20 0
510 14.32203389830508 20 0
511 14.15254237288135 20 0
512 13.98305084745763 20 0
513 13.8135593220339 20 0
514 13.64406779661017 20 0
515 13.47457627118644 20 0
516 13.30508474576271 20 0
517 13.13559322033898 20 0
518 12.96610169491525 20 0
519 12.79661016949152 20 0
520 12.62711864406779 20 0
521 12.45762711864406 20 0
522 12.28813559322033 20 0
523 12.11864406779661 20 0
524 11.94915254237288 20 0
525 11.77966101694915 20 0
526 11.61016949152542 20 0
527 11.44067796610169 20 0
528 11.27118644067796 20 0
529 11.10169491525423 20 0
530 10.93220338983051 20 0
531 10.76271186440677 20 0
532 10.59322033898305 20 0
533 10.42372881355932 20 0
534 10.25423728813559 20 0
535 10.08474576271186 20 0
536 9.915254237288131 20 0
537 9.745762711864403 20 0
538 9.576271186440675 20 0
539 9.406779661016946 20 0
540 9.237288135593218 20 0
541 9.067796610169488 20 0
542 8.898305084745761 20 0
543 8.728813559322031 20 0
544 8.559322033898303 20 0
545 8.389830508474574 20 0
546 8.220338983050846 20 0
547 8.050847457627116 20 0
548 7.881355932203387 20 0
549 7.711864406779659 20 0
550 7.54237288135593 20 0
551 7.372881355932202 20 0
552 7.203389830508473 20 0
553 7.033898305084744 20 0
554 6.864406779661016 20 0
555 6.694915254237287 20 0
556 6.525423728813557 20 0
557 6.355932203389829 20 0
558 6.1864406779661 20 0
559 6.016949152542372 20 0
560 5.847457627118644 20 0
561 5.677966101694915 20 0
562 5.508474576271185 20 0
563 5.338983050847457 20 0
564 5.169491525423728 20 0
565 20 10.07638070460531 0
566 20 10.10671850539961 0
567 20 10.14160697345442 0
568 20 10.18172871859332 0
569 20 10.22786872464352 0
570 20 10.2809297317765 0
571 20 10.34194989061662 0
572 20 10.4121230704544 0
573 20 10.49282222918226 0
574 20 10.5856262544515 0
575 20 10.69235088311132 0
576 20 10.81508420846577 0
577 20 10.95622753851995 0
578 20 11.11854236338842 0
579 20 11.3052044223679 0
580 20 11.51986579393653 0
581 20 11.76672635893946 0
582 20 12.05061601349391 0
583 20 12.37708911746178 0
584 20 12.75253319726294 0
585 20 13.18429388767859 0
586 20 13.68081868506311 0
587 20 14.25182220160977 0
588 20 14.90847624094364 0
589 20 15.66362839034793 0
590 20 16.53205337424017 0
591 20 17.53074210642694 0
592 20 18.67923414328882 0
593 19.43334484548523 20 0
594 18.91820379577694 20 0
595 18.44989375130208 20 0
596 18.02415734501007 20 0
597 17.63712424723883 20 0
598 17.28527597585125 20 0
599 16.96541390927383 20 0
600 16.67463021461149 20 0
601 16.41028140242628 20 0
602 16.16996430145058 20 0
603 15.95149421127532 20 0
604 15.75288503551943 20 0
605 15.57233123700887 20 0
606 15.40819142134093 20 0
607 15.2589734090314 20 0
608 15.1233206723264 20 0
609 0.5666551549241123 1.3207658577498 0
610 0.5666551552745908 2.46925789608975 0
611 0.5666551555793546 3.467946629658497 0
612 0.566655155844367 4.336371614169098 0
613 0.5666551560748121 5.091523764012904 0
614 0.5666551562751992 5.748177803658561 0
615 0.566655156449449 6.319181320354923 0
616 0.5666551566009704 6.815706117932625 0
617 0.5666551567327281 7.247466808087767 0
618 0.5666551568473004 7.622910888007919 0
619 0.5666551569469281 7.949383991503399 0
620 0.5666551570335608 8.233273645819862 0
621 0.5666551571088939 8.480134210561847 0
622 0.5666551571744008 8.69479558215132 0
623 0.5666551572313634 8.881457640557134 0
624 0.5666551572808962 9.043772465147473 0
625 0.566655157323968 9.184915795126628 0
626 0.5666551573614217 9.307649120019523 0
627 0.5666551573939901 9.414373748426485 0
628 0.5666551574223105 9.507177773455606 0
629 0.5666551574469371 9.587876932125237 0
630 0.5666551574683516 9.658050111582517 0
631 0.5666551574869727 9.719070270364332 0
632 0.5666551575031651 9.772131277262323 0
633 0.5666551575172453 9.818271283169326 0
634 0.5666551575294889 9.858393028140863 0
635 0.5666551575401357 9.893281496041995 0
636 0.5666551575493938 9.923619296695561 0
637 1.08179620457732 1.32076585869409 0
638 1.081796204876213 2.469257898378023 0
639 1.081796205136119 3.467946633201736 0
640 1.081796205362125 4.336371618273634 0
641 1.081796205558652 5.091523768517277 0
642 1.081796205729545 5.74817780844552 0
643 1.081796205878147 6.319181325278557 0
644 1.081796206007366 6.815706123032741 0
645 1.081796206119731 7.247466812951623 0
646 1.08179620621744 7.622910892980122 0
647 1.081796206302404 7.949383996046378 0
648 1.081796206376286 8.233273650146495 0
649 1.08179620644053 8.48013421465126 0
650 1.081796206496396 8.694795586259678 0
651 1.081796206544974 8.881457644143987 0
652 1.081796206587216 9.043772468481491 0
653 1.081796206623948 9.184915798392442 0
654 1.081796206655889 9.307649122865744 0
655 1.081796206683664 9.414373751042829 0
656 1.081796206707816 9.507177775853659 0
657 1.081796206728818 9.587876934470367 0
658 1.081796206747081 9.658050113581726 0
659 1.081796206762961 9.719070272310548 0
660 1.08179620677677 9.772131278994914 0
661 1.081796206788778 9.818271284771734 0
662 1.081796206799219 9.858393029591131 0
663 1.081796206808299 9.893281497352548 0
664 1.081796206816194 9.923619297878167 0
665 1.550106249003622 1.320765859552535 0
666 1.550106249257425 2.469257900458273 0
667 1.550106249478123 3.467946636422862 0
668 1.550106249670034 4.336371622005029 0
669 1.550106249836914 5.09152377261216 0
670 1.550106249982026 5.748177812797302 0
671 1.55010625010821 6.319181329754589 0
672 1.550106250217936 6.815706127669211 0
673 1.55010625031335 7.247466817373311 0
674 1.550106250396319 7.622910897500307 0
675 1.550106250468465 7.94938400017636 0
676 1.550106250531202 8.233273654079801 0
677 1.550106250585755 8.48013421836891 0
678 1.550106250633192 8.694795589994554 0
679 1.550106250674442 8.881457647404758 0
680 1.550106250710312 9.043772471512412 0
681 1.550106250741502 9.184915801361363 0
682 1.550106250768625 9.307649125453217 0
683 1.55010625079221 9.414373753421327 0
684 1.550106250812719 9.507177778033709 0
685 1.550106250830552 9.587876936602305 0
686 1.550106250846059 9.658050115399195 0
687 1.550106250859544 9.719070274079835 0
688 1.55010625087127 9.772131280569987 0
689 1.550106250881466 9.818271286228468 0
690 1.550106250890333 9.85839303090955 0
691 1.550106250898043 9.893281498543958 0
692 1.550106250904747 9.923619298953268 0
693 1.975842655252981 1.32076586033294 0
694 1.975842655467422 2.469257902349409 0
695 1.975842655653892 3.467946639351159 0
696 1.97584265581604 4.336371625397207 0
697 1.975842655957039 5.091523776334782 0
698 1.975842656079646 5.748177816753466 0
699 1.975842656186261 6.31918133382371 0
700 1.97584265627897 6.815706131884181 0
701 1.975842656359587 7.247466821393026 0
702 1.975842656429688 7.622910901609568 0
703 1.975842656490645 7.949384003930888 0
704 1.975842656543652 8.233273657655529 0
705 1.975842656589745 8.480134221748589 0
706 1.975842656629825 8.694795593389896 0
707 1.975842656664678 8.8814576503691 0
708 1.975842656694985 9.043772474267797 0
709 1.975842656721339 9.184915804060379 0
710 1.975842656744255 9.307649127805467 0
711 1.975842656764182 9.414373755583597 0
712 1.975842656781509 9.507177780015573 0
713 1.975842656796577 9.587876938540427 0
714 1.97584265680968 9.658050117051442 0
715 1.975842656821073 9.71907027568828 0
716 1.97584265683098 9.77213128200188 0
717 1.975842656839595 9.818271287552774 0
718 1.975842656847087 9.85839303210812 0
719 1.975842656853601 9.89328149962706 0
720 1.975842656859266 9.923619299930632 0
721 2.362875752988119 1.320765861042398 0
722 2.362875753168082 2.469257904068622 0
723 2.362875753324572 3.467946642013247 0
724 2.36287575346065 4.336371628481005 0
725 2.362875753578978 5.091523779718983 0
726 2.362875753681872 5.748177820349981 0
727 2.362875753771345 6.319181337522909 0
728 2.362875753849148 6.815706135715973 0
729 2.362875753916803 7.247466825047314 0
730 2.362875753975633 7.622910905345257 0
731 2.362875754026789 7.949384007344094 0
732 2.362875754071274 8.233273660906194 0
733 2.362875754109955 8.480134224821025 0
734 2.362875754143592 8.694795596476565 0
735 2.36287575417284 8.881457653063954 0
736 2.362875754198274 9.043772476772693 0
737 2.362875754220391 9.184915806514034 0
738 2.362875754239623 9.307649129943876 0
739 2.362875754256346 9.414373757549296 0
740 2.362875754270887 9.507177781817266 0
741 2.362875754283533 9.587876940302356 0
742 2.362875754294529 9.658050118553479 0
743 2.36287575430409 9.719070277150498 0
744 2.362875754312404 9.772131283303594 0
745 2.362875754319634 9.818271288756689 0
746 2.362875754325921 9.858393033197725 0
747 2.362875754331388 9.893281500611698 0
748 2.362875754336142 9.923619300819142 0
749 2.714724024344074 1.32076586168736 0
750 2.714724024494043 2.469257905631544 0
751 2.714724024624452 3.467946644433326 0
752 2.71472402473785 4.336371631284458 0
753 2.714724024836456 5.09152378279553 0
754 2.714724024922202 5.748177823619536 0
755 2.714724024996762 6.319181340885817 0
756 2.714724025061598 6.815706139199421 0
757 2.714724025117977 7.247466828369393 0
758 2.714724025167002 7.622910908741338 0
759 2.714724025209633 7.94938401044701 0
760 2.714724025246703 8.233273663861345 0
761 2.714724025278938 8.480134227614149 0
762 2.714724025306968 8.694795599282633 0
763 2.714724025331342 8.88145765551382 0
764 2.714724025352536 9.043772479049867 0
765 2.714724025370967 9.184915808744631 0
766 2.714724025386994 9.30764913188788 0
767 2.71472402540093 9.414373759336296 0
768 2.714724025413048 9.507177783455171 0
769 2.714724025423585 9.587876941904112 0
770 2.714724025432748 9.658050119918972 0
771 2.714724025440717 9.719070278479789 0
772 2.714724025447645 9.772131284486974 0
773 2.71472402545367 9.818271289851156 0
774 2.714724025458909 9.858393034188277 0
775 2.714724025463465 9.893281501506822 0
776 2.714724025467426 9.92361930162688 0
777 3.034586090893741 1.32076586227369 0
778 3.034586091017681 2.469257907052383 0
779 3.034586091125455 3.467946646633398 0
780 3.034586091219173 4.336371633833051 0
781 3.034586091300668 5.09152378559239 0
782 3.034586091371532 5.748177826591862 0
783 3.034586091433152 6.319181343943009 0
784 3.034586091486736 6.81570614236619 0
785 3.03458609153333 7.247466831389466 0
786 3.034586091573846 7.622910911828687 0
787 3.034586091609078 7.949384013267843 0
788 3.034586091639714 8.233273666547843 0
789 3.034586091666355 8.480134230153356 0
790 3.03458609168952 8.694795601833603 0
791 3.034586091709665 8.881457657740976 0
792 3.034586091727181 9.04377248112003 0
793 3.034586091742413 9.184915810772447 0
794 3.034586091755657 9.307649133655161 0
795 3.034586091767175 9.414373760960839 0
796 3.034586091777189 9.507177784944176 0
797 3.034586091785898 9.587876943360248 0
798 3.034586091793472 9.658050121160327 0
799 3.034586091800057 9.719070279688234 0
800 3.034586091805783 9.772131285562773 0
801 3.034586091810762 9.818271290846125 0
802 3.034586091815092 9.858393035088778 0
803 3.034586091818857 9.893281502320574 0
804 3.034586091822131 9.923619302361187 0
805 3.325369785531762 1.320765862806716 0
806 3.325369785633169 2.469257908344054 0
807 3.325369785721349 3.467946648633465 0
808 3.325369785798026 4.336371636149955 0
809 3.325369785864703 5.091523788134991 0
810 3.325369785922683 5.748177829293977 0
811 3.3253697859731 6.319181346722272 0
812 3.32536978601694 6.815706145245075 0
813 3.325369786055063 7.247466834134985 0
814 3.325369786088213 7.622910914635367 0
815 3.32536978611704 7.949384015832236 0
816 3.325369786142105 8.233273668990117 0
817 3.325369786163902 8.480134232461721 0
818 3.325369786182856 8.694795604152665 0
819 3.325369786199337 8.88145765976566 0
820 3.325369786213669 9.043772483001996 0
821 3.325369786226131 9.184915812615909 0
822 3.325369786236967 9.307649135261778 0
823 3.325369786246391 9.414373762437702 0
824 3.325369786254586 9.507177786297813 0
825 3.32536978626171 9.587876944684014 0
826 3.325369786267907 9.658050122288833 0
827 3.325369786273294 9.719070280786822 0
828 3.32536978627798 9.77213128654077 0
829 3.325369786282053 9.818271291750643 0
830 3.325369786285596 9.858393035907415 0
831 3.325369786288678 9.893281503060345 0
832 3.325369786291356 9.923619303028742 0
833 3.589718597695688 1.320765863291286 0
834 3.589718597777634 2.4692579095183 0
835 3.589718597848889 3.467946650451706 0
836 3.589718597910851 4.336371638256229 0
837 3.589718597964732 5.091523790446445 0
838 3.589718598011584 5.748177831750445 0
839 3.589718598052325 6.319181349248875 0
840 3.589718598087753 6.81570614786224 0
841 3.589718598118558 7.247466836630913 0
842 3.589718598145347 7.622910917186894 0
843 3.58971859816864 7.949384018163504 0
844 3.589718598188897 8.233273671210364 0
845 3.589718598206509 8.480134234560236 0
846 3.589718598221825 8.694795606260902 0
847 3.589718598235143 8.881457661606277 0
848 3.589718598246725 9.043772484712871 0
849 3.589718598256796 9.184915814291788 0
850 3.589718598265552 9.30764913672234 0
851 3.589718598273167 9.414373763780301 0
852 3.589718598279789 9.507177787528395 0
853 3.589718598285546 9.587876945887436 0
854 3.589718598290554 9.658050123314748 0
855 3.589718598294908 9.719070281785539 0
856 3.589718598298693 9.772131287429858 0
857 3.589718598301985 9.818271292572932 0
858 3.589718598304848 9.858393036651631 0
859 3.589718598307337 9.893281503732867 0
860 3.589718598309502 9.923619303635606 0
861 3.830035698652791 1.320765863731804 0
862 3.830035698717974 2.469257910585798 0
863 3.830035698774657 3.467946652104652 0
864 3.830035698823944 4.336371640171024 0
865 3.830035698866803 5.091523792547768 0
866 3.830035698904072 5.748177833983595 0
867 3.830035698936479 6.319181351545788 0
868 3.83003569896466 6.815706150241481 0
869 3.830035698989165 7.247466838899937 0
870 3.830035699010474 7.622910919506464 0
871 3.830035699029003 7.949384020282836 0
872 3.830035699045116 8.233273673228771 0
873 3.830035699059126 8.480134236467977 0
874 3.830035699071309 8.694795608177484 0
875 3.830035699081903 8.881457663279569 0
876 3.830035699091116 9.043772486268216 0
877 3.830035699099125 9.184915815815314 0
878 3.830035699106093 9.307649138050124 0
879 3.830035699112148 9.414373765000843 0
880 3.830035699117416 9.507177788647109 0
881 3.830035699121996 9.587876946981455 0
882 3.830035699125979 9.658050124247396 0
883 3.830035699129442 9.719070282693464 0
884 3.830035699132454 9.772131288238123 0
885 3.830035699135072 9.818271293320469 0
886 3.830035699137349 9.858393037328188 0
887 3.83003569913933 9.89328150434425 0
888 3.830035699141052 9.923619304187303 0
889 4.048505788809985 1.320765864132275 0
890 4.048505788860775 2.469257911556249 0
891 4.048505788904943 3.467946653607332 0
892 4.04850578894335 4.336371641911749 0
893 4.048505788976748 5.091523794458062 0
894 4.048505789005787 5.748177836013733 0
895 4.04850578903104 6.319181353633888 0
896 4.048505789052999 6.815706152404429 0
897 4.048505789072093 7.247466840962688 0
898 4.048505789088699 7.622910921615163 0
899 4.048505789103137 7.949384022209503 0
900 4.048505789115692 8.233273675063685 0
901 4.04850578912661 8.480134238202293 0
902 4.048505789136103 8.694795609919831 0
903 4.048505789144357 8.881457664800749 0
904 4.048505789151536 9.043772487682162 0
905 4.048505789157778 9.184915817200338 0
906 4.048505789163206 9.307649139257197 0
907 4.048505789167926 9.41437376611043 0
908 4.048505789172031 9.507177789664116 0
909 4.048505789175598 9.587876947976017 0
910 4.048505789178702 9.658050125095258 0
911 4.0485057891814 9.719070283518848 0
912 4.048505789183748 9.772131288972908 0
913 4.048505789185787 9.818271294000047 0
914 4.048505789187562 9.858393037943241 0
915 4.048505789189106 9.893281504900056 0
916 4.048505789190449 9.923619304688847 0
917 4.247114964545198 1.32076586449634 0
918 4.247114964583678 2.469257912438478 0
919 4.247114964617137 3.467946654973403 0
920 4.247114964646232 4.336371643494226 0
921 4.247114964671533 5.091523796194693 0
922 4.247114964693533 5.748177837859314 0
923 4.247114964712663 6.319181355532162 0
924 4.2471149647293 6.815706154370743 0
925 4.247114964743765 7.247466842837915 0
926 4.247114964756345 7.622910923532163 0
927 4.247114964767284 7.94938402396102 0
928 4.247114964776793 8.233273676731789 0
929 4.247114964785065 8.480134239778938 0
930 4.247114964792256 8.694795611503784 0
931 4.24711496479851 8.881457666183632 0
932 4.247114964803948 9.043772488967566 0
933 4.247114964808678 9.184915818459451 0
934 4.24711496481279 9.307649140354538 0
935 4.247114964816364 9.414373767119145 0
936 4.247114964819475 9.507177790588671 0
937 4.247114964822178 9.587876948880171 0
938 4.247114964824529 9.658050125866044 0
939 4.247114964826573 9.719070284269199 0
940 4.24711496482835 9.772131289640896 0
941 4.247114964829896 9.818271294617846 0
942 4.247114964831241 9.858393038502381 0
943 4.24711496483241 9.893281505405328 0
944 4.247114964833427 9.923619305144792 0
945 4.42766876303813 1.320765864827307 0
946 4.427668763066112 2.469257913240503 0
947 4.427668763090447 3.467946656215288 0
948 4.427668763111609 4.33637164493284 0
949 4.427668763130008 5.091523797773448 0
950 4.427668763146009 5.748177839537111 0
951 4.427668763159923 6.319181357257869 0
952 4.427668763172019 6.815706156158302 0
953 4.42766876318254 7.247466844542667 0
954 4.427668763191688 7.62291092527489 0
955 4.427668763199643 7.949384025553305 0
956 4.42766876320656 8.233273678248251 0
957 4.427668763212576 8.480134241212252 0
958 4.427668763217806 8.694795612943738 0
959 4.427668763222353 8.881457667440802 0
960 4.427668763226309 9.043772490136121 0
961 4.427668763229748 9.184915819604099 0
962 4.427668763232738 9.307649141352123 0
963 4.427668763235339 9.414373768036157 0
964 4.427668763237603 9.507177791429177 0
965 4.427668763239566 9.587876949702119 0
966 4.427668763241279 9.658050126566753 0
967 4.427668763242764 9.719070284951334 0
968 4.427668763244057 9.772131290248154 0
969 4.427668763245181 9.81827129517948 0
970 4.42766876324616 9.858393039010691 0
971 4.427668763247009 9.893281505864669 0
972 4.427668763247748 9.92361930555929 0
973 4.591808578691111 1.320765865128187 0
974 4.591808578710189 2.469257913969619 0
975 4.591808578726783 3.467946657344273 0
976 4.591808578741211 4.336371646240671 0
977 4.591808578753756 5.091523799208681 0
978 4.591808578764664 5.748177841062383 0
979 4.591808578774152 6.319181358826688 0
980 4.591808578782402 6.815706157783358 0
981 4.591808578789575 7.247466846092443 0
982 4.591808578795812 7.622910926859187 0
983 4.591808578801237 7.949384027000837 0
984 4.591808578805953 8.23327367962685 0
985 4.591808578810053 8.480134242515266 0
986 4.59180857881362 8.694795614252788 0
987 4.591808578816721 8.881457668583687 0
988 4.591808578819418 9.043772491198443 0
989 4.591808578821762 9.184915820644687 0
990 4.591808578823802 9.307649142259017 0
991 4.591808578825574 9.414373768869805 0
992 4.591808578827116 9.507177792193271 0
993 4.591808578828457 9.587876950449351 0
994 4.591808578829623 9.65805012720377 0
995 4.591808578830637 9.71907028557146 0
996 4.591808578831519 9.772131290800212 0
997 4.591808578832286 9.818271295690053 0
998 4.59180857883295 9.858393039472791 0
999 4.591808578833533 9.893281506282253 0
1000 4.591808578834034 9.923619305936105 0
1001 4.741026590988024 1.320765865401714 0
1002 4.741026590999589 2.46925791463245 0
1003 4.741026591009645 3.467946658370622 0
1004 4.741026591018387 4.336371647429609 0
1005 4.741026591025991 5.091523800513436 0
1006 4.741026591032603 5.748177842448998 0
1007 4.741026591038351 6.319181360252892 0
1008 4.741026591043352 6.81570615926068 0
1009 4.741026591047699 7.247466847501329 0
1010 4.741026591051479 7.622910928299457 0
1011 4.741026591054768 7.949384028316776 0
1012 4.741026591057625 8.233273680880123 0
1013 4.741026591060112 8.480134243699817 0
1014 4.741026591062272 8.694795615442834 0
1015 4.741026591064151 8.881457669622666 0
1016 4.741026591065785 9.043772492164182 0
1017 4.741026591067206 9.184915821590678 0
1018 4.741026591068443 9.307649143083466 0
1019 4.741026591069518 9.414373769627669 0
1020 4.741026591070452 9.507177792887898 0
1021 4.741026591071264 9.587876951128646 0
1022 4.741026591071971 9.65805012778287 0
1023 4.741026591072585 9.719070286135208 0
1024 4.74102659107312 9.772131291302077 0
1025 4.741026591073584 9.818271296154215 0
1026 4.741026591073989 9.858393039892878 0
1027 4.74102659107434 9.89328150666187 0
1028 4.741026591074646 9.923619306278663 0
1029 4.876679327682425 1.320765865650375 0
1030 4.876679327687683 2.469257915235024 0
1031 4.876679327692254 3.467946659303668 0
1032 4.876679327696228 4.33637164851046 0
1033 4.876679327699684 5.091523801699577 0
1034 4.87667932770269 5.748177843709552 0
1035 4.876679327705304 6.319181361549436 0
1036 4.876679327707577 6.815706160603697 0
1037 4.876679327709552 7.247466848782132 0
1038 4.87667932771127 7.622910929608795 0
1039 4.876679327712766 7.949384029513085 0
1040 4.876679327714062 8.23327368201946 0
1041 4.876679327715192 8.480134244776693 0
1042 4.876679327716176 8.694795616524695 0
1043 4.876679327717031 8.881457670567194 0
1044 4.876679327717773 9.043772493042137 0
1045 4.876679327718418 9.184915822450666 0
1046 4.876679327718981 9.307649143832961 0
1047 4.876679327719469 9.414373770316633 0
1048 4.876679327719894 9.507177793519382 0
1049 4.876679327720264 9.587876951746194 0
1050 4.876679327720584 9.658050128309323 0
1051 4.876679327720864 9.719070286647705 0
1052 4.876679327721107 9.772131291758321 0
1053 4.876679327721318 9.818271296576183 0
1054 4.876679327721502 9.85839304027478 0
1055 4.876679327721662 9.89328150700698 0
1056 4.8766793277218 9.923619306590082 0
1057 5.169491525423727 1.320765865876431 0
1058 5.169491525423727 2.469257915782819 0
1059 5.169491525423727 3.467946660151892 0
1060 5.169491525423727 4.336371649493055 0
1061 5.169491525423727 5.091523802777887 0
1062 5.169491525423727 5.748177844855513 0
1063 5.169491525423727 6.319181362728118 0
1064 5.169491525423727 6.815706161824627 0
1065 5.169491525423727 7.247466849946501 0
1066 5.169491525423727 7.6229109307991 0
1067 5.169491525423727 7.949384030600639 0
1068 5.169491525423727 8.233273683055222 0
1069 5.169491525423727 8.480134245755663 0
1070 5.169491525423728 8.694795617508204 0
1071 5.169491525423727 8.88145767142586 0
1072 5.169491525423727 9.043772493840272 0
1073 5.169491525423727 9.184915823232476 0
1074 5.169491525423727 9.307649144514327 0
1075 5.169491525423728 9.414373770942968 0
1076 5.169491525423727 9.507177794093458 0
1077 5.169491525423727 9.587876952307601 0
1078 5.169491525423727 9.65805012878792 0
1079 5.169491525423727 9.719070287113615 0
1080 5.169491525423727 9.772131292173089 0
1081 5.169491525423727 9.818271296959788 0
1082 5.169491525423727 9.858393040621959 0
1083 5.169491525423727 9.893281507320717 0
1084 5.169491525423727 9.92361930687319 0
1085 5.338983050847458 1.320765865876431 0
1086 5.338983050847454 2.469257915782818 0
1087 5.338983050847456 3.467946660151891 0
1088 5.338983050847456 4.336371649493054 0
1089 5.338983050847456 5.091523802777886 0
1090 5.338983050847457 5.748177844855512 0
1091 5.338983050847456 6.319181362728117 0
1092 5.338983050847456 6.815706161824628 0
1093 5.338983050847456 7.247466849946501 0
1094 5.338983050847455 7.6229109307991 0
1095 5.338983050847455 7.949384030600638 0
1096 5.338983050847456 8.233273683055222 0
1097 5.338983050847456 8.480134245755663 0
1098 5.338983050847456 8.694795617508204 0
1099 5.338983050847456 8.88145767142586 0
1100 5.338983050847455 9.043772493840272 0
1101 5.338983050847455 9.184915823232476 0
1102 5.338983050847456 9.307649144514325 0
1103 5.338983050847455 9.414373770942966 0
1104 5.338983050847456 9.50717779409346 0
1105 5.338983050847456 9.587876952307601 0
1106 5.338983050847455 9.658050128787922 0
1107 5.338983050847455 9.719070287113617 0
1108 5.338983050847455 9.772131292173086 0
1109 5.338983050847455 9.818271296959788 0
1110 5.338983050847455 9.858393040621962 0
1111 5.338983050847455 9.893281507320719 0
1112 5.338983050847455 9.92361930687319 0
1113 5.508474576271186 1.320765865876431 0
1114 5.508474576271183 2.469257915782818 0
1115 5.508474576271184 3.467946660151891 0
1116 5.508474576271184 4.336371649493054 0
1117 5.508474576271185 5.091523802777887 0
1118 5.508474576271186 5.748177844855515 0
1119 5.508474576271183 6.319181362728117 0
1120 5.508474576271184 6.815706161824627 0
1121 5.508474576271183 7.247466849946501 0
1122 5.508474576271183 7.622910930799101 0
1123 5.508474576271183 7.949384030600638 0
1124 5.508474576271184 8.233273683055222 0
1125 5.508474576271183 8.480134245755664 0
1126 5.508474576271184 8.694795617508206 0
1127 5.508474576271183 8.88145767142586 0
1128 5.508474576271183 9.043772493840272 0
1129 5.508474576271183 9.184915823232476 0
1130 5.508474576271184 9.307649144514324 0
1131 5.508474576271184 9.414373770942964 0
1132 5.508474576271183 9.507177794093458 0
1133 5.508474576271183 9.587876952307601 0
1134 5.508474576271184 9.658050128787922 0
1135 5.508474576271184 9.719070287113617 0
1136 5.508474576271183 9.772131292173091 0
1137 5.508474576271184 9.818271296959788 0
1138 5.508474576271184 9.858393040621962 0
1139 5.508474576271183 9.893281507320717 0
1140 5.508474576271183 9.92361930687319 0
1141 5.677966101694913 1.320765865876431 0
1142 5.677966101694914 2.469257915782819 0
1143 5.677966101694914 3.467946660151891 0
1144 5.677966101694915 4.336371649493054 0
1145 5.677966101694914 5.091523802777887 0
1146 5.677966101694914 5.748177844855513 0
1147 5.677966101694914 6.319181362728116 0
1148 5.677966101694914 6.815706161824626 0
1149 5.677966101694914 7.247466849946501 0
1150 5.677966101694914 7.6229109307991 0
1151 5.677966101694914 7.949384030600638 0
1152 5.677966101694914 8.233273683055222 0
1153 5.677966101694914 8.480134245755663 0
1154 5.677966101694914 8.694795617508204 0
1155 5.677966101694914 8.88145767142586 0
1156 5.677966101694914 9.043772493840272 0
1157 5.677966101694914 9.18491582323248 0
1158 5.677966101694914 9.307649144514327 0
1159 5.677966101694914 9.414373770942968 0
1160 5.677966101694914 9.507177794093458 0
1161 5.677966101694914 9.5878769523076 0
1162 5.677966101694914 9.65805012878792 0
1163 5.677966101694914 9.719070287113615 0
1164 5.677966101694914 9.772131292173089 0
1165 5.677966101694914 9.818271296959786 0
1166 5.677966101694914 9.85839304062196 0
1167 5.677966101694914 9.893281507320717 0
1168 5.677966101694914 9.92361930687319 0
1169 5.847457627118642 1.320765865876431 0
1170 5.847457627118644 2.469257915782819 0
1171 5.847457627118643 3.467946660151892 0
1172 5.847457627118643 4.336371649493054 0
1173 5.847457627118642 5.091523802777887 0
1174 5.847457627118641 5.748177844855513 0
1175 5.847457627118642 6.319181362728117 0
1176 5.847457627118642 6.815706161824627 0
1177 5.847457627118643 7.247466849946504 0
1178 5.847457627118642 7.622910930799102 0
1179 5.847457627118641 7.949384030600637 0
1180 5.847457627118641 8.233273683055222 0
1181 5.847457627118642 8.480134245755664 0
1182 5.847457627118643 8.694795617508204 0
1183 5.847457627118641 8.88145767142586 0
1184 5.847457627118641 9.043772493840272 0
1185 5.847457627118642 9.184915823232476 0
1186 5.847457627118641 9.307649144514325 0
1187 5.847457627118642 9.414373770942966 0
1188 5.847457627118641 9.507177794093458 0
1189 5.847457627118642 9.587876952307601 0
1190 5.847457627118641 9.65805012878792 0
1191 5.847457627118643 9.719070287113615 0
1192 5.847457627118641 9.772131292173089 0
1193 5.847457627118643 9.818271296959788 0
1194 5.847457627118642 9.858393040621962 0
1195 5.847457627118642 9.893281507320717 0
1196 5.847457627118642 9.92361930687319 0
1197 6.01694915254237 1.320765865876431 0
1198 6.016949152542373 2.469257915782819 0
1199 6.016949152542371 3.467946660151892 0
1200 6.016949152542371 4.336371649493054 0
1201 6.01694915254237 5.091523802777887 0
1202 6.01694915254237 5.748177844855514 0
1203 6.01694915254237 6.319181362728117 0
1204 6.016949152542371 6.815706161824627 0
1205 6.016949152542371 7.247466849946501 0
1206 6.016949152542369 7.622910930799099 0
1207 6.016949152542369 7.949384030600638 0
1208 6.01694915254237 8.23327368305522 0
1209 6.016949152542369 8.480134245755663 0
1210 6.01694915254237 8.694795617508204 0
1211 6.016949152542369 8.88145767142586 0
1212 6.016949152542369 9.043772493840274 0
1213 6.016949152542371 9.184915823232476 0
1214 6.016949152542369 9.307649144514325 0
1215 6.01694915254237 9.414373770942964 0
1216 6.01694915254237 9.507177794093458 0
1217 6.016949152542369 9.587876952307601 0
1218 6.01694915254237 9.658050128787922 0
1219 6.01694915254237 9.719070287113615 0
1220 6.016949152542369 9.772131292173089 0
1221 6.01694915254237 9.818271296959786 0
1222 6.016949152542369 9.858393040621962 0
1223 6.01694915254237 9.893281507320717 0
1224 6.01694915254237 9.92361930687319 0
1225 6.186440677966102 1.320765865876431 0
1226 6.186440677966099 2.469257915782819 0
1227 6.186440677966101 3.467946660151891 0
1228 6.1864406779661 4.336371649493054 0
1229 6.186440677966101 5.091523802777887 0
1230 6.186440677966099 5.748177844855514 0
1231 6.186440677966101 6.319181362728117 0
1232 6.186440677966101 6.815706161824628 0
1233 6.186440677966099 7.247466849946501 0
1234 6.186440677966099 7.6229109307991 0
1235 6.186440677966099 7.949384030600638 0
1236 6.186440677966098 8.23327368305522 0
1237 6.186440677966098 8.480134245755663 0
1238 6.186440677966098 8.694795617508204 0
1239 6.186440677966098 8.88145767142586 0
1240 6.186440677966098 9.043772493840272 0
1241 6.186440677966098 9.184915823232476 0
1242 6.186440677966098 9.307649144514325 0
1243 6.186440677966099 9.414373770942966 0
1244 6.186440677966098 9.507177794093458 0
1245 6.186440677966098 9.5878769523076 0
1246 6.186440677966098 9.65805012878792 0
1247 6.186440677966098 9.719070287113617 0
1248 6.186440677966098 9.772131292173089 0
1249 6.186440677966098 9.818271296959788 0
1250 6.186440677966097 9.85839304062196 0
1251 6.186440677966098 9.893281507320717 0
1252 6.186440677966098 9.92361930687319 0
1253 6.35593220338983 1.320765865876431 0
1254 6.355932203389829 2.469257915782819 0
1255 6.35593220338983 3.467946660151891 0
1256 6.35593220338983 4.336371649493054 0
1257 6.35593220338983 5.091523802777888 0
1258 6.355932203389829 5.748177844855514 0
1259 6.355932203389828 6.319181362728117 0
1260 6.355932203389827 6.815706161824627 0
1261 6.355932203389828 7.247466849946501 0
1262 6.355932203389828 7.6229109307991 0
1263 6.355932203389825 7.949384030600638 0
1264 6.355932203389828 8.233273683055222 0
1265 6.355932203389828 8.480134245755664 0
1266 6.355932203389825 8.694795617508204 0
1267 6.355932203389828 8.88145767142586 0
1268 6.355932203389828 9.043772493840272 0
1269 6.355932203389826 9.184915823232476 0
1270 6.355932203389824 9.307649144514325 0
1271 6.355932203389825 9.41437377094296 0
1272 6.355932203389828 9.507177794093458 0
1273 6.355932203389828 9.587876952307601 0
1274 6.355932203389825 9.65805012878792 0
1275 6.355932203389826 9.719070287113615 0
1276 6.355932203389826 9.772131292173091 0
1277 6.355932203389826 9.818271296959788 0
1278 6.355932203389825 9.858393040621962 0
1279 6.355932203389825 9.893281507320717 0
1280 6.355932203389824 9.92361930687319 0
1281 6.52542372881356 1.320765865876431 0
1282 6.525423728813558 2.469257915782819 0
1283 6.525423728813556 3.467946660151891 0
1284 6.525423728813558 4.336371649493054 0
1285 6.525423728813556 5.091523802777886 0
1286 6.525423728813556 5.748177844855514 0
1287 6.525423728813556 6.319181362728116 0
1288 6.525423728813556 6.815706161824626 0
1289 6.525423728813556 7.247466849946501 0
1290 6.525423728813557 7.622910930799101 0
1291 6.525423728813557 7.949384030600638 0
1292 6.525423728813557 8.233273683055222 0
1293 6.525423728813554 8.480134245755661 0
1294 6.525423728813556 8.694795617508204 0
1295 6.525423728813555 8.881457671425862 0
1296 6.525423728813554 9.043772493840272 0
1297 6.525423728813556 9.184915823232476 0
1298 6.525423728813554 9.307649144514322 0
1299 6.525423728813554 9.414373770942966 0
1300 6.525423728813554 9.507177794093458 0
1301 6.525423728813554 9.587876952307603 0
1302 6.525423728813555 9.658050128787922 0
1303 6.525423728813557 9.719070287113617 0
1304 6.525423728813555 9.772131292173087 0
1305 6.525423728813555 9.818271296959788 0
1306 6.525423728813554 9.858393040621959 0
1307 6.525423728813554 9.893281507320717 0
1308 6.525423728813555 9.92361930687319 0
1309 6.694915254237289 1.320765865876431 0
1310 6.694915254237289 2.46925791578282 0
1311 6.694915254237287 3.467946660151892 0
1312 6.694915254237288 4.336371649493054 0
1313 6.694915254237286 5.091523802777889 0
1314 6.694915254237286 5.748177844855513 0
1315 6.694915254237286 6.319181362728116 0
1316 6.694915254237287 6.815706161824626 0
1317 6.694915254237287 7.2474668499465 0
1318 6.694915254237287 7.622910930799099 0
1319 6.694915254237285 7.949384030600638 0
1320 6.694915254237286 8.233273683055222 0
1321 6.694915254237286 8.480134245755663 0
1322 6.694915254237285 8.694795617508204 0
1323 6.694915254237286 8.88145767142586 0
1324 6.694915254237285 9.043772493840272 0
1325 6.694915254237285 9.184915823232476 0
1326 6.694915254237285 9.307649144514325 0
1327 6.694915254237285 9.414373770942964 0
1328 6.694915254237285 9.507177794093458 0
1329 6.694915254237285 9.5878769523076 0
1330 6.694915254237285 9.65805012878792 0
1331 6.694915254237285 9.719070287113615 0
1332 6.694915254237285 9.772131292173091 0
1333 6.694915254237286 9.818271296959788 0
1334 6.694915254237285 9.858393040621962 0
1335 6.694915254237285 9.893281507320717 0
1336 6.694915254237285 9.92361930687319 0
1337 6.864406779661018 1.320765865876431 0
1338 6.864406779661018 2.469257915782819 0
1339 6.864406779661016 3.467946660151892 0
1340 6.864406779661016 4.336371649493054 0
1341 6.864406779661015 5.091523802777887 0
1342 6.864406779661014 5.748177844855513 0
1343 6.864406779661015 6.319181362728117 0
1344 6.864406779661013 6.815706161824626 0
1345 6.864406779661014 7.247466849946501 0
1346 6.864406779661015 7.6229109307991 0
1347 6.864406779661015 7.949384030600638 0
1348 6.864406779661014 8.23327368305522 0
1349 6.864406779661015 8.480134245755664 0
1350 6.864406779661015 8.694795617508204 0
1351 6.864406779661013 8.88145767142586 0
1352 6.864406779661015 9.043772493840274 0
1353 6.864406779661015 9.184915823232476 0
1354 6.864406779661015 9.307649144514325 0
1355 6.864406779661014 9.414373770942966 0
1356 6.864406779661014 9.507177794093458 0
1357 6.864406779661014 9.5878769523076 0
1358 6.864406779661015 9.658050128787922 0
1359 6.864406779661015 9.719070287113615 0
1360 6.864406779661014 9.772131292173089 0
1361 6.864406779661015 9.818271296959788 0
1362 6.864406779661014 9.858393040621962 0
1363 6.864406779661014 9.893281507320717 0
1364 6.864406779661015 9.92361930687319 0
1365 7.033898305084744 1.320765865876431 0
1366 7.033898305084745 2.469257915782819 0
1367 7.033898305084747 3.467946660151892 0
1368 7.033898305084744 4.336371649493054 0
1369 7.033898305084744 5.091523802777887 0
1370 7.033898305084741 5.748177844855514 0
1371 7.033898305084742 6.319181362728117 0
1372 7.033898305084744 6.815706161824627 0
1373 7.033898305084742 7.2474668499465 0
1374 7.033898305084742 7.6229109307991 0
1375 7.033898305084743 7.949384030600638 0
1376 7.033898305084742 8.233273683055222 0
1377 7.033898305084743 8.480134245755664 0
1378 7.033898305084743 8.694795617508204 0
1379 7.033898305084743 8.88145767142586 0
1380 7.033898305084742 9.043772493840272 0
1381 7.033898305084741 9.184915823232476 0
1382 7.033898305084743 9.307649144514327 0
1383 7.033898305084743 9.414373770942966 0
1384 7.033898305084742 9.507177794093458 0
1385 7.033898305084743 9.587876952307601 0
1386 7.033898305084743 9.658050128787922 0
1387 7.033898305084743 9.719070287113615 0
1388 7.033898305084741 9.772131292173089 0
1389 7.033898305084742 9.818271296959786 0
1390 7.033898305084742 9.858393040621962 0
1391 7.033898305084743 9.893281507320717 0
1392 7.033898305084742 9.92361930687319 0
1393 7.203389830508475 1.320765865876431 0
1394 7.203389830508478 2.469257915782819 0
1395 7.203389830508474 3.467946660151892 0
1396 7.203389830508474 4.336371649493055 0
1397 7.203389830508473 5.091523802777886 0
1398 7.203389830508473 5.748177844855514 0
1399 7.203389830508473 6.319181362728117 0
1400 7.203389830508473 6.815706161824627 0
1401 7.203389830508473 7.247466849946501 0
1402 7.203389830508473 7.6229109307991 0
1403 7.203389830508473 7.949384030600638 0
1404 7.203389830508473 8.233273683055222 0
1405 7.203389830508473 8.480134245755663 0
1406 7.203389830508473 8.694795617508204 0
1407 7.203389830508471 8.88145767142586 0
1408 7.203389830508473 9.043772493840272 0
1409 7.203389830508471 9.184915823232476 0
1410 7.203389830508473 9.307649144514325 0
1411 7.203389830508472 9.414373770942966 0
1412 7.203389830508474 9.50717779409346 0
1413 7.203389830508471 9.587876952307601 0
1414 7.203389830508471 9.658050128787922 0
1415 7.203389830508472 9.719070287113615 0
1416 7.203389830508472 9.772131292173091 0
1417 7.203389830508472 9.818271296959788 0
1418 7.203389830508472 9.858393040621962 0
1419 7.203389830508471 9.893281507320717 0
1420 7.203389830508471 9.92361930687319 0
1421 7.372881355932204 1.320765865876431 0
1422 7.372881355932204 2.469257915782819 0
1423 7.372881355932202 3.467946660151891 0
1424 7.372881355932203 4.336371649493055 0
1425 7.372881355932201 5.091523802777888 0
1426 7.372881355932203 5.748177844855514 0
1427 7.372881355932201 6.319181362728117 0
1428 7.372881355932202 6.815706161824627 0
1429 7.372881355932202 7.247466849946501 0
1430 7.372881355932202 7.622910930799101 0
1431 7.372881355932202 7.949384030600638 0
1432 7.372881355932202 8.233273683055222 0
1433 7.372881355932202 8.480134245755664 0
1434 7.372881355932202 8.694795617508206 0
1435 7.372881355932202 8.881457671425858 0
1436 7.372881355932202 9.043772493840274 0
1437 7.372881355932202 9.184915823232478 0
1438 7.372881355932202 9.307649144514327 0
1439 7.372881355932202 9.414373770942966 0
1440 7.3728813559322 9.507177794093456 0
1441 7.3728813559322 9.587876952307601 0
1442 7.3728813559322 9.658050128787918 0
1443 7.3728813559322 9.719070287113615 0
1444 7.3728813559322 9.772131292173091 0
1445 7.3728813559322 9.818271296959788 0
1446 7.3728813559322 9.858393040621962 0
1447 7.3728813559322 9.893281507320717 0
1448 7.3728813559322 9.92361930687319 0
1449 7.542372881355933 1.320765865876431 0
1450 7.542372881355933 2.469257915782819 0
1451 7.542372881355933 3.467946660151891 0
1452 7.542372881355932 4.336371649493054 0
1453 7.542372881355932 5.091523802777888 0
1454 7.542372881355932 5.748177844855513 0
1455 7.542372881355932 6.319181362728117 0
1456 7.54237288135593 6.815706161824627 0
1457 7.542372881355932 7.2474668499465 0
1458 7.54237288135593 7.6229109307991 0
1459 7.542372881355928 7.94938403060064 0
1460 7.542372881355928 8.233273683055222 0
1461 7.54237288135593 8.480134245755666 0
1462 7.542372881355928 8.694795617508204 0
1463 7.54237288135593 8.881457671425864 0
1464 7.542372881355928 9.043772493840271 0
1465 7.542372881355928 9.18491582323248 0
1466 7.542372881355928 9.307649144514325 0
1467 7.542372881355928 9.414373770942964 0
1468 7.542372881355928 9.507177794093456 0
1469 7.542372881355928 9.587876952307601 0
1470 7.542372881355928 9.65805012878792 0
1471 7.542372881355928 9.719070287113615 0
1472 7.542372881355928 9.772131292173091 0
1473 7.542372881355927 9.818271296959786 0
1474 7.542372881355927 9.85839304062196 0
1475 7.542372881355928 9.893281507320717 0
1476 7.542372881355928 9.92361930687319 0
1477 7.711864406779663 1.320765865876431 0
1478 7.711864406779662 2.469257915782819 0
1479 7.71186440677966 3.467946660151892 0
1480 7.71186440677966 4.336371649493054 0
1481 7.711864406779659 5.091523802777886 0
1482 7.71186440677966 5.748177844855513 0
1483 7.711864406779658 6.319181362728117 0
1484 7.71186440677966 6.815706161824626 0
1485 7.711864406779657 7.2474668499465 0
1486 7.71186440677966 7.6229109307991 0
1487 7.711864406779657 7.94938403060064 0
1488 7.71186440677966 8.233273683055222 0
1489 7.711864406779658 8.480134245755663 0
1490 7.711864406779658 8.694795617508204 0
1491 7.711864406779656 8.881457671425862 0
1492 7.711864406779656 9.043772493840272 0
1493 7.711864406779656 9.184915823232476 0
1494 7.711864406779656 9.307649144514325 0
1495 7.711864406779658 9.414373770942968 0
1496 7.711864406779656 9.507177794093458 0
1497 7.711864406779656 9.587876952307601 0
1498 7.711864406779656 9.658050128787922 0
1499 7.711864406779656 9.719070287113615 0
1500 7.711864406779656 9.772131292173089 0
1501 7.711864406779656 9.818271296959788 0
1502 7.711864406779656 9.858393040621962 0
1503 7.711864406779656 9.893281507320717 0
1504 7.711864406779656 9.92361930687319 0
1505 7.881355932203392 1.320765865876431 0
1506 7.881355932203389 2.469257915782819 0
1507 7.881355932203393 3.467946660151892 0
1508 7.881355932203388 4.336371649493054 0
1509 7.88135593220339 5.091523802777887 0
1510 7.881355932203388 5.748177844855514 0
1511 7.881355932203388 6.319181362728117 0
1512 7.881355932203387 6.815706161824626 0
1513 7.881355932203388 7.247466849946501 0
1514 7.881355932203387 7.622910930799102 0
1515 7.881355932203388 7.949384030600638 0
1516 7.881355932203387 8.233273683055222 0
1517 7.881355932203387 8.480134245755663 0
1518 7.881355932203387 8.694795617508204 0
1519 7.881355932203387 8.88145767142586 0
1520 7.881355932203388 9.043772493840272 0
1521 7.881355932203385 9.184915823232476 0
1522 7.881355932203385 9.307649144514325 0
1523 7.881355932203386 9.414373770942966 0
1524 7.881355932203386 9.507177794093458 0
1525 7.881355932203383 9.587876952307601 0
1526 7.881355932203387 9.65805012878792 0
1527 7.881355932203385 9.719070287113615 0
1528 7.881355932203387 9.772131292173089 0
1529 7.881355932203387 9.818271296959788 0
1530 7.881355932203384 9.858393040621962 0
1531 7.881355932203384 9.893281507320717 0
1532 7.881355932203384 9.92361930687319 0
1533 8.050847457627119 1.320765865876431 0
1534 8.050847457627116 2.469257915782819 0
1535 8.050847457627116 3.467946660151892 0
1536 8.050847457627114 4.336371649493054 0
1537 8.050847457627116 5.091523802777886 0
1538 8.050847457627116 5.748177844855513 0
1539 8.050847457627112 6.319181362728117 0
1540 8.050847457627116 6.815706161824627 0
1541 8.050847457627112 7.247466849946501 0
1542 8.050847457627116 7.6229109307991 0
1543 8.050847457627112 7.949384030600638 0
1544 8.050847457627112 8.233273683055222 0
1545 8.050847457627112 8.480134245755663 0
1546 8.050847457627112 8.694795617508204 0
1547 8.050847457627112 8.88145767142586 0
1548 8.050847457627111 9.043772493840272 0
1549 8.050847457627112 9.184915823232476 0
1550 8.050847457627112 9.307649144514325 0
1551 8.050847457627112 9.414373770942966 0
1552 8.050847457627112 9.507177794093458 0
1553 8.050847457627112 9.587876952307601 0
1554 8.050847457627112 9.65805012878792 0
1555 8.050847457627112 9.719070287113615 0
1556 8.050847457627112 9.772131292173091 0
1557 8.050847457627112 9.818271296959788 0
1558 8.050847457627112 9.858393040621962 0
1559 8.050847457627111 9.893281507320717 0
1560 8.050847457627112 9.92361930687319 0
1561 8.220338983050848 1.320765865876431 0
1562 8.220338983050848 2.469257915782819 0
1563 8.220338983050844 3.467946660151892 0
1564 8.220338983050844 4.336371649493054 0
1565 8.220338983050844 5.091523802777887 0
1566 8.220338983050842 5.748177844855514 0
1567 8.220338983050844 6.319181362728117 0
1568 8.220338983050842 6.815706161824627 0
1569 8.220338983050844 7.247466849946501 0
1570 8.220338983050844 7.6229109307991 0
1571 8.220338983050844 7.949384030600638 0
1572 8.220338983050844 8.233273683055222 0
1573 8.220338983050844 8.480134245755664 0
1574 8.220338983050844 8.694795617508204 0
1575 8.220338983050842 8.88145767142586 0
1576 8.220338983050844 9.043772493840272 0
1577 8.220338983050844 9.184915823232476 0
1578 8.220338983050844 9.307649144514325 0
1579 8.220338983050842 9.414373770942966 0
1580 8.220338983050839 9.507177794093458 0
1581 8.220338983050844 9.587876952307601 0
1582 8.220338983050844 9.65805012878792 0
1583 8.220338983050844 9.719070287113615 0
1584 8.220338983050844 9.772131292173089 0
1585 8.220338983050844 9.818271296959788 0
1586 8.220338983050844 9.858393040621962 0
1587 8.220338983050844 9.893281507320717 0
1588 8.220338983050842 9.92361930687319 0
1589 8.389830508474578 1.320765865876431 0
1590 8.389830508474578 2.469257915782819 0
1591 8.389830508474578 3.467946660151892 0
1592 8.389830508474573 4.336371649493054 0
1593 8.389830508474573 5.091523802777886 0
1594 8.389830508474573 5.748177844855513 0
1595 8.389830508474574 6.319181362728117 0
1596 8.389830508474574 6.815706161824626 0
1597 8.389830508474574 7.247466849946501 0
1598 8.389830508474574 7.6229109307991 0
1599 8.389830508474573 7.949384030600638 0
1600 8.389830508474573 8.233273683055222 0
1601 8.389830508474574 8.480134245755664 0
1602 8.389830508474574 8.694795617508204 0
1603 8.389830508474574 8.88145767142586 0
1604 8.389830508474573 9.043772493840272 0
1605 8.389830508474573 9.184915823232476 0
1606 8.389830508474573 9.307649144514325 0
1607 8.389830508474573 9.414373770942966 0
1608 8.389830508474573 9.50717779409346 0
1609 8.389830508474573 9.587876952307601 0
1610 8.389830508474574 9.658050128787922 0
1611 8.389830508474574 9.719070287113615 0
1612 8.389830508474574 9.772131292173089 0
1613 8.389830508474574 9.818271296959788 0
1614 8.389830508474573 9.858393040621962 0
1615 8.389830508474574 9.893281507320717 0
1616 8.389830508474574 9.92361930687319 0
1617 8.559322033898306 1.320765865876431 0
1618 8.559322033898306 2.469257915782819 0
1619 8.559322033898303 3.467946660151891 0
1620 8.559322033898303 4.336371649493054 0
1621 8.559322033898301 5.091523802777887 0
1622 8.559322033898303 5.748177844855513 0
1623 8.559322033898303 6.319181362728117 0
1624 8.559322033898299 6.815706161824626 0
1625 8.559322033898299 7.247466849946503 0
1626 8.559322033898297 7.622910930799102 0
1627 8.559322033898299 7.949384030600638 0
1628 8.559322033898299 8.233273683055222 0
1629 8.559322033898299 8.480134245755663 0
1630 8.559322033898297 8.694795617508204 0
1631 8.559322033898297 8.88145767142586 0
1632 8.559322033898297 9.043772493840272 0
1633 8.559322033898299 9.184915823232476 0
1634 8.559322033898299 9.307649144514325 0
1635 8.559322033898299 9.414373770942968 0
1636 8.559322033898299 9.507177794093458 0
1637 8.559322033898299 9.587876952307601 0
1638 8.559322033898299 9.65805012878792 0
1639 8.559322033898299 9.719070287113615 0
1640 8.559322033898299 9.772131292173089 0
1641 8.559322033898299 9.818271296959788 0
1642 8.559322033898299 9.85839304062196 0
1643 8.559322033898299 9.893281507320719 0
1644 8.559322033898299 9.92361930687319 0
1645 8.728813559322035 1.320765865876431 0
1646 8.728813559322033 2.469257915782819 0
1647 8.728813559322031 3.467946660151891 0
1648 8.728813559322031 4.336371649493054 0
1649 8.728813559322031 5.091523802777887 0
1650 8.728813559322029 5.748177844855513 0
1651 8.728813559322029 6.319181362728117 0
1652 8.728813559322029 6.815706161824626 0
1653 8.728813559322031 7.247466849946501 0
1654 8.728813559322031 7.6229109307991 0
1655 8.728813559322029 7.949384030600639 0
1656 8.728813559322031 8.233273683055222 0
1657 8.728813559322029 8.480134245755664 0
1658 8.728813559322029 8.694795617508204 0
1659 8.728813559322031 8.88145767142586 0
1660 8.728813559322029 9.043772493840272 0
1661 8.728813559322031 9.184915823232476 0
1662 8.728813559322029 9.307649144514325 0
1663 8.728813559322029 9.414373770942966 0
1664 8.728813559322031 9.507177794093458 0
1665 8.728813559322029 9.587876952307601 0
1666 8.728813559322031 9.65805012878792 0
1667 8.728813559322031 9.719070287113615 0
1668 8.728813559322029 9.772131292173089 0
1669 8.728813559322029 9.818271296959788 0
1670 8.728813559322029 9.858393040621962 0
1671 8.728813559322029 9.893281507320717 0
1672 8.728813559322031 9.92361930687319 0
1673 8.898305084745763 1.320765865876431 0
1674 8.898305084745761 2.469257915782819 0
1675 8.898305084745763 3.467946660151891 0
1676 8.898305084745763 4.336371649493054 0
1677 8.898305084745763 5.091523802777887 0
1678 8.898305084745763 5.748177844855514 0
1679 8.898305084745761 6.319181362728117 0
1680 8.898305084745763 6.815706161824626 0
1681 8.898305084745758 7.247466849946501 0
1682 8.898305084745759 7.6229109307991 0
1683 8.898305084745758 7.94938403060064 0
1684 8.898305084745759 8.233273683055222 0
1685 8.898305084745759 8.480134245755664 0
1686 8.898305084745763 8.694795617508204 0
1687 8.898305084745758 8.88145767142586 0
1688 8.898305084745763 9.043772493840272 0
1689 8.898305084745758 9.184915823232476 0
1690 8.898305084745759 9.307649144514325 0
1691 8.898305084745759 9.414373770942966 0
1692 8.898305084745758 9.507177794093456 0
1693 8.898305084745758 9.587876952307601 0
1694 8.898305084745763 9.65805012878792 0
1695 8.898305084745759 9.719070287113615 0
1696 8.898305084745759 9.772131292173089 0
1697 8.898305084745759 9.818271296959788 0
1698 8.898305084745759 9.858393040621962 0
1699 8.898305084745761 9.893281507320717 0
1700 8.898305084745759 9.92361930687319 0
1701 9.06779661016949 1.320765865876431 0
1702 9.06779661016949 2.469257915782819 0
1703 9.067796610169491 3.467946660151892 0
1704 9.06779661016949 4.336371649493054 0
1705 9.067796610169486 5.091523802777887 0
1706 9.067796610169486 5.748177844855514 0
1707 9.067796610169486 6.319181362728117 0
1708 9.067796610169488 6.815706161824627 0
1709 9.067796610169488 7.247466849946501 0
1710 9.067796610169486 7.622910930799102 0
1711 9.067796610169486 7.949384030600638 0
1712 9.067796610169488 8.233273683055222 0
1713 9.067796610169486 8.480134245755663 0
1714 9.067796610169486 8.694795617508204 0
1715 9.067796610169486 8.88145767142586 0
1716 9.067796610169486 9.043772493840272 0
1717 9.067796610169488 9.184915823232476 0
1718 9.067796610169486 9.307649144514325 0
1719 9.067796610169488 9.414373770942966 0
1720 9.067796610169486 9.507177794093458 0
1721 9.067796610169488 9.587876952307601 0
1722 9.067796610169488 9.658050128787922 0
1723 9.067796610169488 9.719070287113615 0
1724 9.067796610169486 9.772131292173089 0
1725 9.067796610169486 9.818271296959788 0
1726 9.067796610169486 9.858393040621962 0
1727 9.067796610169486 9.893281507320717 0
1728 9.067796610169488 9.92361930687319 0
1729 9.23728813559322 1.320765865876431 0
1730 9.237288135593216 2.46925791578282 0
1731 9.237288135593218 3.467946660151892 0
1732 9.237288135593216 4.336371649493054 0
1733 9.237288135593216 5.091523802777887 0
1734 9.237288135593218 5.748177844855513 0
1735 9.237288135593216 6.319181362728117 0
1736 9.237288135593218 6.815706161824626 0
1737 9.237288135593216 7.247466849946503 0
1738 9.237288135593218 7.622910930799099 0
1739 9.237288135593213 7.949384030600639 0
1740 9.237288135593218 8.233273683055222 0
1741 9.237288135593214 8.480134245755666 0
1742 9.237288135593216 8.694795617508204 0
1743 9.237288135593216 8.881457671425864 0
1744 9.237288135593213 9.043772493840274 0
1745 9.237288135593218 9.18491582323248 0
1746 9.237288135593213 9.307649144514325 0
1747 9.237288135593214 9.414373770942966 0
1748 9.237288135593214 9.507177794093458 0
1749 9.237288135593213 9.587876952307601 0
1750 9.237288135593216 9.65805012878792 0
1751 9.237288135593214 9.719070287113615 0
1752 9.237288135593214 9.772131292173093 0
1753 9.237288135593213 9.818271296959788 0
1754 9.237288135593213 9.858393040621964 0
1755 9.237288135593213 9.893281507320717 0
1756 9.237288135593213 9.923619306873189 0
1757 9.40677966101695 1.320765865876431 0
1758 9.406779661016945 2.46925791578282 0
1759 9.406779661016946 3.467946660151891 0
1760 9.406779661016946 4.336371649493054 0
1761 9.406779661016945 5.091523802777888 0
1762 9.406779661016946 5.748177844855513 0
1763 9.406779661016943 6.319181362728117 0
1764 9.406779661016945 6.815706161824626 0
1765 9.406779661016943 7.2474668499465 0
1766 9.406779661016943 7.622910930799102 0
1767 9.406779661016943 7.94938403060064 0
1768 9.406779661016943 8.233273683055222 0
1769 9.406779661016943 8.480134245755663 0
1770 9.406779661016943 8.694795617508204 0
1771 9.406779661016943 8.88145767142586 0
1772 9.406779661016943 9.043772493840272 0
1773 9.406779661016943 9.184915823232478 0
1774 9.406779661016943 9.307649144514325 0
1775 9.406779661016941 9.414373770942964 0
1776 9.406779661016941 9.507177794093456 0
1777 9.406779661016943 9.587876952307601 0
1778 9.406779661016943 9.65805012878792 0
1779 9.406779661016941 9.719070287113615 0
1780 9.406779661016943 9.772131292173089 0
1781 9.406779661016943 9.818271296959788 0
1782 9.406779661016943 9.858393040621964 0
1783 9.406779661016941 9.893281507320717 0
1784 9.406779661016943 9.92361930687319 0
1785 9.576271186440676 1.320765865876431 0
1786 9.576271186440675 2.469257915782819 0
1787 9.576271186440673 3.467946660151891 0
1788 9.576271186440675 4.336371649493054 0
1789 9.576271186440675 5.091523802777888 0
1790 9.576271186440673 5.748177844855513 0
1791 9.576271186440675 6.319181362728117 0
1792 9.576271186440675 6.815706161824626 0
1793 9.576271186440675 7.247466849946503 0
1794 9.576271186440673 7.622910930799102 0
1795 9.576271186440673 7.949384030600639 0
1796 9.576271186440671 8.23327368305522 0
1797 9.576271186440671 8.480134245755663 0
1798 9.576271186440669 8.694795617508204 0
1799 9.576271186440669 8.88145767142586 0
1800 9.576271186440669 9.043772493840274 0
1801 9.576271186440669 9.184915823232478 0
1802 9.576271186440675 9.307649144514329 0
1803 9.576271186440669 9.414373770942968 0
1804 9.576271186440671 9.507177794093462 0
1805 9.576271186440675 9.587876952307601 0
1806 9.576271186440669 9.658050128787925 0
1807 9.576271186440671 9.719070287113615 0
1808 9.576271186440669 9.772131292173091 0
1809 9.576271186440671 9.818271296959788 0
1810 9.576271186440671 9.858393040621964 0
1811 9.576271186440671 9.893281507320717 0
1812 9.576271186440669 9.92361930687319 0
1813 9.745762711864403 1.320765865876431 0
1814 9.745762711864405 2.469257915782819 0
1815 9.745762711864403 3.467946660151891 0
1816 9.745762711864405 4.336371649493054 0
1817 9.745762711864405 5.091523802777887 0
1818 9.745762711864405 5.748177844855513 0
1819 9.745762711864405 6.319181362728117 0
1820 9.745762711864401 6.815706161824627 0
1821 9.745762711864405 7.247466849946501 0
1822 9.745762711864401 7.622910930799102 0
1823 9.745762711864401 7.949384030600638 0
1824 9.745762711864401 8.233273683055222 0
1825 9.745762711864396 8.480134245755663 0
1826 9.745762711864401 8.694795617508204 0
1827 9.745762711864401 8.88145767142586 0
1828 9.745762711864401 9.043772493840272 0
1829 9.745762711864398 9.184915823232476 0
1830 9.745762711864401 9.307649144514325 0
1831 9.745762711864398 9.414373770942966 0
1832 9.745762711864396 9.507177794093458 0
1833 9.745762711864398 9.587876952307601 0
1834 9.745762711864396 9.65805012878792 0
1835 9.745762711864398 9.719070287113615 0
1836 9.745762711864398 9.772131292173091 0
1837 9.745762711864398 9.818271296959788 0
1838 9.745762711864396 9.85839304062196 0
1839 9.745762711864398 9.893281507320717 0
1840 9.745762711864396 9.92361930687319 0
1841 9.91525423728813 1.320765865876431 0
1842 9.915254237288135 2.46925791578282 0
1843 9.91525423728813 3.467946660151891 0
1844 9.915254237288131 4.336371649493054 0
1845 9.915254237288131 5.091523802777888 0
1846 9.91525423728813 5.748177844855514 0
1847 9.91525423728813 6.319181362728117 0
1848 9.915254237288133 6.815706161824627 0
1849 9.915254237288131 7.247466849946503 0
1850 9.915254237288131 7.6229109307991 0
1851 9.915254237288126 7.94938403060064 0
1852 9.915254237288128 8.233273683055222 0
1853 9.91525423728813 8.480134245755663 0
1854 9.915254237288131 8.694795617508204 0
1855 9.915254237288128 8.881457671425862 0
1856 9.915254237288131 9.043772493840272 0
1857 9.915254237288126 9.184915823232476 0
1858 9.91525423728813 9.307649144514325 0
1859 9.915254237288128 9.414373770942964 0
1860 9.915254237288126 9.507177794093458 0
1861 9.915254237288128 9.587876952307601 0
1862 9.915254237288126 9.658050128787924 0
1863 9.915254237288128 9.719070287113615 0
1864 9.915254237288126 9.772131292173089 0
1865 9.915254237288126 9.818271296959786 0
1866 9.915254237288126 9.85839304062196 0
1867 9.915254237288126 9.893281507320717 0
1868 9.915254237288126 9.92361930687319 0
1869 10.08474576271186 1.320765865876431 0
1870 10.08474576271187 2.469257915782819 0
1871 10.08474576271186 3.467946660151892 0
1872 10.08474576271186 4.336371649493054 0
1873 10.08474576271186 5.091523802777887 0
1874 10.08474576271186 5.748177844855513 0
1875 10.08474576271186 6.319181362728117 0
1876 10.08474576271186 6.815706161824626 0
1877 10.08474576271186 7.247466849946501 0
1878 10.08474576271186 7.6229109307991 0
1879 10.08474576271186 7.94938403060064 0
1880 10.08474576271186 8.233273683055222 0
1881 10.08474576271186 8.480134245755663 0
1882 10.08474576271186 8.694795617508204 0
1883 10.08474576271186 8.88145767142586 0
1884 10.08474576271186 9.043772493840272 0
1885 10.08474576271186 9.184915823232476 0
1886 10.08474576271186 9.307649144514325 0
1887 10.08474576271186 9.414373770942964 0
1888 10.08474576271186 9.507177794093458 0
1889 10.08474576271186 9.587876952307601 0
1890 10.08474576271186 9.65805012878792 0
1891 10.08474576271186 9.719070287113615 0
1892 10.08474576271186 9.772131292173091 0
1893 10.08474576271186 9.818271296959788 0
1894 10.08474576271186 9.85839304062196 0
1895 10.08474576271186 9.893281507320717 0
1896 10.08474576271186 9.92361930687319 0
1897 10.25423728813559 1.320765865876431 0
1898 10.25423728813559 2.469257915782819 0
1899 10.25423728813559 3.467946660151892 0
1900 10.25423728813559 4.336371649493054 0
1901 10.25423728813559 5.091523802777887 0
1902 10.25423728813559 5.748177844855514 0
1903 10.25423728813559 6.319181362728117 0
1904 10.25423728813559 6.815706161824626 0
1905 10.25423728813559 7.247466849946501 0
1906 10.25423728813559 7.6229109307991 0
1907 10.25423728813559 7.94938403060064 0
1908 10.25423728813559 8.233273683055222 0
1909 10.25423728813558 8.480134245755664 0
1910 10.25423728813559 8.694795617508204 0
1911 10.25423728813559 8.88145767142586 0
1912 10.25423728813559 9.043772493840272 0
1913 10.25423728813559 9.184915823232476 0
1914 10.25423728813558 9.307649144514325 0
1915 10.25423728813559 9.414373770942966 0
1916 10.25423728813559 9.507177794093458 0
1917 10.25423728813559 9.587876952307601 0
1918 10.25423728813559 9.65805012878792 0
1919 10.25423728813558 9.719070287113615 0
1920 10.25423728813559 9.772131292173091 0
1921 10.25423728813559 9.818271296959788 0
1922 10.25423728813559 9.85839304062196 0
1923 10.25423728813559 9.893281507320717 0
1924 10.25423728813558 9.92361930687319 0
1925 10.42372881355932 1.320765865876431 0
1926 10.42372881355932 2.469257915782819 0
1927 10.42372881355932 3.467946660151892 0
1928 10.42372881355932 4.336371649493054 0
1929 10.42372881355932 5.091523802777886 0
1930 10.42372881355932 5.748177844855514 0
1931 10.42372881355932 6.319181362728117 0
1932 10.42372881355932 6.815706161824626 0
1933 10.42372881355932 7.247466849946501 0
1934 10.42372881355932 7.622910930799102 0
1935 10.42372881355932 7.949384030600638 0
1936 10.42372881355932 8.233273683055222 0
1937 10.42372881355931 8.480134245755664 0
1938 10.42372881355932 8.694795617508204 0
1939 10.42372881355932 8.88145767142586 0
1940 10.42372881355931 9.043772493840272 0
1941 10.42372881355932 9.184915823232476 0
1942 10.42372881355931 9.307649144514325 0
1943 10.42372881355931 9.414373770942964 0
1944 10.42372881355931 9.507177794093458 0
1945 10.42372881355931 9.587876952307601 0
1946 10.42372881355931 9.65805012878792 0
1947 10.42372881355931 9.719070287113615 0
1948 10.42372881355931 9.772131292173091 0
1949 10.42372881355931 9.818271296959788 0
1950 10.42372881355931 9.858393040621962 0
1951 10.42372881355931 9.893281507320717 0
1952 10.42372881355931 9.92361930687319 0
1953 10.59322033898305 1.320765865876431 0
1954 10.59322033898305 2.469257915782819 0
1955 10.59322033898304 3.467946660151892 0
1956 10.59322033898305 4.336371649493054 0
1957 10.59322033898305 5.091523802777886 0
1958 10.59322033898304 5.748177844855513 0
1959 10.59322033898305 6.319181362728117 0
1960 10.59322033898304 6.815706161824626 0
1961 10.59322033898304 7.247466849946503 0
1962 10.59322033898304 7.6229109307991 0
1963 10.59322033898304 7.949384030600638 0
1964 10.59322033898304 8.233273683055222 0
1965 10.59322033898304 8.480134245755663 0
1966 10.59322033898304 8.694795617508204 0
1967 10.59322033898304 8.88145767142586 0
1968 10.59322033898304 9.043772493840274 0
1969 10.59322033898304 9.184915823232478 0
1970 10.59322033898304 9.307649144514325 0
1971 10.59322033898304 9.414373770942968 0
1972 10.59322033898304 9.507177794093458 0
1973 10.59322033898304 9.587876952307601 0
1974 10.59322033898304 9.658050128787922 0
1975 10.59322033898304 9.719070287113615 0
1976 10.59322033898304 9.772131292173087 0
1977 10.59322033898304 9.818271296959788 0
1978 10.59322033898304 9.85839304062196 0
1979 10.59322033898304 9.893281507320717 0
1980 10.59322033898304 9.92361930687319 0
1981 10.76271186440677 1.320765865876431 0
1982 10.76271186440678 2.469257915782819 0
1983 10.76271186440678 3.467946660151891 0
1984 10.76271186440677 4.336371649493054 0
1985 10.76271186440677 5.091523802777886 0
1986 10.76271186440677 5.748177844855513 0
1987 10.76271186440677 6.319181362728117 0
1988 10.76271186440677 6.815706161824626 0
1989 10.76271186440677 7.247466849946501 0
1990 10.76271186440677 7.6229109307991 0
1991 10.76271186440677 7.949384030600638 0
1992 10.76271186440677 8.233273683055222 0
1993 10.76271186440677 8.480134245755664 0
1994 10.76271186440677 8.694795617508204 0
1995 10.76271186440677 8.88145767142586 0
1996 10.76271186440677 9.043772493840272 0
1997 10.76271186440677 9.184915823232476 0
1998 10.76271186440677 9.307649144514325 0
1999 10.76271186440677 9.414373770942966 0
2000 10.76271186440677 9.507177794093456 0
2001 10.76271186440677 9.587876952307601 0
2002 10.76271186440677 9.658050128787922 0
2003 10.76271186440677 9.719070287113615 0
2004 10.76271186440677 9.772131292173089 0
2005 10.76271186440677 9.818271296959788 0
2006 10.76271186440677 9.858393040621962 0
2007 10.76271186440677 9.893281507320717 0
2008 10.76271186440677 9.92361930687319 0
2009 10.93220338983051 1.320765865876431 0
2010 10.93220338983051 2.469257915782819 0
2011 10.93220338983051 3.467946660151891 0
2012 10.93220338983051 4.336371649493054 0
2013 10.9322033898305 5.091523802777887 0
2014 10.9322033898305 5.748177844855513 0
2015 10.9322033898305 6.319181362728117 0
2016 10.9322033898305 6.815706161824626 0
2017 10.9322033898305 7.247466849946501 0
2018 10.93220338983051 7.6229109307991 0
2019 10.9322033898305 7.949384030600638 0
2020 10.9322033898305 8.233273683055222 0
2021 10.93220338983051 8.480134245755664 0
2022 10.9322033898305 8.694795617508204 0
2023 10.93220338983051 8.88145767142586 0
2024 10.9322033898305 9.043772493840272 0
2025 10.93220338983051 9.184915823232476 0
2026 10.93220338983051 9.307649144514325 0
2027 10.93220338983051 9.414373770942966 0
2028 10.93220338983051 9.507177794093458 0
2029 10.9322033898305 9.587876952307601 0
2030 10.93220338983051 9.658050128787922 0
2031 10.9322033898305 9.719070287113615 0
2032 10.93220338983051 9.772131292173089 0
2033 10.93220338983051 9.818271296959788 0
2034 10.93220338983051 9.858393040621962 0
2035 10.9322033898305 9.893281507320717 0
2036 10.93220338983051 9.92361930687319 0
2037 11.10169491525423 1.320765865876431 0
2038 11.10169491525424 2.469257915782819 0
2039 11.10169491525423 3.467946660151891 0
2040 11.10169491525423 4.336371649493055 0
2041 11.10169491525423 5.091523802777887 0
2042 11.10169491525423 5.748177844855514 0
2043 11.10169491525423 6.319181362728117 0
2044 11.10169491525423 6.815706161824627 0
2045 11.10169491525423 7.247466849946503 0
2046 11.10169491525423 7.622910930799102 0
2047 11.10169491525423 7.949384030600638 0
2048 11.10169491525423 8.233273683055222 0
2049 11.10169491525423 8.480134245755664 0
2050 11.10169491525423 8.694795617508204 0
2051 11.10169491525423 8.88145767142586 0
2052 11.10169491525423 9.043772493840272 0
2053 11.10169491525423 9.184915823232476 0
2054 11.10169491525423 9.307649144514325 0
2055 11.10169491525423 9.414373770942966 0
2056 11.10169491525423 9.507177794093458 0
2057 11.10169491525423 9.587876952307601 0
2058 11.10169491525423 9.658050128787922 0
2059 11.10169491525423 9.719070287113615 0
2060 11.10169491525423 9.772131292173091 0
2061 11.10169491525423 9.818271296959788 0
2062 11.10169491525423 9.858393040621962 0
2063 11.10169491525423 9.893281507320717 0
2064 11.10169491525423 9.92361930687319 0
2065 11.27118644067797 1.320765865876431 0
2066 11.27118644067797 2.469257915782819 0
2067 11.27118644067796 3.467946660151891 0
2068 11.27118644067797 4.336371649493055 0
2069 11.27118644067796 5.091523802777887 0
2070 11.27118644067796 5.748177844855513 0
2071 11.27118644067796 6.319181362728117 0
2072 11.27118644067796 6.815706161824626 0
2073 11.27118644067796 7.247466849946501 0
2074 11.27118644067796 7.6229109307991 0
2075 11.27118644067796 7.94938403060064 0
2076 11.27118644067796 8.23327368305522 0
2077 11.27118644067796 8.480134245755664 0
2078 11.27118644067796 8.694795617508204 0
2079 11.27118644067796 8.88145767142586 0
2080 11.27118644067796 9.043772493840272 0
2081 11.27118644067796 9.184915823232476 0
2082 11.27118644067796 9.307649144514325 0
2083 11.27118644067796 9.414373770942966 0
2084 11.27118644067796 9.507177794093458 0
2085 11.27118644067796 9.587876952307601 0
2086 11.27118644067796 9.658050128787922 0
2087 11.27118644067796 9.719070287113615 0
2088 11.27118644067796 9.772131292173089 0
2089 11.27118644067796 9.818271296959788 0
2090 11.27118644067796 9.858393040621962 0
2091 11.27118644067796 9.893281507320717 0
2092 11.27118644067796 9.92361930687319 0
2093 11.44067796610169 1.320765865876431 0
2094 11.44067796610169 2.469257915782819 0
2095 11.44067796610169 3.467946660151892 0
2096 11.44067796610169 4.336371649493054 0
2097 11.44067796610169 5.091523802777888 0
2098 11.44067796610169 5.748177844855513 0
2099 11.44067796610169 6.319181362728117 0
2100 11.44067796610169 6.815706161824626 0
2101 11.44067796610169 7.247466849946501 0
2102 11.44067796610168 7.6229109307991 0
2103 11.44067796610169 7.949384030600638 0
2104 11.44067796610169 8.23327368305522 0
2105 11.44067796610169 8.480134245755664 0
2106 11.44067796610169 8.694795617508204 0
2107 11.44067796610169 8.881457671425862 0
2108 11.44067796610169 9.043772493840272 0
2109 11.44067796610168 9.184915823232476 0
2110 11.44067796610169 9.307649144514327 0
2111 11.44067796610168 9.414373770942966 0
2112 11.44067796610169 9.507177794093458 0
2113 11.44067796610168 9.587876952307601 0
2114 11.44067796610168 9.65805012878792 0
2115 11.44067796610169 9.719070287113615 0
2116 11.44067796610169 9.772131292173089 0
2117 11.44067796610169 9.818271296959788 0
2118 11.44067796610168 9.858393040621962 0
2119 11.44067796610169 9.893281507320717 0
2120 11.44067796610169 9.92361930687319 0
2121 11.61016949152542 1.320765865876431 0
2122 11.61016949152542 2.469257915782819 0
2123 11.61016949152542 3.467946660151892 0
2124 11.61016949152542 4.336371649493054 0
2125 11.61016949152542 5.091523802777887 0
2126 11.61016949152542 5.748177844855513 0
2127 11.61016949152542 6.319181362728117 0
2128 11.61016949152542 6.815706161824628 0
2129 11.61016949152542 7.247466849946501 0
2130 11.61016949152542 7.622910930799101 0
2131 11.61016949152542 7.949384030600637 0
2132 11.61016949152542 8.233273683055222 0
2133 11.61016949152542 8.480134245755664 0
2134 11.61016949152542 8.694795617508204 0
2135 11.61016949152542 8.881457671425858 0
2136 11.61016949152542 9.043772493840271 0
2137 11.61016949152542 9.184915823232476 0
2138 11.61016949152542 9.307649144514325 0
2139 11.61016949152542 9.414373770942966 0
2140 11.61016949152542 9.507177794093458 0
2141 11.61016949152542 9.587876952307601 0
2142 11.61016949152542 9.65805012878792 0
2143 11.61016949152542 9.719070287113615 0
2144 11.61016949152542 9.772131292173089 0
2145 11.61016949152542 9.818271296959788 0
2146 11.61016949152542 9.858393040621962 0
2147 11.61016949152542 9.893281507320717 0
2148 11.61016949152542 9.92361930687319 0
2149 11.77966101694915 1.320765865876431 0
2150 11.77966101694915 2.469257915782819 0
2151 11.77966101694915 3.467946660151891 0
2152 11.77966101694915 4.336371649493054 0
2153 11.77966101694915 5.091523802777887 0
2154 11.77966101694915 5.748177844855513 0
2155 11.77966101694915 6.319181362728117 0
2156 11.77966101694915 6.815706161824626 0
2157 11.77966101694915 7.247466849946503 0
2158 11.77966101694915 7.6229109307991 0
2159 11.77966101694914 7.949384030600638 0
2160 11.77966101694915 8.233273683055222 0
2161 11.77966101694914 8.480134245755663 0
2162 11.77966101694915 8.694795617508204 0
2163 11.77966101694914 8.88145767142586 0
2164 11.77966101694914 9.043772493840272 0
2165 11.77966101694914 9.184915823232478 0
2166 11.77966101694914 9.307649144514325 0
2167 11.77966101694915 9.414373770942966 0
2168 11.77966101694915 9.507177794093458 0
2169 11.77966101694914 9.587876952307601 0
2170 11.77966101694914 9.65805012878792 0
2171 11.77966101694914 9.719070287113617 0
2172 11.77966101694915 9.772131292173089 0
2173 11.77966101694914 9.818271296959788 0
2174 11.77966101694914 9.858393040621962 0
2175 11.77966101694914 9.893281507320717 0
2176 11.77966101694914 9.92361930687319 0
2177 11.94915254237288 1.320765865876431 0
2178 11.94915254237288 2.469257915782819 0
2179 11.94915254237288 3.467946660151892 0
2180 11.94915254237288 4.336371649493054 0
2181 11.94915254237287 5.091523802777887 0
2182 11.94915254237287 5.748177844855514 0
2183 11.94915254237288 6.319181362728117 0
2184 11.94915254237287 6.815706161824627 0
2185 11.94915254237287 7.247466849946501 0
2186 11.94915254237287 7.6229109307991 0
2187 11.94915254237287 7.949384030600638 0
2188 11.94915254237287 8.233273683055222 0
2189 11.94915254237287 8.480134245755663 0
2190 11.94915254237287 8.694795617508204 0
2191 11.94915254237287 8.88145767142586 0
2192 11.94915254237287 9.043772493840272 0
2193 11.94915254237288 9.184915823232476 0
2194 11.94915254237287 9.307649144514325 0
2195 11.94915254237287 9.414373770942966 0
2196 11.94915254237287 9.507177794093458 0
2197 11.94915254237287 9.587876952307601 0
2198 11.94915254237287 9.65805012878792 0
2199 11.94915254237287 9.719070287113615 0
2200 11.94915254237287 9.772131292173091 0
2201 11.94915254237287 9.818271296959788 0
2202 11.94915254237287 9.85839304062196 0
2203 11.94915254237287 9.893281507320717 0
2204 11.94915254237288 9.92361930687319 0
2205 12.11864406779661 1.320765865876431 0
2206 12.1186440677966 2.469257915782819 0
2207 12.11864406779661 3.467946660151892 0
2208 12.11864406779661 4.336371649493054 0
2209 12.1186440677966 5.091523802777887 0
2210 12.11864406779661 5.748177844855513 0
2211 12.11864406779661 6.319181362728117 0
2212 12.11864406779661 6.815706161824627 0
2213 12.1186440677966 7.247466849946501 0
2214 12.1186440677966 7.6229109307991 0
2215 12.1186440677966 7.949384030600638 0
2216 12.1186440677966 8.233273683055222 0
2217 12.11864406779661 8.480134245755664 0
2218 12.1186440677966 8.694795617508204 0
2219 12.11864406779661 8.881457671425862 0
2220 12.1186440677966 9.043772493840272 0
2221 12.1186440677966 9.184915823232474 0
2222 12.1186440677966 9.307649144514325 0
2223 12.1186440677966 9.414373770942966 0
2224 12.1186440677966 9.507177794093458 0
2225 12.1186440677966 9.587876952307601 0
2226 12.1186440677966 9.65805012878792 0
2227 12.1186440677966 9.719070287113615 0
2228 12.1186440677966 9.772131292173089 0
2229 12.1186440677966 9.818271296959788 0
2230 12.1186440677966 9.858393040621962 0
2231 12.1186440677966 9.893281507320717 0
2232 12.1186440677966 9.92361930687319 0
2233 12.28813559322034 1.320765865876431 0
2234 12.28813559322034 2.469257915782819 0
2235 12.28813559322033 3.467946660151892 0
2236 12.28813559322033 4.336371649493054 0
2237 12.28813559322034 5.091523802777887 0
2238 12.28813559322034 5.748177844855513 0
2239 12.28813559322033 6.319181362728117 0
2240 12.28813559322033 6.815706161824626 0
2241 12.28813559322033 7.247466849946503 0
2242 12.28813559322033 7.622910930799102 0
2243 12.28813559322033 7.94938403060064 0
2244 12.28813559322033 8.233273683055222 0
2245 12.28813559322033 8.480134245755663 0
2246 12.28813559322033 8.694795617508204 0
2247 12.28813559322033 8.88145767142586 0
2248 12.28813559322033 9.043772493840274 0
2249 12.28813559322033 9.184915823232474 0
2250 12.28813559322033 9.307649144514325 0
2251 12.28813559322033 9.414373770942966 0
2252 12.28813559322033 9.50717779409346 0
2253 12.28813559322033 9.587876952307601 0
2254 12.28813559322033 9.65805012878792 0
2255 12.28813559322033 9.719070287113615 0
2256 12.28813559322033 9.772131292173089 0
2257 12.28813559322033 9.818271296959788 0
2258 12.28813559322033 9.858393040621962 0
2259 12.28813559322033 9.893281507320717 0
2260 12.28813559322033 9.92361930687319 0
2261 12.45762711864407 1.320765865876431 0
2262 12.45762711864406 2.469257915782819 0
2263 12.45762711864406 3.467946660151892 0
2264 12.45762711864406 4.336371649493054 0
2265 12.45762711864406 5.091523802777887 0
2266 12.45762711864406 5.748177844855514 0
2267 12.45762711864406 6.319181362728117 0
2268 12.45762711864406 6.815706161824627 0
2269 12.45762711864406 7.247466849946501 0
2270 12.45762711864406 7.6229109307991 0
2271 12.45762711864406 7.94938403060064 0
2272 12.45762711864406 8.233273683055222 0
2273 12.45762711864406 8.480134245755664 0
2274 12.45762711864406 8.694795617508204 0
2275 12.45762711864406 8.88145767142586 0
2276 12.45762711864406 9.043772493840272 0
2277 12.45762711864406 9.184915823232476 0
2278 12.45762711864406 9.307649144514325 0
2279 12.45762711864406 9.414373770942964 0
2280 12.45762711864406 9.507177794093458 0
2281 12.45762711864406 9.587876952307601 0
2282 12.45762711864406 9.65805012878792 0
2283 12.45762711864406 9.719070287113615 0
2284 12.45762711864406 9.772131292173089 0
2285 12.45762711864406 9.818271296959786 0
2286 12.45762711864406 9.85839304062196 0
2287 12.45762711864406 9.893281507320717 0
2288 12.45762711864406 9.92361930687319 0
2289 12.62711864406779 1.320765865876431 0
2290 12.62711864406779 2.469257915782819 0
2291 12.62711864406779 3.467946660151891 0
2292 12.62711864406779 4.336371649493054 0
2293 12.62711864406779 5.091523802777887 0
2294 12.62711864406779 5.748177844855514 0
2295 12.62711864406779 6.319181362728117 0
2296 12.62711864406779 6.815706161824627 0
2297 12.62711864406779 7.247466849946501 0
2298 12.62711864406779 7.622910930799099 0
2299 12.62711864406779 7.949384030600637 0
2300 12.62711864406779 8.233273683055222 0
2301 12.62711864406779 8.480134245755664 0
2302 12.62711864406779 8.694795617508204 0
2303 12.62711864406779 8.88145767142586 0
2304 12.62711864406779 9.043772493840272 0
2305 12.62711864406779 9.184915823232476 0
2306 12.62711864406779 9.307649144514325 0
2307 12.62711864406779 9.414373770942966 0
2308 12.62711864406779 9.507177794093458 0
2309 12.62711864406779 9.587876952307601 0
2310 12.62711864406779 9.658050128787922 0
2311 12.62711864406779 9.719070287113615 0
2312 12.62711864406779 9.772131292173089 0
2313 12.62711864406779 9.818271296959788 0
2314 12.62711864406779 9.858393040621962 0
2315 12.62711864406779 9.893281507320717 0
2316 12.62711864406779 9.92361930687319 0
2317 12.79661016949152 1.320765865876431 0
2318 12.79661016949152 2.469257915782819 0
2319 12.79661016949152 3.467946660151891 0
2320 12.79661016949152 4.336371649493054 0
2321 12.79661016949152 5.091523802777887 0
2322 12.79661016949152 5.748177844855514 0
2323 12.79661016949152 6.319181362728117 0
2324 12.79661016949152 6.815706161824626 0
2325 12.79661016949152 7.247466849946501 0
2326 12.79661016949152 7.6229109307991 0
2327 12.79661016949152 7.949384030600638 0
2328 12.79661016949152 8.233273683055222 0
2329 12.79661016949152 8.480134245755663 0
2330 12.79661016949152 8.694795617508204 0
2331 12.79661016949152 8.88145767142586 0
2332 12.79661016949152 9.043772493840272 0
2333 12.79661016949152 9.184915823232476 0
2334 12.79661016949152 9.307649144514325 0
2335 12.79661016949152 9.414373770942966 0
2336 12.79661016949152 9.507177794093458 0
2337 12.79661016949152 9.587876952307601 0
2338 12.79661016949152 9.65805012878792 0
2339 12.79661016949152 9.719070287113615 0
2340 12.79661016949152 9.772131292173089 0
2341 12.79661016949152 9.818271296959788 0
2342 12.79661016949152 9.858393040621962 0
2343 12.79661016949152 9.893281507320717 0
2344 12.79661016949152 9.92361930687319 0
2345 12.96610169491525 1.320765865876431 0
2346 12.96610169491525 2.469257915782819 0
2347 12.96610169491525 3.467946660151891 0
2348 12.96610169491525 4.336371649493054 0
2349 12.96610169491525 5.091523802777886 0
2350 12.96610169491525 5.748177844855513 0
2351 12.96610169491525 6.319181362728116 0
2352 12.96610169491525 6.815706161824626 0
2353 12.96610169491525 7.247466849946504 0
2354 12.96610169491525 7.6229109307991 0
2355 12.96610169491525 7.949384030600638 0
2356 12.96610169491525 8.233273683055222 0
2357 12.96610169491525 8.480134245755664 0
2358 12.96610169491525 8.694795617508204 0
2359 12.96610169491525 8.88145767142586 0
2360 12.96610169491525 9.043772493840272 0
2361 12.96610169491525 9.184915823232476 0
2362 12.96610169491525 9.307649144514325 0
2363 12.96610169491525 9.414373770942966 0
2364 12.96610169491525 9.507177794093458 0
2365 12.96610169491525 9.587876952307601 0
2366 12.96610169491525 9.65805012878792 0
2367 12.96610169491525 9.719070287113615 0
2368 12.96610169491525 9.772131292173089 0
2369 12.96610169491525 9.818271296959788 0
2370 12.96610169491525 9.85839304062196 0
2371 12.96610169491525 9.893281507320717 0
2372 12.96610169491525 9.92361930687319 0
2373 13.13559322033898 1.320765865876431 0
2374 13.13559322033898 2.469257915782819 0
2375 13.13559322033898 3.467946660151891 0
2376 13.13559322033898 4.336371649493054 0
2377 13.13559322033898 5.091523802777887 0
2378 13.13559322033898 5.748177844855513 0
2379 13.13559322033898 6.319181362728116 0
2380 13.13559322033898 6.815706161824626 0
2381 13.13559322033897 7.2474668499465 0
2382 13.13559322033898 7.6229109307991 0
2383 13.13559322033898 7.949384030600638 0
2384 13.13559322033897 8.23327368305522 0
2385 13.13559322033897 8.480134245755664 0
2386 13.13559322033898 8.694795617508204 0
2387 13.13559322033897 8.88145767142586 0
2388 13.13559322033897 9.043772493840272 0
2389 13.13559322033897 9.184915823232476 0
2390 13.13559322033897 9.307649144514325 0
2391 13.13559322033898 9.414373770942966 0
2392 13.13559322033897 9.507177794093458 0
2393 13.13559322033897 9.587876952307601 0
2394 13.13559322033897 9.65805012878792 0
2395 13.13559322033898 9.719070287113615 0
2396 13.13559322033898 9.772131292173089 0
2397 13.13559322033897 9.818271296959788 0
2398 13.13559322033898 9.85839304062196 0
2399 13.13559322033897 9.893281507320719 0
2400 13.13559322033897 9.92361930687319 0
2401 13.30508474576271 1.320765865876431 0
2402 13.30508474576271 2.469257915782819 0
2403 13.30508474576271 3.467946660151892 0
2404 13.3050847457627 4.336371649493054 0
2405 13.30508474576271 5.09152380277789 0
2406 13.3050847457627 5.748177844855514 0
2407 13.30508474576271 6.319181362728117 0
2408 13.30508474576271 6.815706161824627 0
2409 13.3050847457627 7.247466849946501 0
2410 13.30508474576271 7.6229109307991 0
2411 13.30508474576271 7.949384030600638 0
2412 13.3050847457627 8.233273683055222 0
2413 13.30508474576271 8.480134245755664 0
2414 13.30508474576271 8.694795617508204 0
2415 13.30508474576271 8.881457671425862 0
2416 13.30508474576271 9.043772493840272 0
2417 13.3050847457627 9.184915823232476 0
2418 13.30508474576271 9.307649144514325 0
2419 13.30508474576271 9.414373770942966 0
2420 13.30508474576271 9.507177794093458 0
2421 13.3050847457627 9.587876952307601 0
2422 13.30508474576271 9.65805012878792 0
2423 13.30508474576271 9.719070287113615 0
2424 13.30508474576271 9.772131292173087 0
2425 13.30508474576271 9.818271296959788 0
2426 13.30508474576271 9.858393040621962 0
2427 13.3050847457627 9.893281507320717 0
2428 13.30508474576271 9.92361930687319 0
2429 13.47457627118644 1.320765865876431 0
2430 13.47457627118644 2.469257915782819 0
2431 13.47457627118644 3.467946660151892 0
2432 13.47457627118644 4.336371649493054 0
2433 13.47457627118644 5.091523802777887 0
2434 13.47457627118644 5.748177844855513 0
2435 13.47457627118643 6.319181362728117 0
2436 13.47457627118643 6.815706161824626 0
2437 13.47457627118644 7.247466849946501 0
2438 13.47457627118644 7.622910930799101 0
2439 13.47457627118644 7.94938403060064 0
2440 13.47457627118644 8.233273683055222 0
2441 13.47457627118644 8.480134245755664 0
2442 13.47457627118644 8.694795617508204 0
2443 13.47457627118644 8.88145767142586 0
2444 13.47457627118644 9.043772493840272 0
2445 13.47457627118643 9.184915823232476 0
2446 13.47457627118644 9.307649144514327 0
2447 13.47457627118644 9.414373770942966 0
2448 13.47457627118644 9.507177794093458 0
2449 13.47457627118644 9.587876952307601 0
2450 13.47457627118644 9.65805012878792 0
2451 13.47457627118644 9.719070287113617 0
2452 13.47457627118644 9.772131292173089 0
2453 13.47457627118644 9.818271296959788 0
2454 13.47457627118644 9.858393040621962 0
2455 13.47457627118644 9.893281507320717 0
2456 13.47457627118644 9.92361930687319 0
2457 13.64406779661017 1.320765865876431 0
2458 13.64406779661017 2.469257915782819 0
2459 13.64406779661017 3.467946660151892 0
2460 13.64406779661016 4.336371649493054 0
2461 13.64406779661016 5.091523802777886 0
2462 13.64406779661016 5.748177844855514 0
2463 13.64406779661017 6.319181362728117 0
2464 13.64406779661017 6.815706161824626 0
2465 13.64406779661017 7.247466849946501 0
2466 13.64406779661017 7.6229109307991 0
2467 13.64406779661017 7.949384030600638 0
2468 13.64406779661017 8.233273683055222 0
2469 13.64406779661017 8.480134245755664 0
2470 13.64406779661016 8.694795617508204 0
2471 13.64406779661016 8.88145767142586 0
2472 13.64406779661017 9.043772493840272 0
2473 13.64406779661016 9.184915823232476 0
2474 13.64406779661017 9.307649144514325 0
2475 13.64406779661017 9.414373770942966 0
2476 13.64406779661016 9.507177794093458 0
2477 13.64406779661016 9.587876952307601 0
2478 13.64406779661017 9.65805012878792 0
2479 13.64406779661016 9.719070287113615 0
2480 13.64406779661016 9.772131292173086 0
2481 13.64406779661017 9.818271296959788 0
2482 13.64406779661017 9.858393040621962 0
2483 13.64406779661017 9.893281507320717 0
2484 13.64406779661016 9.92361930687319 0
2485 13.8135593220339 1.320765865876431 0
2486 13.8135593220339 2.469257915782821 0
2487 13.81355932203389 3.467946660151892 0
2488 13.8135593220339 4.336371649493054 0
2489 13.8135593220339 5.091523802777887 0
2490 13.81355932203389 5.748177844855514 0
2491 13.81355932203389 6.319181362728116 0
2492 13.81355932203389 6.815706161824626 0
2493 13.81355932203389 7.2474668499465 0
2494 13.81355932203389 7.6229109307991 0
2495 13.81355932203389 7.949384030600638 0
2496 13.81355932203389 8.23327368305522 0
2497 13.81355932203389 8.480134245755664 0
2498 13.81355932203389 8.694795617508204 0
2499 13.81355932203389 8.88145767142586 0
2500 13.81355932203389 9.043772493840272 0
2501 13.81355932203389 9.184915823232476 0
2502 13.81355932203389 9.307649144514325 0
2503 13.81355932203389 9.414373770942966 0
2504 13.81355932203389 9.507177794093458 0
2505 13.81355932203389 9.587876952307601 0
2506 13.81355932203389 9.65805012878792 0
2507 13.81355932203389 9.719070287113615 0
2508 13.81355932203389 9.772131292173089 0
2509 13.81355932203389 9.818271296959788 0
2510 13.81355932203389 9.85839304062196 0
2511 13.81355932203389 9.893281507320717 0
2512 13.81355932203389 9.92361930687319 0
2513 13.98305084745762 1.320765865876431 0
2514 13.98305084745762 2.469257915782819 0
2515 13.98305084745763 3.467946660151892 0
2516 13.98305084745762 4.336371649493054 0
2517 13.98305084745762 5.091523802777887 0
2518 13.98305084745762 5.748177844855514 0
2519 13.98305084745762 6.319181362728117 0
2520 13.98305084745762 6.815706161824627 0
2521 13.98305084745762 7.2474668499465 0
2522 13.98305084745762 7.6229109307991 0
2523 13.98305084745762 7.949384030600637 0
2524 13.98305084745762 8.23327368305522 0
2525 13.98305084745762 8.480134245755664 0
2526 13.98305084745762 8.694795617508204 0
2527 13.98305084745763 8.881457671425862 0
2528 13.98305084745762 9.043772493840272 0
2529 13.98305084745763 9.184915823232473 0
2530 13.98305084745762 9.307649144514325 0
2531 13.98305084745763 9.414373770942966 0
2532 13.98305084745762 9.507177794093458 0
2533 13.98305084745762 9.5878769523076 0
2534 13.98305084745762 9.65805012878792 0
2535 13.98305084745762 9.719070287113615 0
2536 13.98305084745762 9.772131292173089 0
2537 13.98305084745763 9.818271296959788 0
2538 13.98305084745762 9.858393040621957 0
2539 13.98305084745762 9.893281507320717 0
2540 13.98305084745762 9.923619306873189 0
2541 14.15254237288135 1.320765865876431 0
2542 14.15254237288135 2.469257915782819 0
2543 14.15254237288135 3.467946660151892 0
2544 14.15254237288135 4.336371649493054 0
2545 14.15254237288135 5.091523802777886 0
2546 14.15254237288135 5.748177844855514 0
2547 14.15254237288135 6.319181362728117 0
2548 14.15254237288135 6.815706161824627 0
2549 14.15254237288135 7.247466849946501 0
2550 14.15254237288135 7.6229109307991 0
2551 14.15254237288135 7.949384030600637 0
2552 14.15254237288135 8.23327368305522 0
2553 14.15254237288135 8.480134245755664 0
2554 14.15254237288135 8.694795617508204 0
2555 14.15254237288135 8.881457671425864 0
2556 14.15254237288135 9.043772493840274 0
2557 14.15254237288135 9.184915823232476 0
2558 14.15254237288135 9.307649144514325 0
2559 14.15254237288135 9.414373770942966 0
2560 14.15254237288135 9.507177794093458 0
2561 14.15254237288135 9.587876952307601 0
2562 14.15254237288135 9.65805012878792 0
2563 14.15254237288135 9.719070287113615 0
2564 14.15254237288135 9.772131292173091 0
2565 14.15254237288135 9.818271296959788 0
2566 14.15254237288135 9.858393040621962 0
2567 14.15254237288135 9.893281507320719 0
2568 14.15254237288135 9.92361930687319 0
2569 14.32203389830508 1.320765865876431 0
2570 14.32203389830508 2.469257915782819 0
2571 14.32203389830508 3.467946660151892 0
2572 14.32203389830508 4.336371649493054 0
2573 14.32203389830508 5.091523802777887 0
2574 14.32203389830508 5.748177844855513 0
2575 14.32203389830508 6.319181362728117 0
2576 14.32203389830508 6.815706161824627 0
2577 14.32203389830508 7.247466849946501 0
2578 14.32203389830508 7.6229109307991 0
2579 14.32203389830508 7.949384030600638 0
2580 14.32203389830508 8.233273683055222 0
2581 14.32203389830508 8.480134245755663 0
2582 14.32203389830508 8.694795617508206 0
2583 14.32203389830508 8.88145767142586 0
2584 14.32203389830508 9.043772493840272 0
2585 14.32203389830508 9.184915823232478 0
2586 14.32203389830508 9.307649144514325 0
2587 14.32203389830508 9.414373770942968 0
2588 14.32203389830508 9.507177794093458 0
2589 14.32203389830508 9.5878769523076 0
2590 14.32203389830508 9.65805012878792 0
2591 14.32203389830508 9.719070287113615 0
2592 14.32203389830508 9.772131292173089 0
2593 14.32203389830508 9.818271296959788 0
2594 14.32203389830508 9.85839304062196 0
2595 14.32203389830508 9.893281507320717 0
2596 14.32203389830508 9.92361930687319 0
2597 14.49152542372881 1.320765865876431 0
2598 14.49152542372881 2.469257915782818 0
2599 14.49152542372881 3.467946660151891 0
2600 14.49152542372881 4.336371649493054 0
2601 14.49152542372881 5.091523802777887 0
2602 14.49152542372881 5.748177844855515 0
2603 14.49152542372881 6.319181362728117 0
2604 14.49152542372881 6.815706161824626 0
2605 14.49152542372881 7.247466849946501 0
2606 14.49152542372881 7.6229109307991 0
2607 14.49152542372881 7.949384030600638 0
2608 14.49152542372881 8.233273683055222 0
2609 14.49152542372881 8.480134245755663 0
2610 14.49152542372881 8.694795617508204 0
2611 14.49152542372881 8.88145767142586 0
2612 14.49152542372881 9.043772493840272 0
2613 14.49152542372881 9.184915823232476 0
2614 14.49152542372881 9.307649144514325 0
2615 14.49152542372881 9.414373770942971 0
2616 14.49152542372881 9.507177794093458 0
2617 14.49152542372881 9.5878769523076 0
2618 14.49152542372881 9.65805012878792 0
2619 14.49152542372881 9.719070287113617 0
2620 14.49152542372881 9.772131292173089 0
2621 14.49152542372881 9.818271296959788 0
2622 14.49152542372881 9.85839304062196 0
2623 14.49152542372881 9.893281507320717 0
2624 14.49152542372881 9.92361930687319 0
2625 14.66101694915254 1.320765865876431 0
2626 14.66101694915254 2.469257915782819 0
2627 14.66101694915254 3.467946660151892 0
2628 14.66101694915254 4.336371649493054 0
2629 14.66101694915254 5.091523802777887 0
2630 14.66101694915254 5.748177844855514 0
2631 14.66101694915254 6.319181362728117 0
2632 14.66101694915253 6.815706161824626 0
2633 14.66101694915254 7.247466849946501 0
2634 14.66101694915254 7.6229109307991 0
2635 14.66101694915254 7.949384030600639 0
2636 14.66101694915254 8.233273683055222 0
2637 14.66101694915254 8.480134245755663 0
2638 14.66101694915254 8.694795617508204 0
2639 14.66101694915254 8.88145767142586 0
2640 14.66101694915254 9.043772493840272 0
2641 14.66101694915253 9.184915823232476 0
2642 14.66101694915254 9.307649144514325 0
2643 14.66101694915254 9.414373770942964 0
2644 14.66101694915254 9.50717779409346 0
2645 14.66101694915254 9.587876952307601 0
2646 14.66101694915253 9.65805012878792 0
2647 14.66101694915254 9.719070287113615 0
2648 14.66101694915253 9.772131292173089 0
2649 14.66101694915254 9.818271296959788 0
2650 14.66101694915254 9.858393040621962 0
2651 14.66101694915254 9.893281507320719 0
2652 14.66101694915254 9.92361930687319 0
2653 14.83050847457627 1.320765865876431 0
2654 14.83050847457627 2.469257915782819 0
2655 14.83050847457627 3.467946660151891 0
2656 14.83050847457627 4.336371649493054 0
2657 14.83050847457627 5.091523802777887 0
2658 14.83050847457627 5.748177844855514 0
2659 14.83050847457627 6.319181362728117 0
2660 14.83050847457627 6.815706161824626 0
2661 14.83050847457627 7.247466849946501 0
2662 14.83050847457627 7.6229109307991 0
2663 14.83050847457627 7.949384030600638 0
2664 14.83050847457627 8.233273683055222 0
2665 14.83050847457627 8.480134245755664 0
2666 14.83050847457627 8.694795617508204 0
2667 14.83050847457627 8.88145767142586 0
2668 14.83050847457627 9.043772493840274 0
2669 14.83050847457627 9.184915823232474 0
2670 14.83050847457627 9.307649144514325 0
2671 14.83050847457627 9.414373770942966 0
2672 14.83050847457627 9.507177794093456 0
2673 14.83050847457627 9.5878769523076 0
2674 14.83050847457627 9.65805012878792 0
2675 14.83050847457627 9.719070287113617 0
2676 14.83050847457627 9.772131292173089 0
2677 14.83050847457627 9.818271296959786 0
2678 14.83050847457627 9.858393040621962 0
2679 14.83050847457627 9.893281507320717 0
2680 14.83050847457627 9.923619306873189 0
2681 15.12332067228701 1.320765865876431 0
2682 15.12332067229225 2.46925791578282 0
2683 15.12332067229681 3.467946660151892 0
2684 15.12332067230078 4.336371649493056 0
2685 15.12332067230422 5.091523802777889 0
2686 15.12332067230723 5.748177844855515 0
2687 15.12332067230983 6.319181362728119 0
2688 15.12332067231209 6.815706161824629 0
2689 15.12332067231407 7.247466849946504 0
2690 15.12332067231578 7.622910930799104 0
2691 15.12332067231726 7.949384030600641 0
2692 15.12332067231857 8.233273683055224 0
2693 15.12332067231969 8.480134245755668 0
2694 15.12332067232067 8.694795617508207 0
2695 15.12332067232152 8.881457671425865 0
2696 15.12332067232227 9.043772493840278 0
2697 15.12332067232291 9.184915823232481 0
2698 15.12332067232347 9.307649144514329 0
2699 15.12332067232396 9.414373770942969 0
2700 15.12332067232438 9.507177794093462 0
2701 15.12332067232475 9.587876952307605 0
2702 15.12332067232507 9.658050128787925 0
2703 15.12332067232535 9.719070287113619 0
2704 15.12332067232559 9.772131292173093 0
2705 15.1233206723258 9.818271296959789 0
2706 15.12332067232598 9.858393040621966 0
2707 15.12332067232614 9.893281507320721 0
2708 15.12332067232628 9.923619306873194 0
2709 15.25897340894474 1.320765865876431 0
2710 15.25897340895627 2.46925791578282 0
2711 15.2589734089663 3.467946660151893 0
2712 15.25897340897502 4.336371649493057 0
2713 15.25897340898261 5.091523802777888 0
2714 15.2589734089892 5.748177844855515 0
2715 15.25897340899493 6.319181362728119 0
2716 15.25897340899992 6.81570616182463 0
2717 15.25897340900425 7.247466849946504 0
2718 15.25897340900803 7.622910930799103 0
2719 15.25897340901131 7.94938403060064 0
2720 15.25897340901416 8.233273683055224 0
2721 15.25897340901663 8.480134245755666 0
2722 15.25897340901879 8.694795617508207 0
2723 15.25897340902067 8.881457671425865 0
2724 15.2589734090223 9.043772493840276 0
2725 15.25897340902371 9.18491582323248 0
2726 15.25897340902495 9.307649144514327 0
2727 15.25897340902602 9.414373770942969 0
2728 15.25897340902695 9.507177794093462 0
2729 15.25897340902776 9.587876952307607 0
2730 15.25897340902846 9.658050128787924 0
2731 15.25897340902908 9.71907028711362 0
2732 15.25897340902961 9.772131292173093 0
2733 15.25897340903007 9.818271296959793 0
2734 15.25897340903047 9.858393040621966 0
2735 15.25897340903083 9.893281507320721 0
2736 15.25897340903113 9.923619306873192 0
2737 15.40819142119795 1.320765865876431 0
2738 15.40819142121698 2.46925791578282 0
2739 15.40819142123353 3.467946660151892 0
2740 15.40819142124792 4.336371649493056 0
2741 15.40819142126043 5.091523802777889 0
2742 15.40819142127131 5.748177844855514 0
2743 15.40819142128077 6.319181362728118 0
2744 15.408191421289 6.815706161824629 0
2745 15.40819142129615 7.247466849946504 0
2746 15.40819142130238 7.622910930799104 0
2747 15.40819142130779 7.949384030600641 0
2748 15.40819142131249 8.233273683055225 0
2749 15.40819142131658 8.480134245755668 0
2750 15.40819142132013 8.694795617508207 0
2751 15.40819142132323 8.881457671425865 0
2752 15.40819142132592 9.043772493840276 0
2753 15.40819142132825 9.18491582323248 0
2754 15.40819142133029 9.307649144514329 0
2755 15.40819142133206 9.414373770942969 0
2756 15.4081914213336 9.507177794093462 0
2757 15.40819142133493 9.587876952307601 0
2758 15.4081914213361 9.658050128787925 0
2759 15.40819142133711 9.719070287113619 0
2760 15.40819142133799 9.772131292173093 0
2761 15.40819142133875 9.818271296959791 0
2762 15.40819142133942 9.858393040621964 0
2763 15.40819142133999 9.893281507320721 0
2764 15.4081914213405 9.923619306873194 0
2765 15.57233123679916 1.320765865876431 0
2766 15.57233123682707 2.46925791578282 0
2767 15.57233123685134 3.467946660151892 0
2768 15.57233123687245 4.336371649493056 0
2769 15.5723312368908 5.091523802777889 0
2770 15.57233123690676 5.748177844855515 0
2771 15.57233123692064 6.319181362728118 0
2772 15.5723312369327 6.815706161824628 0
2773 15.57233123694319 7.247466849946504 0
2774 15.57233123695232 7.622910930799105 0
2775 15.57233123696025 7.94938403060064 0
2776 15.57233123696715 8.233273683055225 0
2777 15.57233123697315 8.480134245755668 0
2778 15.57233123697836 8.694795617508207 0
2779 15.5723312369829 8.881457671425865 0
2780 15.57233123698685 9.043772493840276 0
2781 15.57233123699028 9.184915823232481 0
2782 15.57233123699326 9.307649144514329 0
2783 15.57233123699586 9.414373770942969 0
2784 15.57233123699811 9.507177794093462 0
2785 15.57233123700007 9.587876952307603 0
2786 15.57233123700178 9.658050128787924 0
2787 15.57233123700326 9.719070287113619 0
2788 15.57233123700455 9.772131292173093 0
2789 15.57233123700567 9.818271296959797 0
2790 15.57233123700664 9.858393040621966 0
2791 15.57233123700749 9.893281507320721 0
2792 15.57233123700823 9.923619306873199 0
2793 15.75288503523107 1.320765865876431 0
2794 15.75288503526945 2.46925791578282 0
2795 15.75288503530282 3.467946660151892 0
2796 15.75288503533184 4.336371649493056 0
2797 15.75288503535707 5.091523802777889 0
2798 15.75288503537902 5.748177844855515 0
2799 15.7528850353981 6.319181362728118 0
2800 15.75288503541469 6.815706161824631 0
2801 15.75288503542912 7.247466849946504 0
2802 15.75288503544166 7.622910930799103 0
2803 15.75288503545258 7.949384030600641 0
2804 15.75288503546206 8.233273683055225 0
2805 15.75288503547031 8.480134245755668 0
2806 15.75288503547749 8.694795617508207 0
2807 15.75288503548372 8.881457671425864 0
2808 15.75288503548915 9.043772493840276 0
2809 15.75288503549386 9.18491582323248 0
2810 15.75288503549796 9.307649144514329 0
2811 15.75288503550153 9.414373770942969 0
2812 15.75288503550463 9.507177794093463 0
2813 15.75288503550732 9.587876952307605 0
2814 15.75288503550967 9.658050128787924 0
2815 15.75288503551171 9.719070287113617 0
2816 15.75288503551348 9.772131292173093 0
2817 15.75288503551502 9.818271296959791 0
2818 15.75288503551637 9.858393040621966 0
2819 15.75288503551753 9.893281507320721 0
2820 15.75288503551855 9.923619306873194 0
2821 15.9514942108947 1.320765865876432 0
2822 15.95149421094535 2.46925791578282 0
2823 15.9514942109894 3.467946660151892 0
2824 15.95149421102771 4.336371649493056 0
2825 15.95149421106102 5.091523802777889 0
2826 15.95149421108998 5.748177844855515 0
2827 15.95149421111517 6.319181362728118 0
2828 15.95149421113707 6.815706161824628 0
2829 15.95149421115612 7.247466849946504 0
2830 15.95149421117268 7.622910930799103 0
2831 15.95149421118708 7.949384030600641 0
2832 15.9514942111996 8.233273683055224 0
2833 15.95149421121049 8.480134245755668 0
2834 15.95149421121996 8.694795617508207 0
2835 15.95149421122819 8.881457671425864 0
2836 15.95149421123535 9.043772493840276 0
2837 15.95149421124158 9.18491582323248 0
2838 15.95149421124699 9.307649144514329 0
2839 15.9514942112517 9.414373770942969 0
2840 15.95149421125579 9.507177794093462 0
2841 15.95149421125935 9.587876952307605 0
2842 15.95149421126245 9.658050128787925 0
2843 15.95149421126513 9.719070287113619 0
2844 15.95149421126748 9.772131292173093 0
2845 15.95149421126951 9.818271296959789 0
2846 15.95149421127128 9.858393040621966 0
2847 15.95149421127282 9.893281507320719 0
2848 15.95149421127416 9.923619306873194 0
2849 16.16996430096211 1.320765865876431 0
2850 16.16996430102712 2.46925791578282 0
2851 16.16996430108365 3.467946660151892 0
2852 16.16996430113281 4.336371649493056 0
2853 16.16996430117555 5.091523802777889 0
2854 16.16996430121273 5.748177844855515 0
2855 16.16996430124505 6.319181362728119 0
2856 16.16996430127316 6.815706161824629 0
2857 16.1699643012976 7.247466849946505 0
2858 16.16996430131885 7.622910930799103 0
2859 16.16996430133733 7.949384030600642 0
2860 16.1699643013534 8.233273683055225 0
2861 16.16996430136738 8.480134245755668 0
2862 16.16996430137953 8.694795617508209 0
2863 16.1699643013901 8.881457671425865 0
2864 16.16996430139928 9.043772493840276 0
2865 16.16996430140727 9.18491582323248 0
2866 16.16996430141422 9.307649144514329 0
2867 16.16996430142026 9.414373770942971 0
2868 16.16996430142552 9.507177794093462 0
2869 16.16996430143008 9.587876952307605 0
2870 16.16996430143406 9.658050128787924 0
2871 16.16996430143751 9.719070287113615 0
2872 16.16996430144052 9.772131292173093 0
2873 16.16996430144312 9.818271296959791 0
2874 16.1699643014454 9.858393040621966 0
2875 16.16996430144737 9.893281507320717 0
2876 16.16996430144908 9.923619306873194 0
2877 16.4102814018122 1.320765865876431 0
2878 16.41028140189393 2.46925791578282 0
2879 16.410281401965 3.467946660151893 0
2880 16.4102814020268 4.336371649493056 0
2881 16.41028140208054 5.091523802777889 0
2882 16.41028140212726 5.748177844855515 0
2883 16.4102814021679 6.319181362728119 0
2884 16.41028140220324 6.815706161824627 0
2885 16.41028140223396 7.247466849946504 0
2886 16.41028140226068 7.622910930799104 0
2887 16.41028140228391 7.94938403060064 0
2888 16.41028140230411 8.233273683055225 0
2889 16.41028140232169 8.480134245755668 0
2890 16.41028140233696 8.694795617508209 0
2891 16.41028140235024 8.881457671425864 0
2892 16.41028140236179 9.043772493840276 0
2893 16.41028140237183 9.18491582323248 0
2894 16.41028140238057 9.307649144514331 0
2895 16.41028140238816 9.414373770942969 0
2896 16.41028140239477 9.507177794093462 0
2897 16.41028140240051 9.587876952307605 0
2898 16.4102814024055 9.658050128787924 0
2899 16.41028140240985 9.71907028711362 0
2900 16.41028140241363 9.772131292173093 0
2901 16.41028140241691 9.818271296959789 0
2902 16.41028140241976 9.858393040621966 0
2903 16.41028140242224 9.893281507320721 0
2904 16.4102814024244 9.923619306873194 0
2905 16.67463021385156 1.320765865876431 0
2906 16.67463021395271 2.46925791578282 0
2907 16.67463021404065 3.467946660151892 0
2908 16.67463021411713 4.336371649493056 0
2909 16.67463021418363 5.091523802777889 0
2910 16.67463021424146 5.748177844855516 0
2911 16.67463021429174 6.31918136272812 0
2912 16.67463021433547 6.815706161824631 0
2913 16.67463021437349 7.247466849946504 0
2914 16.67463021440655 7.622910930799103 0
2915 16.6746302144353 7.949384030600639 0
2916 16.6746302144603 8.233273683055227 0
2917 16.67463021448204 8.480134245755668 0
2918 16.67463021450095 8.694795617508211 0
2919 16.67463021451739 8.881457671425864 0
2920 16.67463021453168 9.043772493840276 0
2921 16.67463021454411 9.184915823232478 0
2922 16.67463021455492 9.307649144514329 0
2923 16.67463021456432 9.414373770942969 0
2924 16.67463021457249 9.507177794093462 0
2925 16.67463021457959 9.587876952307607 0
2926 16.67463021458578 9.658050128787924 0
2927 16.67463021459115 9.719070287113622 0
2928 16.67463021459583 9.772131292173093 0
2929 16.67463021459989 9.818271296959795 0
2930 16.67463021460341 9.858393040621964 0
2931 16.67463021460649 9.893281507320721 0
2932 16.67463021460916 9.923619306873194 0
2933 16.96541390834503 1.320765865876431 0
2934 16.96541390846865 2.46925791578282 0
2935 16.96541390857615 3.467946660151893 0
2936 16.96541390866961 4.336371649493056 0
2937 16.96541390875089 5.091523802777889 0
2938 16.96541390882157 5.748177844855515 0
2939 16.96541390888303 6.319181362728118 0
2940 16.96541390893647 6.815706161824627 0
2941 16.96541390898294 7.247466849946504 0
2942 16.96541390902336 7.622910930799103 0
2943 16.96541390905849 7.94938403060064 0
2944 16.96541390908905 8.233273683055225 0
2945 16.96541390911562 8.480134245755668 0
2946 16.96541390913873 8.694795617508209 0
2947 16.96541390915882 8.881457671425864 0
2948 16.96541390917629 9.043772493840276 0
2949 16.96541390919148 9.18491582323248 0
2950 16.96541390920468 9.307649144514329 0
2951 16.96541390921617 9.414373770942969 0
2952 16.96541390922616 9.507177794093462 0
2953 16.96541390923485 9.587876952307605 0
2954 16.9654139092424 9.658050128787924 0
2955 16.96541390924897 9.719070287113619 0
2956 16.96541390925468 9.772131292173093 0
2957 16.96541390925965 9.818271296959791 0
2958 16.96541390926397 9.858393040621966 0
2959 16.96541390926772 9.893281507320721 0
2960 16.96541390927099 9.923619306873194 0
2961 17.2852759747274 1.320765865876431 0
2962 17.28527597487697 2.46925791578282 0
2963 17.28527597500705 3.467946660151893 0
2964 17.28527597512014 4.336371649493056 0
2965 17.2852759752185 5.091523802777889 0
2966 17.28527597530401 5.748177844855515 0
2967 17.28527597537838 6.319181362728118 0
2968 17.28527597544304 6.815706161824628 0
2969 17.28527597549927 7.247466849946504 0
2970 17.28527597554817 7.622910930799103 0
2971 17.28527597559069 7.94938403060064 0
2972 17.28527597562767 8.233273683055225 0
2973 17.28527597565981 8.480134245755668 0
2974 17.28527597568777 8.694795617508207 0
2975 17.28527597571208 8.881457671425864 0
2976 17.28527597573322 9.043772493840276 0
2977 17.2852759757516 9.18491582323248 0
2978 17.28527597576759 9.307649144514329 0
2979 17.28527597578149 9.414373770942969 0
2980 17.28527597579357 9.507177794093462 0
2981 17.28527597580408 9.587876952307603 0
2982 17.28527597581322 9.658050128787925 0
2983 17.28527597582116 9.719070287113619 0
2984 17.28527597582809 9.772131292173093 0
2985 17.28527597583409 9.818271296959793 0
2986 17.28527597583931 9.858393040621966 0
2987 17.28527597584386 9.893281507320722 0
2988 17.28527597584781 9.923619306873194 0
2989 17.63712424589021 1.320765865876431 0
2990 17.63712424606971 2.46925791578282 0
2991 17.63712424622578 3.467946660151893 0
2992 17.63712424636151 4.336371649493056 0
2993 17.63712424647952 5.091523802777889 0
2994 17.63712424658214 5.748177844855515 0
2995 17.63712424667139 6.319181362728118 0
2996 17.63712424674899 6.815706161824629 0
2997 17.63712424681647 7.247466849946504 0
2998 17.63712424687514 7.622910930799104 0
2999 17.63712424692616 7.94938403060064 0
3000 17.63712424697053 8.233273683055225 0
3001 17.63712424700911 8.480134245755668 0
3002 17.63712424704266 8.694795617508207 0
3003 17.63712424707183 8.881457671425864 0
3004 17.6371242470972 9.043772493840276 0
3005 17.63712424711926 9.18491582323248 0
3006 17.63712424713844 9.307649144514329 0
3007 17.63712424715512 9.414373770942969 0
3008 17.63712424716962 9.507177794093462 0
3009 17.63712424718224 9.587876952307603 0
3010 17.6371242471932 9.658050128787924 0
3011 17.63712424720273 9.719070287113619 0
3012 17.63712424721103 9.772131292173093 0
3013 17.63712424721824 9.818271296959789 0
3014 17.63712424722451 9.858393040621966 0
3015 17.63712424722996 9.893281507320722 0
3016 17.63712424723471 9.923619306873194 0
3017 18.02415734340297 1.320765865876431 0
3018 18.02415734361686 2.46925791578282 0
3019 18.02415734380286 3.467946660151892 0
3020 18.02415734396459 4.336371649493056 0
3021 18.02415734410523 5.091523802777889 0
3022 18.02415734422753 5.748177844855515 0
3023 18.02415734433387 6.319181362728118 0
3024 18.02415734442634 6.815706161824631 0
3025 18.02415734450675 7.247466849946504 0
3026 18.02415734457667 7.622910930799103 0
3027 18.02415734463747 7.94938403060064 0
3028 18.02415734469034 8.233273683055225 0
3029 18.02415734473631 8.480134245755666 0
3030 18.0241573447763 8.694795617508207 0
3031 18.02415734481107 8.881457671425865 0
3032 18.02415734484129 9.043772493840276 0
3033 18.02415734486758 9.18491582323248 0
3034 18.02415734489043 9.307649144514329 0
3035 18.02415734491031 9.414373770942969 0
3036 18.02415734492759 9.507177794093462 0
3037 18.02415734494263 9.587876952307603 0
3038 18.02415734495569 9.658050128787924 0
3039 18.02415734496706 9.719070287113619 0
3040 18.02415734497694 9.772131292173093 0
3041 18.02415734498553 9.818271296959791 0
3042 18.02415734499301 9.858393040621966 0
3043 18.0241573449995 9.893281507320721 0
3044 18.02415734500516 9.923619306873194 0
3045 18.44989374939829 1.320765865876431 0
3046 18.44989374965167 2.46925791578282 0
3047 18.449893749872 3.467946660151892 0
3048 18.44989375006359 4.336371649493056 0
3049 18.44989375023019 5.091523802777889 0
3050 18.44989375037507 5.748177844855515 0
3051 18.44989375050104 6.319181362728118 0
3052 18.44989375061059 6.815706161824629 0
3053 18.44989375070585 7.247466849946504 0
3054 18.44989375078868 7.622910930799103 0
3055 18.4498937508607 7.94938403060064 0
3056 18.44989375092333 8.233273683055225 0
3057 18.4498937509778 8.480134245755668 0
3058 18.44989375102516 8.694795617508207 0
3059 18.44989375106633 8.881457671425864 0
3060 18.44989375110215 9.043772493840276 0
3061 18.44989375113329 9.18491582323248 0
3062 18.44989375116037 9.307649144514329 0
3063 18.44989375118391 9.414373770942969 0
3064 18.44989375120439 9.507177794093462 0
3065 18.44989375122219 9.587876952307605 0
3066 18.44989375123767 9.658050128787924 0
3067 18.44989375125113 9.719070287113619 0
3068 18.44989375126284 9.772131292173093 0
3069 18.44989375127302 9.818271296959791 0
3070 18.44989375128187 9.858393040621966 0
3071 18.44989375128957 9.893281507320721 0
3072 18.44989375129627 9.923619306873194 0
3073 18.91820379353317 1.320765865876431 0
3074 18.9182037938318 2.46925791578282 0
3075 18.91820379409149 3.467946660151892 0
3076 18.91820379431729 4.336371649493056 0
3077 18.91820379451364 5.091523802777889 0
3078 18.91820379468439 5.748177844855515 0
3079 18.91820379483286 6.319181362728119 0
3080 18.91820379496196 6.815706161824628 0
3081 18.91820379507423 7.247466849946505 0
3082 18.91820379517186 7.622910930799104 0
3083 18.91820379525674 7.94938403060064 0
3084 18.91820379533056 8.233273683055225 0
3085 18.91820379539475 8.480134245755668 0
3086 18.91820379545056 8.694795617508207 0
3087 18.9182037954991 8.881457671425864 0
3088 18.91820379554131 9.043772493840276 0
3089 18.918203795578 9.18491582323248 0
3090 18.91820379560992 9.307649144514331 0
3091 18.91820379563767 9.414373770942969 0
3092 18.9182037956618 9.507177794093462 0
3093 18.91820379568278 9.587876952307605 0
3094 18.91820379570103 9.658050128787924 0
3095 18.91820379571689 9.719070287113619 0
3096 18.91820379573069 9.772131292173093 0
3097 18.91820379574269 9.818271296959791 0
3098 18.91820379575312 9.858393040621966 0
3099 18.91820379576219 9.893281507320721 0
3100 18.91820379577008 9.923619306873194 0
3101 19.43334484285254 1.320765865876432 0
3102 19.43334484320295 2.46925791578282 0
3103 19.43334484350763 3.467946660151892 0
3104 19.43334484377258 4.336371649493056 0
3105 19.43334484400296 5.091523802777888 0
3106 19.4333448442033 5.748177844855515 0
3107 19.4333448443775 6.319181362728118 0
3108 19.433344844529 6.815706161824628 0
3109 19.43334484466072 7.247466849946504 0
3110 19.43334484477526 7.622910930799103 0
3111 19.43334484487487 7.94938403060064 0
3112 19.43334484496147 8.233273683055225 0
3113 19.43334484503679 8.480134245755666 0
3114 19.43334484510228 8.694795617508207 0
3115 19.43334484515923 8.881457671425864 0
3116 19.43334484520875 9.043772493840276 0
3117 19.43334484525181 9.18491582323248 0
3118 19.43334484528926 9.307649144514329 0
3119 19.43334484532181 9.414373770942969 0
3120 19.43334484535013 9.507177794093462 0
3121 19.43334484537475 9.587876952307605 0
3122 19.43334484539616 9.658050128787924 0
3123 19.43334484541478 9.719070287113617 0
3124 19.43334484543097 9.772131292173093 0
3125 19.43334484544504 9.818271296959791 0
3126 19.43334484545728 9.858393040621966 0
3127 19.43334484546793 9.893281507320721 0
3128 19.43334484547718 9.923619306873194 0
3129 4.876679327721924 9.983333333333798 0
3130 4.876679327721923 10.0166666666662 0
3131 4.741026591074911 9.983333333333796 0
3132 4.741026591074912 10.0166666666662 0
3133 4.591808578834474 9.983333333333796 0
3134 4.591808578834476 10.0166666666662 0
3135 4.427668763248393 9.983333333333796 0
3136 4.427668763248393 10.0166666666662 0
3137 4.247114964834313 9.983333333333796 0
3138 4.247114964834313 10.0166666666662 0
3139 4.048505789191616 9.983333333333798 0
3140 4.048505789191616 10.0166666666662 0
3141 3.83003569914255 9.983333333333796 0
3142 3.830035699142549 10.0166666666662 0
3143 3.589718598311385 9.983333333333796 0
3144 3.589718598311385 10.0166666666662 0
3145 3.325369786293686 9.983333333333796 0
3146 3.325369786293686 10.0166666666662 0
3147 3.034586091824979 9.983333333333796 0
3148 3.034586091824979 10.0166666666662 0
3149 2.714724025470872 9.983333333333798 0
3150 2.714724025470872 10.0166666666662 0
3151 2.362875754340276 9.983333333333798 0
3152 2.362875754340276 10.0166666666662 0
3153 1.975842656864192 9.983333333333798 0
3154 1.975842656864191 10.0166666666662 0
3155 1.550106250910577 9.983333333333796 0
3156 1.550106250910577 10.0166666666662 0
3157 1.08179620682306 9.983333333333796 0
3158 1.08179620682306 10.0166666666662 0
3159 0.5666551575574443 9.983333333333798 0
3160 0.5666551575574443 10.0166666666662 0
3161 14.83050847457628 9.983333333333796 0
3162 14.83050847457628 10.0166666666662 0
3163 14.66101694915254 9.983333333333796 0
3164 14.66101694915254 10.0166666666662 0
3165 14.49152542372881 9.983333333333793 0
3166 14.49152542372881 10.0166666666662 0
3167 14.32203389830508 9.983333333333798 0
3168 14.32203389830508 10.0166666666662 0
3169 14.15254237288136 9.983333333333796 0
3170 14.15254237288136 10.0166666666662 0
3171 13.98305084745762 9.983333333333796 0
3172 13.98305084745763 10.0166666666662 0
3173 13.81355932203389 9.983333333333798 0
3174 13.8135593220339 10.0166666666662 0
3175 13.64406779661017 9.983333333333793 0
3176 13.64406779661017 10.0166666666662 0
3177 13.47457627118644 9.983333333333796 0
3178 13.47457627118644 10.0166666666662 0
3179 13.30508474576271 9.983333333333796 0
3180 13.30508474576271 10.0166666666662 0
3181 13.13559322033898 9.983333333333796 0
3182 13.13559322033898 10.0166666666662 0
3183 12.96610169491525 9.983333333333796 0
3184 12.96610169491525 10.0166666666662 0
3185 12.79661016949152 9.983333333333798 0
3186 12.79661016949152 10.0166666666662 0
3187 12.62711864406779 9.983333333333796 0
3188 12.62711864406779 10.0166666666662 0
3189 12.45762711864406 9.983333333333796 0
3190 12.45762711864406 10.0166666666662 0
3191 12.28813559322034 9.983333333333796 0
3192 12.28813559322034 10.0166666666662 0
3193 12.11864406779661 9.983333333333798 0
3194 12.11864406779661 10.0166666666662 0
3195 11.94915254237288 9.983333333333796 0
3196 11.94915254237288 10.0166666666662 0
3197 11.77966101694915 9.983333333333796 0
3198 11.77966101694915 10.0166666666662 0
3199 11.61016949152541 9.983333333333796 0
3200 11.61016949152542 10.0166666666662 0
3201 11.44067796610169 9.983333333333796 0
3202 11.44067796610169 10.0166666666662 0
3203 11.27118644067796 9.983333333333796 0
3204 11.27118644067796 10.0166666666662 0
3205 11.10169491525423 9.983333333333796 0
3206 11.10169491525423 10.0166666666662 0
3207 10.93220338983051 9.983333333333796 0
3208 10.93220338983051 10.0166666666662 0
3209 10.76271186440678 9.983333333333796 0
3210 10.76271186440677 10.0166666666662 0
3211 10.59322033898305 9.983333333333794 0
3212 10.59322033898305 10.0166666666662 0
3213 10.42372881355932 9.983333333333796 0
3214 10.42372881355932 10.0166666666662 0
3215 10.25423728813559 9.983333333333798 0
3216 10.25423728813559 10.0166666666662 0
3217 10.08474576271186 9.983333333333796 0
3218 10.08474576271186 10.0166666666662 0
3219 9.915254237288131 9.983333333333796 0
3220 9.915254237288131 10.0166666666662 0
3221 9.745762711864405 9.983333333333798 0
3222 9.745762711864403 10.0166666666662 0
3223 9.576271186440675 9.983333333333796 0
3224 9.576271186440675 10.0166666666662 0
3225 9.406779661016948 9.983333333333796 0
3226 9.406779661016946 10.0166666666662 0
3227 9.237288135593218 9.983333333333798 0
3228 9.237288135593218 10.0166666666662 0
3229 9.067796610169488 9.983333333333796 0
3230 9.067796610169488 10.0166666666662 0
3231 8.898305084745761 9.983333333333796 0
3232 8.898305084745761 10.0166666666662 0
3233 8.728813559322033 9.983333333333798 0
3234 8.728813559322031 10.0166666666662 0
3235 8.559322033898301 9.983333333333796 0
3236 8.559322033898299 10.0166666666662 0
3237 8.389830508474576 9.983333333333798 0
3238 8.389830508474574 10.0166666666662 0
3239 8.220338983050842 9.983333333333796 0
3240 8.220338983050842 10.0166666666662 0
3241 8.050847457627116 9.983333333333798 0
3242 8.050847457627116 10.0166666666662 0
3243 7.881355932203388 9.983333333333796 0
3244 7.881355932203387 10.0166666666662 0
3245 7.711864406779659 9.983333333333796 0
3246 7.711864406779659 10.0166666666662 0
3247 7.54237288135593 9.983333333333798 0
3248 7.542372881355931 10.01666666666621 0
3249 7.372881355932201 9.983333333333796 0
3250 7.372881355932202 10.0166666666662 0
3251 7.203389830508476 9.983333333333798 0
3252 7.203389830508476 10.0166666666662 0
3253 7.033898305084742 9.983333333333796 0
3254 7.033898305084744 10.0166666666662 0
3255 6.864406779661016 9.983333333333798 0
3256 6.864406779661016 10.0166666666662 0
3257 6.694915254237289 9.983333333333798 0
3258 6.694915254237287 10.0166666666662 0
3259 6.525423728813556 9.983333333333794 0
3260 6.525423728813558 10.0166666666662 0
3261 6.355932203389828 9.983333333333796 0
3262 6.35593220338983 10.0166666666662 0
3263 6.186440677966101 9.983333333333796 0
3264 6.1864406779661 10.0166666666662 0
3265 6.016949152542372 9.983333333333796 0
3266 6.016949152542371 10.0166666666662 0
3267 5.847457627118644 9.983333333333798 0
3268 5.847457627118644 10.0166666666662 0
3269 5.677966101694916 9.983333333333796 0
3270 5.677966101694914 10.0166666666662 0
3271 5.508474576271185 9.983333333333796 0
3272 5.508474576271185 10.0166666666662 0
3273 5.338983050847458 9.983333333333796 0
3274 5.338983050847458 10.01666666666621 0
3275 5.169491525423729 9.983333333333798 0
3276 5.169491525423727 10.0166666666662 0
3277 19.43334484548523 9.983333333333798 0
3278 19.43334484548523 10.0166666666662 0
3279 18.91820379577694 9.983333333333798 0
3280 18.91820379577694 10.0166666666662 0
3281 18.44989375130208 9.983333333333796 0
3282 18.44989375130208 10.0166666666662 0
3283 18.02415734501007 9.983333333333796 0
3284 18.02415734501007 10.0166666666662 0
3285 17.63712424723883 9.983333333333796 0
3286 17.63712424723883 10.0166666666662 0
3287 17.28527597585125 9.983333333333796 0
3288 17.28527597585125 10.0166666666662 0
3289 16.96541390927383 9.983333333333796 0
3290 16.96541390927383 10.0166666666662 0
3291 16.67463021461148 9.983333333333798 0
3292 16.67463021461149 10.0166666666662 0
3293 16.41028140242628 9.983333333333796 0
3294 16.41028140242628 10.0166666666662 0
3295 16.16996430145058 9.983333333333796 0
3296 16.16996430145058 10.0166666666662 0
3297 15.95149421127532 9.983333333333798 0
3298 15.95149421127532 10.0166666666662 0
3299 15.75288503551943 9.983333333333796 0
3300 15.75288503551943 10.0166666666662 0
3301 15.57233123700887 9.983333333333796 0
3302 15.57233123700887 10.0166666666662 0
3303 15.40819142134093 9.983333333333796 0
3304 15.40819142134093 10.0166666666662 0
3305 15.2589734090314 9.983333333333796 0
3306 15.2589734090314 10.0166666666662 0
3307 15.1233206723264 9.983333333333798 0
3308 15.1233206723264 10.0166666666662 0
3309 4.876679327721921 10.0763807043222 0
3310 4.876679327721921 10.10671850508587 0
3311 4.876679327721921 10.14160697310724 0
3312 4.876679327721919 10.18172871820972 0
3313 4.876679327721921 10.22786872422875 0
3314 4.876679327721921 10.28092973131059 0
3315 4.87667932772192 10.34194989013803 0
3316 4.876679327721921 10.412123069893 0
3317 4.876679327721921 10.49282222860818 0
3318 4.876679327721923 10.58562625382517 0
3319 4.876679327721923 10.69235088242997 0
3320 4.876679327721919 10.81508420768397 0
3321 4.876679327721919 10.95622753772183 0
3322 4.87667932772192 11.11854236252978 0
3323 4.87667932772192 11.30520442138442 0
3324 4.876679327721921 11.51986579295759 0
3325 4.876679327721923 11.76672635790374 0
3326 4.876679327721923 12.05061601240641 0
3327 4.876679327721921 12.37708911627154 0
3328 4.876679327721921 12.75253319609864 0
3329 4.876679327721921 13.18429388645773 0
3330 4.87667932772192 13.68081868388448 0
3331 4.876679327721921 14.25182220046385 0
3332 4.876679327721921 14.9084762398654 0
3333 4.876679327721921 15.6636283893654 0
3334 4.876679327721921 16.53205337339205 0
3335 4.876679327721921 17.53074210587924 0
3336 4.87667932772192 18.6792341430628 0
3337 4.741026591074911 10.07638070401078 0
3338 4.741026591074911 10.10671850474076 0
3339 4.741026591074911 10.14160697272534 0
3340 4.741026591074911 10.18172871778776 0
3341 4.741026591074911 10.22786872377251 0
3342 4.741026591074912 10.2809297307981 0
3343 4.741026591074911 10.34194988961157 0
3344 4.741026591074911 10.41212306927546 0
3345 4.741026591074911 10.49282222797671 0
3346 4.741026591074912 10.58562625313622 0
3347 4.741026591074911 10.69235088168049 0
3348 4.74102659107491 10.815084206824 0
3349 4.741026591074911 10.9562275368439 0
3350 4.741026591074911 11.11854236158527 0
3351 4.741026591074911 11.30520442030259 0
3352 4.741026591074911 11.51986579188076 0
3353 4.741026591074911 11.76672635676446 0
3354 4.741026591074911 12.05061601121017 0
3355 4.741026591074911 12.37708911496228 0
3356 4.741026591074911 12.75253319481793 0
3357 4.741026591074911 13.18429388511479 0
3358 4.741026591074911 13.68081868258799 0
3359 4.741026591074911 14.25182219920333 0
3360 4.741026591074911 14.90847623867934 0
3361 4.741026591074911 15.66362838828463 0
3362 4.741026591074911 16.53205337245912 0
3363 4.741026591074911 17.53074210527677 0
3364 4.741026591074911 18.6792341428142 0
3365 4.591808578834474 10.07638070366822 0
3366 4.591808578834473 10.10671850436114 0
3367 4.591808578834473 10.14160697230525 0
3368 4.591808578834473 10.1817287173236 0
3369 4.591808578834473 10.22786872327064 0
3370 4.591808578834473 10.28092973023436 0
3371 4.591808578834473 10.34194988903248 0
3372 4.591808578834475 10.41212306859617 0
3373 4.591808578834473 10.49282222728209 0
3374 4.591808578834475 10.58562625237837 0
3375 4.591808578834473 10.69235088085605 0
3376 4.591808578834473 10.81508420587803 0
3377 4.591808578834474 10.95622753587818 0
3378 4.591808578834475 11.11854236054632 0
3379 4.591808578834475 11.30520441911258 0
3380 4.591808578834473 11.51986579069624 0
3381 4.591808578834473 11.76672635551124 0
3382 4.591808578834473 12.05061600989429 0
3383 4.591808578834473 12.37708911352209 0
3384 4.591808578834473 12.75253319340913 0
3385 4.591808578834473 13.18429388363755 0
3386 4.591808578834473 13.68081868116185 0
3387 4.591808578834473 14.25182219781676 0
3388 4.591808578834473 14.90847623737469 0
3389 4.591808578834473 15.66362838709578 0
3390 4.591808578834473 16.5320533714329 0
3391 4.591808578834473 17.53074210461406 0
3392 4.591808578834473 18.67923414254073 0
3393 4.427668763248391 10.07638070329141 0
3394 4.427668763248393 10.10671850394356 0
3395 4.427668763248391 10.14160697184315 0
3396 4.427668763248391 10.18172871681302 0
3397 4.427668763248393 10.22786872271859 0
3398 4.427668763248391 10.28092972961424 0
3399 4.42766876324839 10.34194988839547 0
3400 4.427668763248389 10.41212306784895 0
3401 4.427668763248391 10.492822226518 0
3402 4.427668763248392 10.58562625154473 0
3403 4.42766876324839 10.69235087994917 0
3404 4.427668763248391 10.81508420483746 0
3405 4.427668763248393 10.95622753481589 0
3406 4.427668763248391 11.11854235940347 0
3407 4.427668763248393 11.30520441780357 0
3408 4.427668763248391 11.51986578939328 0
3409 4.427668763248391 11.76672635413269 0
3410 4.427668763248391 12.05061600844683 0
3411 4.427668763248391 12.37708911193788 0
3412 4.427668763248391 12.75253319185946 0
3413 4.42766876324839 13.18429388201258 0
3414 4.427668763248391 13.6808186795931 0
3415 4.427668763248391 14.25182219629154 0
3416 4.427668763248391 14.90847623593956 0
3417 4.427668763248391 15.66362838578805 0
3418 4.427668763248391 16.53205337030405 0
3419 4.427668763248391 17.53074210388508 0
3420 4.427668763248391 18.67923414223991 0
3421 4.247114964834309 10.07638070287691 0
3422 4.247114964834311 10.10671850348422 0
3423 4.247114964834309 10.14160697133485 0
3424 4.247114964834311 10.18172871625139 0
3425 4.247114964834311 10.22786872211133 0
3426 4.247114964834311 10.28092972893211 0
3427 4.247114964834313 10.34194988769477 0
3428 4.247114964834309 10.41212306702701 0
3429 4.247114964834311 10.49282222567751 0
3430 4.247114964834311 10.58562625062773 0
3431 4.247114964834312 10.69235087895161 0
3432 4.247114964834311 10.81508420369284 0
3433 4.247114964834311 10.95622753364736 0
3434 4.247114964834311 11.11854235814633 0
3435 4.247114964834311 11.30520441636367 0
3436 4.247114964834311 11.51986578796002 0
3437 4.247114964834311 11.7667263526163 0
3438 4.247114964834311 12.05061600685463 0
3439 4.247114964834311 12.37708911019525 0
3440 4.247114964834311 12.75253319015483 0
3441 4.247114964834311 13.18429388022512 0
3442 4.247114964834311 13.68081867786747 0
3443 4.247114964834311 14.25182219461379 0
3444 4.247114964834311 14.90847623436092 0
3445 4.247114964834311 15.66362838434955 0
3446 4.247114964834311 16.53205336906233 0
3447 4.247114964834311 17.53074210308319 0
3448 4.247114964834311 18.67923414190901 0
3449 4.048505789191614 10.07638070242096 0
3450 4.048505789191614 10.10671850297895 0
3451 4.048505789191614 10.14160697077571 0
3452 4.048505789191616 10.1817287156336 0
3453 4.048505789191614 10.22786872144335 0
3454 4.048505789191614 10.28092972818176 0
3455 4.048505789191614 10.34194988692399 0
3456 4.048505789191614 10.41212306612286 0
3457 4.048505789191614 10.49282222475297 0
3458 4.048505789191614 10.58562624961903 0
3459 4.048505789191614 10.69235087785429 0
3460 4.048505789191614 10.81508420243375 0
3461 4.048505789191614 10.95622753236199 0
3462 4.048505789191613 11.11854235676349 0
3463 4.048505789191614 11.30520441477977 0
3464 4.048505789191614 11.51986578638344 0
3465 4.048505789191614 11.76672635094827 0
3466 4.048505789191614 12.0506160051032 0
3467 4.048505789191614 12.37708910827836 0
3468 4.048505789191614 12.75253318827973 0
3469 4.048505789191615 13.18429387825891 0
3470 4.048505789191614 13.68081867596929 0
3471 4.048505789191614 14.25182219276827 0
3472 4.048505789191614 14.90847623262442 0
3473 4.048505789191614 15.66362838276718 0
3474 4.048505789191614 16.53205336769642 0
3475 4.048505789191614 17.53074210220112 0
3476 4.048505789191614 18.67923414154503 0
3477 3.830035699142548 10.07638070191942 0
3478 3.830035699142549 10.10671850242315 0
3479 3.830035699142549 10.14160697016066 0
3480 3.83003569914255 10.18172871495402 0
3481 3.830035699142549 10.22786872070857 0
3482 3.83003569914255 10.28092972735638 0
3483 3.830035699142549 10.34194988607614 0
3484 3.83003569914255 10.41212306512831 0
3485 3.830035699142549 10.49282222373597 0
3486 3.830035699142549 10.58562624850946 0
3487 3.830035699142549 10.69235087664723 0
3488 3.830035699142548 10.81508420104875 0
3489 3.830035699142547 10.95622753094807 0
3490 3.830035699142548 11.11854235524235 0
3491 3.830035699142548 11.30520441303747 0
3492 3.830035699142549 11.51986578464919 0
3493 3.830035699142549 11.76672634911343 0
3494 3.830035699142549 12.05061600317663 0
3495 3.830035699142549 12.37708910616978 0
3496 3.830035699142548 12.75253318621712 0
3497 3.830035699142548 13.18429387609609 0
3498 3.830035699142548 13.68081867388128 0
3499 3.830035699142547 14.2518221907382 0
3500 3.830035699142549 14.90847623071427 0
3501 3.830035699142549 15.6636283810266 0
3502 3.830035699142548 16.53205336619393 0
3503 3.830035699142547 17.53074210123085 0
3504 3.830035699142549 18.67923414114464 0
3505 3.589718598311384 10.07638070136773 0
3506 3.589718598311384 10.10671850181176 0
3507 3.589718598311384 10.1416069694841 0
3508 3.589718598311384 10.18172871420649 0
3509 3.589718598311384 10.22786871990031 0
3510 3.589718598311384 10.28092972644846 0
3511 3.589718598311384 10.3419498851435 0
3512 3.589718598311384 10.41212306403431 0
3513 3.589718598311384 10.49282222261728 0
3514 3.589718598311383 10.58562624728894 0
3515 3.589718598311384 10.69235087531947 0
3516 3.589718598311384 10.81508419952526 0
3517 3.589718598311384 10.95622752939277 0
3518 3.589718598311384 11.11854235356911 0
3519 3.589718598311384 11.30520441112096 0
3520 3.589718598311385 11.51986578274152 0
3521 3.589718598311384 11.76672634709511 0
3522 3.589718598311384 12.05061600105741 0
3523 3.589718598311384 12.37708910385034 0
3524 3.589718598311383 12.75253318394825 0
3525 3.589718598311384 13.18429387371698 0
3526 3.589718598311384 13.68081867158447 0
3527 3.589718598311385 14.25182218850512 0
3528 3.589718598311384 14.90847622861311 0
3529 3.589718598311384 15.66362837911194 0
3530 3.589718598311384 16.53205336454119 0
3531 3.589718598311383 17.53074210016354 0
3532 3.589718598311385 18.67923414070422 0
3533 3.325369786293685 10.07638070076086 0
3534 3.325369786293684 10.10671850113924 0
3535 3.325369786293684 10.14160696873989 0
3536 3.325369786293685 10.1817287133842 0
3537 3.325369786293685 10.22786871901122 0
3538 3.325369786293684 10.28092972544976 0
3539 3.325369786293685 10.34194988411759 0
3540 3.325369786293685 10.4121230628309 0
3541 3.325369786293685 10.49282222138671 0
3542 3.325369786293684 10.58562624594636 0
3543 3.325369786293685 10.69235087385894 0
3544 3.325369786293684 10.81508419784941 0
3545 3.325369786293684 10.95622752768194 0
3546 3.325369786293685 11.11854235172854 0
3547 3.325369786293685 11.30520440901279 0
3548 3.325369786293684 11.51986578064308 0
3549 3.325369786293685 11.76672634487496 0
3550 3.325369786293685 12.05061599872626 0
3551 3.325369786293684 12.37708910129897 0
3552 3.325369786293684 12.75253318145249 0
3553 3.325369786293684 13.18429387109996 0
3554 3.325369786293684 13.68081866905797 0
3555 3.325369786293684 14.25182218604873 0
3556 3.325369786293684 14.90847622630182 0
3557 3.325369786293684 15.66362837700582 0
3558 3.325369786293684 16.53205336272318 0
3559 3.325369786293684 17.5307420989895 0
3560 3.325369786293684 18.67923414021976 0
3561 3.034586091824979 10.07638070009331 0
3562 3.034586091824978 10.10671850039947 0
3563 3.034586091824977 10.14160696792125 0
3564 3.034586091824977 10.18172871247969 0
3565 3.034586091824977 10.22786871803323 0
3566 3.034586091824978 10.28092972435118 0
3567 3.034586091824978 10.3419498829891 0
3568 3.034586091824977 10.41212306150714 0
3569 3.034586091824977 10.49282222003309 0
3570 3.034586091824977 10.58562624446953 0
3571 3.034586091824977 10.69235087225235 0
3572 3.034586091824977 10.81508419600598 0
3573 3.034586091824979 10.95622752580002 0
3574 3.034586091824977 11.11854234970391 0
3575 3.034586091824978 11.3052044066938 0
3576 3.034586091824978 11.5198657783348 0
3577 3.034586091824978 11.76672634243279 0
3578 3.034586091824977 12.050615996162 0
3579 3.034586091824977 12.37708909849244 0
3580 3.034586091824977 12.75253317870716 0
3581 3.034586091824978 13.18429386822124 0
3582 3.034586091824977 13.68081866627883 0
3583 3.034586091824978 14.25182218334671 0
3584 3.034586091824978 14.90847622375941 0
3585 3.034586091824977 15.66362837468909 0
3586 3.034586091824977 16.53205336072336 0
3587 3.034586091824977 17.53074209769806 0
3588 3.034586091824978 18.67923413968684 0
3589 2.714724025470871 10.076380699359 0
3590 2.714724025470871 10.10671849958572 0
3591 2.714724025470871 10.14160696702075 0
3592 2.714724025470871 10.18172871148473 0
3593 2.714724025470871 10.22786871695744 0
3594 2.71472402547087 10.28092972314274 0
3595 2.714724025470872 10.34194988174776 0
3596 2.714724025470871 10.41212306005102 0
3597 2.714724025470871 10.49282221854411 0
3598 2.714724025470871 10.58562624284501 0
3599 2.714724025470871 10.6923508704851 0
3600 2.71472402547087 10.81508419397821 0
3601 2.71472402547087 10.95622752372991 0
3602 2.714724025470871 11.11854234747682 0
3603 2.714724025470871 11.30520440414291 0
3604 2.714724025470872 11.51986577579569 0
3605 2.714724025470871 11.76672633974641 0
3606 2.71472402547087 12.05061599334131 0
3607 2.714724025470872 12.37708909540527 0
3608 2.714724025470871 12.75253317568729 0
3609 2.714724025470871 13.18429386505464 0
3610 2.714724025470872 13.68081866322178 0
3611 2.714724025470871 14.25182218037448 0
3612 2.714724025470872 14.90847622096276 0
3613 2.714724025470871 15.66362837214069 0
3614 2.714724025470871 16.53205335852357 0
3615 2.714724025470871 17.53074209627747 0
3616 2.714724025470871 18.67923413910064 0
3617 2.362875754340275 10.07638069855127 0
3618 2.362875754340276 10.1067184986906 0
3619 2.362875754340275 10.14160696603021 0
3620 2.362875754340275 10.18172871039026 0
3621 2.362875754340275 10.22786871577407 0
3622 2.362875754340275 10.28092972181346 0
3623 2.362875754340275 10.34194988038228 0
3624 2.362875754340275 10.41212305844929 0
3625 2.362875754340276 10.49282221690623 0
3626 2.362875754340276 10.58562624105804 0
3627 2.362875754340275 10.69235086854114 0
3628 2.362875754340275 10.81508419174767 0
3629 2.362875754340276 10.95622752145279 0
3630 2.362875754340275 11.11854234502702 0
3631 2.362875754340275 11.30520440133693 0
3632 2.362875754340277 11.51986577300267 0
3633 2.362875754340275 11.76672633679138 0
3634 2.362875754340275 12.05061599023855 0
3635 2.362875754340276 12.37708909200939 0
3636 2.362875754340275 12.75253317236544 0
3637 2.362875754340275 13.18429386157139 0
3638 2.362875754340275 13.68081865985902 0
3639 2.362875754340275 14.25182217710503 0
3640 2.362875754340276 14.90847621788643 0
3641 2.362875754340276 15.66362836933745 0
3642 2.362875754340275 16.53205335610379 0
3643 2.362875754340275 17.53074209471484 0
3644 2.362875754340275 18.6792341384558 0
3645 1.975842656864191 10.07638069766276 0
3646 1.975842656864191 10.10671849770597 0
3647 1.97584265686419 10.14160696494061 0
3648 1.975842656864191 10.18172870918635 0
3649 1.975842656864191 10.22786871447236 0
3650 1.975842656864192 10.28092972035125 0
3651 1.975842656864192 10.34194987888025 0
3652 1.975842656864191 10.41212305668738 0
3653 1.975842656864191 10.49282221510456 0
3654 1.975842656864191 10.58562623909237 0
3655 1.975842656864191 10.69235086640276 0
3656 1.975842656864191 10.81508418929406 0
3657 1.975842656864192 10.95622751894795 0
3658 1.975842656864191 11.11854234233224 0
3659 1.975842656864192 11.30520439825036 0
3660 1.975842656864191 11.51986576993035 0
3661 1.975842656864191 11.76672633354086 0
3662 1.975842656864191 12.05061598682552 0
3663 1.975842656864191 12.37708908827391 0
3664 1.975842656864191 12.7525331687114 0
3665 1.975842656864191 13.18429385773981 0
3666 1.975842656864191 13.68081865615999 0
3667 1.975842656864191 14.25182217350863 0
3668 1.975842656864191 14.90847621450249 0
3669 1.97584265686419 15.66362836625388 0
3670 1.975842656864191 16.53205335344203 0
3671 1.975842656864191 17.53074209299593 0
3672 1.975842656864192 18.6792341377465 0
3673 1.550106250910576 10.07638069668539 0
3674 1.550106250910577 10.10671849662286 0
3675 1.550106250910577 10.14160696374205 0
3676 1.550106250910576 10.18172870786205 0
3677 1.550106250910577 10.22786871304048 0
3678 1.550106250910576 10.28092971874282 0
3679 1.550106250910577 10.34194987722802 0
3680 1.550106250910577 10.41212305474928 0
3681 1.550106250910576 10.49282221312272 0
3682 1.550106250910577 10.58562623693013 0
3683 1.550106250910577 10.69235086405056 0
3684 1.550106250910577 10.81508418659509 0
3685 1.550106250910577 10.95622751619263 0
3686 1.550106250910577 11.11854233936799 0
3687 1.550106250910577 11.30520439485513 0
3688 1.550106250910577 11.51986576655079 0
3689 1.550106250910577 11.76672632996528 0
3690 1.550106250910577 12.05061598307118 0
3691 1.550106250910577 12.37708908416488 0
3692 1.550106250910577 12.75253316469196 0
3693 1.550106250910577 13.18429385352507 0
3694 1.550106250910576 13.68081865209105 0
3695 1.550106250910577 14.25182216955259 0
3696 1.550106250910577 14.90847621078014 0
3697 1.550106250910577 15.66362836286195 0
3698 1.550106250910576 16.5320533505141 0
3699 1.550106250910577 17.53074209110513 0
3700 1.550106250910577 18.67923413696626 0
3701 1.08179620682306 10.0763806956103 0
3702 1.081796206823059 10.10671849543145 0
3703 1.081796206823059 10.14160696242362 0
3704 1.08179620682306 10.18172870640532 0
3705 1.08179620682306 10.22786871146541 0
3706 1.08179620682306 10.28092971697355 0
3707 1.081796206823059 10.34194987541057 0
3708 1.08179620682306 10.41212305261737 0
3709 1.08179620682306 10.4928222109427 0
3710 1.08179620682306 10.58562623455167 0
3711 1.08179620682306 10.69235086146313 0
3712 1.08179620682306 10.81508418362623 0
3713 1.08179620682306 10.95622751316178 0
3714 1.08179620682306 11.11854233610731 0
3715 1.08179620682306 11.30520439112038 0
3716 1.08179620682306 11.51986576283328 0
3717 1.08179620682306 11.76672632603215 0
3718 1.08179620682306 12.05061597894141 0
3719 1.08179620682306 12.37708907964496 0
3720 1.08179620682306 12.75253316027057 0
3721 1.08179620682306 13.18429384888886 0
3722 1.08179620682306 13.68081864761521 0
3723 1.08179620682306 14.25182216520095 0
3724 1.08179620682306 14.90847620668556 0
3725 1.08179620682306 15.66362835913084 0
3726 1.08179620682306 16.53205334729337 0
3727 1.08179620682306 17.53074208902526 0
3728 1.08179620682306 18.679234136108 0
3729 0.5666551575574438 10.07638069442768 0
3730 0.5666551575574441 10.1067184941209 0
3731 0.5666551575574441 10.14160696097337 0
3732 0.5666551575574441 10.18172870480292 0
3733 0.5666551575574441 10.22786870973284 0
3734 0.5666551575574441 10.28092971502735 0
3735 0.5666551575574441 10.34194987341138 0
3736 0.5666551575574441 10.41212305027226 0
3737 0.5666551575574441 10.49282220854468 0
3738 0.566655157557444 10.58562623193537 0
3739 0.5666551575574442 10.69235085861697 0
3740 0.5666551575574441 10.81508418036048 0
3741 0.5666551575574441 10.95622750982785 0
3742 0.566655157557444 11.11854233252055 0
3743 0.5666551575574441 11.30520438701215 0
3744 0.5666551575574441 11.51986575874402 0
3745 0.5666551575574441 11.7667263217057 0
3746 0.5666551575574441 12.05061597439866 0
3747 0.5666551575574441 12.37708907467304 0
3748 0.5666551575574441 12.75253315540704 0
3749 0.5666551575574441 13.18429384378903 0
3750 0.5666551575574441 13.6808186426918 0
3751 0.5666551575574441 14.25182216041415 0
3752 0.5666551575574441 14.90847620218152 0
3753 0.5666551575574441 15.66362835502661 0
3754 0.5666551575574441 16.53205334375058 0
3755 0.566655157557444 17.53074208673739 0
3756 0.5666551575574441 18.67923413516391 0
3757 14.83050847457627 10.0763807046053 0
3758 14.83050847457627 10.10671850539961 0
3759 14.83050847457627 10.14160697345442 0
3760 14.83050847457627 10.18172871859332 0
3761 14.83050847457627 10.22786872464351 0
3762 14.83050847457626 10.2809297317765 0
3763 14.83050847457627 10.34194989061662 0
3764 14.83050847457626 10.4121230704544 0
3765 14.83050847457627 10.49282222918225 0
3766 14.83050847457627 10.5856262544515 0
3767 14.83050847457627 10.69235088311132 0
3768 14.83050847457627 10.81508420846577 0
3769 14.83050847457627 10.95622753851995 0
3770 14.83050847457627 11.11854236338841 0
3771 14.83050847457627 11.30520442236789 0
3772 14.83050847457627 11.51986579393652 0
3773 14.83050847457627 11.76672635893946 0
3774 14.83050847457627 12.05061601349391 0
3775 14.83050847457627 12.37708911746177 0
3776 14.83050847457627 12.75253319726294 0
3777 14.83050847457627 13.18429388767859 0
3778 14.83050847457627 13.68081868506311 0
3779 14.83050847457627 14.25182220160977 0
3780 14.83050847457627 14.90847624094364 0
3781 14.83050847457627 15.66362839034793 0
3782 14.83050847457627 16.53205337424016 0
3783 14.83050847457627 17.53074210642693 0
3784 14.83050847457627 18.67923414328882 0
3785 14.66101694915253 10.0763807046053 0
3786 14.66101694915254 10.1067185053996 0
3787 14.66101694915254 10.14160697345442 0
3788 14.66101694915253 10.18172871859332 0
3789 14.66101694915253 10.22786872464351 0
3790 14.66101694915253 10.2809297317765 0
3791 14.66101694915254 10.34194989061662 0
3792 14.66101694915254 10.4121230704544 0
3793 14.66101694915254 10.49282222918225 0
3794 14.66101694915254 10.5856262544515 0
3795 14.66101694915254 10.69235088311132 0
3796 14.66101694915254 10.81508420846577 0
3797 14.66101694915254 10.95622753851995 0
3798 14.66101694915254 11.11854236338842 0
3799 14.66101694915254 11.30520442236789 0
3800 14.66101694915254 11.51986579393652 0
3801 14.66101694915254 11.76672635893946 0
3802 14.66101694915254 12.05061601349391 0
3803 14.66101694915253 12.37708911746177 0
3804 14.66101694915253 12.75253319726293 0
3805 14.66101694915254 13.18429388767859 0
3806 14.66101694915254 13.68081868506311 0
3807 14.66101694915254 14.25182220160977 0
3808 14.66101694915254 14.90847624094364 0
3809 14.66101694915254 15.66362839034793 0
3810 14.66101694915253 16.53205337424016 0
3811 14.66101694915254 17.53074210642693 0
3812 14.66101694915254 18.67923414328881 0
3813 14.49152542372881 10.0763807046053 0
3814 14.49152542372881 10.10671850539961 0
3815 14.49152542372881 10.14160697345442 0
3816 14.49152542372881 10.18172871859332 0
3817 14.49152542372881 10.22786872464351 0
3818 14.49152542372881 10.2809297317765 0
3819 14.49152542372881 10.34194989061662 0
3820 14.49152542372881 10.4121230704544 0
3821 14.49152542372881 10.49282222918225 0
3822 14.49152542372881 10.5856262544515 0
3823 14.49152542372881 10.69235088311132 0
3824 14.49152542372881 10.81508420846577 0
3825 14.49152542372881 10.95622753851994 0
3826 14.49152542372881 11.11854236338841 0
3827 14.49152542372881 11.30520442236789 0
3828 14.49152542372881 11.51986579393652 0
3829 14.49152542372881 11.76672635893945 0
3830 14.49152542372881 12.05061601349391 0
3831 14.49152542372881 12.37708911746177 0
3832 14.49152542372881 12.75253319726293 0
3833 14.49152542372881 13.18429388767859 0
3834 14.49152542372881 13.68081868506311 0
3835 14.49152542372881 14.25182220160977 0
3836 14.49152542372881 14.90847624094364 0
3837 14.49152542372881 15.66362839034792 0
3838 14.49152542372881 16.53205337424017 0
3839 14.49152542372881 17.53074210642693 0
3840 14.49152542372881 18.67923414328882 0
3841 14.32203389830508 10.07638070460531 0
3842 14.32203389830508 10.10671850539961 0
3843 14.32203389830508 10.14160697345442 0
3844 14.32203389830508 10.18172871859332 0
3845 14.32203389830507 10.22786872464351 0
3846 14.32203389830508 10.2809297317765 0
3847 14.32203389830508 10.34194989061662 0
3848 14.32203389830508 10.4121230704544 0
3849 14.32203389830508 10.49282222918225 0
3850 14.32203389830508 10.58562625445149 0
3851 14.32203389830507 10.69235088311132 0
3852 14.32203389830508 10.81508420846577 0
3853 14.32203389830508 10.95622753851995 0
3854 14.32203389830507 11.11854236338841 0
3855 14.32203389830508 11.30520442236789 0
3856 14.32203389830508 11.51986579393652 0
3857 14.32203389830508 11.76672635893946 0
3858 14.32203389830508 12.05061601349391 0
3859 14.32203389830508 12.37708911746177 0
3860 14.32203389830508 12.75253319726293 0
3861 14.32203389830508 13.18429388767859 0
3862 14.32203389830507 13.68081868506311 0
3863 14.32203389830508 14.25182220160977 0
3864 14.32203389830508 14.90847624094364 0
3865 14.32203389830508 15.66362839034793 0
3866 14.32203389830508 16.53205337424016 0
3867 14.32203389830508 17.53074210642694 0
3868 14.32203389830508 18.67923414328882 0
3869 14.15254237288135 10.0763807046053 0
3870 14.15254237288136 10.10671850539961 0
3871 14.15254237288135 10.14160697345442 0
3872 14.15254237288135 10.18172871859332 0
3873 14.15254237288135 10.22786872464351 0
3874 14.15254237288135 10.2809297317765 0
3875 14.15254237288135 10.34194989061662 0
3876 14.15254237288135 10.4121230704544 0
3877 14.15254237288135 10.49282222918225 0
3878 14.15254237288135 10.58562625445149 0
3879 14.15254237288135 10.69235088311132 0
3880 14.15254237288135 10.81508420846577 0
3881 14.15254237288135 10.95622753851995 0
3882 14.15254237288135 11.11854236338841 0
3883 14.15254237288135 11.30520442236789 0
3884 14.15254237288135 11.51986579393652 0
3885 14.15254237288135 11.76672635893946 0
3886 14.15254237288135 12.05061601349391 0
3887 14.15254237288135 12.37708911746177 0
3888 14.15254237288135 12.75253319726293 0
3889 14.15254237288135 13.18429388767859 0
3890 14.15254237288134 13.68081868506311 0
3891 14.15254237288135 14.25182220160977 0
3892 14.15254237288135 14.90847624094363 0
3893 14.15254237288135 15.66362839034793 0
3894 14.15254237288135 16.53205337424016 0
3895 14.15254237288135 17.53074210642693 0
3896 14.15254237288135 18.67923414328882 0
3897 13.98305084745762 10.0763807046053 0
3898 13.98305084745762 10.10671850539961 0
3899 13.98305084745762 10.14160697345442 0
3900 13.98305084745762 10.18172871859332 0
3901 13.98305084745762 10.22786872464351 0
3902 13.98305084745762 10.2809297317765 0
3903 13.98305084745762 10.34194989061662 0
3904 13.98305084745762 10.4121230704544 0
3905 13.98305084745762 10.49282222918225 0
3906 13.98305084745762 10.58562625445149 0
3907 13.98305084745762 10.69235088311132 0
3908 13.98305084745762 10.81508420846577 0
3909 13.98305084745762 10.95622753851995 0
3910 13.98305084745762 11.11854236338841 0
3911 13.98305084745762 11.30520442236789 0
3912 13.98305084745762 11.51986579393652 0
3913 13.98305084745762 11.76672635893946 0
3914 13.98305084745763 12.05061601349391 0
3915 13.98305084745762 12.37708911746177 0
3916 13.98305084745762 12.75253319726293 0
3917 13.98305084745762 13.18429388767859 0
3918 13.98305084745762 13.68081868506311 0
3919 13.98305084745762 14.25182220160977 0
3920 13.98305084745762 14.90847624094363 0
3921 13.98305084745762 15.66362839034793 0
3922 13.98305084745762 16.53205337424016 0
3923 13.98305084745762 17.53074210642693 0
3924 13.98305084745762 18.67923414328882 0
3925 13.81355932203389 10.0763807046053 0
3926 13.81355932203389 10.10671850539961 0
3927 13.81355932203389 10.14160697345442 0
3928 13.81355932203389 10.18172871859332 0
3929 13.81355932203389 10.22786872464351 0
3930 13.8135593220339 10.2809297317765 0
3931 13.81355932203389 10.34194989061662 0
3932 13.81355932203389 10.4121230704544 0
3933 13.81355932203389 10.49282222918225 0
3934 13.81355932203389 10.5856262544515 0
3935 13.81355932203389 10.69235088311132 0
3936 13.81355932203389 10.81508420846577 0
3937 13.81355932203389 10.95622753851995 0
3938 13.81355932203389 11.11854236338842 0
3939 13.81355932203389 11.3052044223679 0
3940 13.81355932203389 11.51986579393652 0
3941 13.81355932203389 11.76672635893946 0
3942 13.81355932203389 12.05061601349391 0
3943 13.81355932203389 12.37708911746177 0
3944 13.81355932203389 12.75253319726293 0
3945 13.81355932203389 13.18429388767859 0
3946 13.81355932203389 13.68081868506311 0
3947 13.81355932203389 14.25182220160977 0
3948 13.81355932203389 14.90847624094363 0
3949 13.81355932203389 15.66362839034793 0
3950 13.81355932203389 16.53205337424016 0
3951 13.81355932203389 17.53074210642693 0
3952 13.81355932203389 18.67923414328882 0
3953 13.64406779661016 10.0763807046053 0
3954 13.64406779661016 10.10671850539961 0
3955 13.64406779661016 10.14160697345442 0
3956 13.64406779661017 10.18172871859332 0
3957 13.64406779661016 10.22786872464351 0
3958 13.64406779661016 10.2809297317765 0
3959 13.64406779661016 10.34194989061662 0
3960 13.64406779661016 10.4121230704544 0
3961 13.64406779661016 10.49282222918225 0
3962 13.64406779661016 10.58562625445149 0
3963 13.64406779661016 10.69235088311132 0
3964 13.64406779661016 10.81508420846577 0
3965 13.64406779661016 10.95622753851995 0
3966 13.64406779661017 11.11854236338841 0
3967 13.64406779661016 11.3052044223679 0
3968 13.64406779661016 11.51986579393652 0
3969 13.64406779661016 11.76672635893946 0
3970 13.64406779661017 12.05061601349391 0
3971 13.64406779661016 12.37708911746177 0
3972 13.64406779661016 12.75253319726293 0
3973 13.64406779661016 13.18429388767859 0
3974 13.64406779661016 13.68081868506311 0
3975 13.64406779661016 14.25182220160977 0
3976 13.64406779661016 14.90847624094363 0
3977 13.64406779661016 15.66362839034792 0
3978 13.64406779661016 16.53205337424016 0
3979 13.64406779661017 17.53074210642693 0
3980 13.64406779661016 18.67923414328881 0
3981 13.47457627118643 10.0763807046053 0
3982 13.47457627118643 10.10671850539961 0
3983 13.47457627118644 10.14160697345442 0
3984 13.47457627118643 10.18172871859332 0
3985 13.47457627118643 10.22786872464351 0
3986 13.47457627118643 10.2809297317765 0
3987 13.47457627118643 10.34194989061662 0
3988 13.47457627118644 10.4121230704544 0
3989 13.47457627118644 10.49282222918226 0
3990 13.47457627118643 10.58562625445149 0
3991 13.47457627118643 10.69235088311132 0
3992 13.47457627118643 10.81508420846577 0
3993 13.47457627118643 10.95622753851995 0
3994 13.47457627118643 11.11854236338841 0
3995 13.47457627118643 11.30520442236789 0
3996 13.47457627118643 11.51986579393652 0
3997 13.47457627118643 11.76672635893946 0
3998 13.47457627118643 12.05061601349391 0
3999 13.47457627118643 12.37708911746178 0
4000 13.47457627118643 12.75253319726293 0
4001 13.47457627118643 13.18429388767858 0
4002 13.47457627118643 13.68081868506311 0
4003 13.47457627118643 14.25182220160977 0
4004 13.47457627118643 14.90847624094363 0
4005 13.47457627118643 15.66362839034793 0
4006 13.47457627118643 16.53205337424016 0
4007 13.47457627118643 17.53074210642693 0
4008 13.47457627118643 18.67923414328881 0
4009 13.30508474576271 10.0763807046053 0
4010 13.30508474576271 10.10671850539961 0
4011 13.30508474576271 10.14160697345442 0
4012 13.30508474576271 10.18172871859332 0
4013 13.30508474576271 10.22786872464351 0
4014 13.30508474576271 10.2809297317765 0
4015 13.3050847457627 10.34194989061662 0
4016 13.30508474576271 10.4121230704544 0
4017 13.30508474576271 10.49282222918225 0
4018 13.30508474576271 10.58562625445149 0
4019 13.30508474576271 10.69235088311132 0
4020 13.3050847457627 10.81508420846577 0
4021 13.30508474576271 10.95622753851995 0
4022 13.30508474576271 11.11854236338841 0
4023 13.30508474576271 11.30520442236789 0
4024 13.30508474576271 11.51986579393652 0
4025 13.3050847457627 11.76672635893946 0
4026 13.30508474576271 12.05061601349391 0
4027 13.30508474576271 12.37708911746177 0
4028 13.3050847457627 12.75253319726293 0
4029 13.3050847457627 13.18429388767859 0
4030 13.30508474576271 13.68081868506311 0
4031 13.30508474576271 14.25182220160977 0
4032 13.30508474576271 14.90847624094364 0
4033 13.3050847457627 15.66362839034793 0
4034 13.30508474576271 16.53205337424016 0
4035 13.30508474576271 17.53074210642693 0
4036 13.30508474576271 18.67923414328881 0
4037 13.13559322033898 10.0763807046053 0
4038 13.13559322033898 10.10671850539961 0
4039 13.13559322033897 10.14160697345442 0
4040 13.13559322033897 10.18172871859332 0
4041 13.13559322033898 10.22786872464351 0
4042 13.13559322033898 10.2809297317765 0
4043 13.13559322033897 10.34194989061662 0
4044 13.13559322033898 10.4121230704544 0
4045 13.13559322033898 10.49282222918225 0
4046 13.13559322033898 10.58562625445149 0
4047 13.13559322033898 10.69235088311132 0
4048 13.13559322033898 10.81508420846577 0
4049 13.13559322033898 10.95622753851995 0
4050 13.13559322033897 11.11854236338841 0
4051 13.13559322033898 11.3052044223679 0
4052 13.13559322033897 11.51986579393652 0
4053 13.13559322033898 11.76672635893945 0
4054 13.13559322033898 12.05061601349391 0
4055 13.13559322033897 12.37708911746177 0
4056 13.13559322033898 12.75253319726293 0
4057 13.13559322033898 13.18429388767858 0
4058 13.13559322033897 13.68081868506311 0
4059 13.13559322033898 14.25182220160977 0
4060 13.13559322033898 14.90847624094364 0
4061 13.13559322033898 15.66362839034793 0
4062 13.13559322033897 16.53205337424016 0
4063 13.13559322033897 17.53074210642693 0
4064 13.13559322033898 18.67923414328881 0
4065 12.96610169491524 10.0763807046053 0
4066 12.96610169491525 10.10671850539961 0
4067 12.96610169491525 10.14160697345442 0
4068 12.96610169491525 10.18172871859332 0
4069 12.96610169491525 10.22786872464351 0
4070 12.96610169491525 10.2809297317765 0
4071 12.96610169491525 10.34194989061662 0
4072 12.96610169491525 10.4121230704544 0
4073 12.96610169491525 10.49282222918225 0
4074 12.96610169491525 10.58562625445149 0
4075 12.96610169491525 10.69235088311132 0
4076 12.96610169491525 10.81508420846577 0
4077 12.96610169491525 10.95622753851995 0
4078 12.96610169491524 11.11854236338842 0
4079 12.96610169491524 11.3052044223679 0
4080 12.96610169491525 11.51986579393652 0
4081 12.96610169491525 11.76672635893946 0
4082 12.96610169491525 12.05061601349391 0
4083 12.96610169491525 12.37708911746177 0
4084 12.96610169491525 12.75253319726293 0
4085 12.96610169491525 13.18429388767859 0
4086 12.96610169491525 13.68081868506311 0
4087 12.96610169491525 14.25182220160977 0
4088 12.96610169491525 14.90847624094364 0
4089 12.96610169491525 15.66362839034793 0
4090 12.96610169491525 16.53205337424016 0
4091 12.96610169491525 17.53074210642693 0
4092 12.96610169491525 18.67923414328882 0
4093 12.79661016949152 10.0763807046053 0
4094 12.79661016949152 10.10671850539961 0
4095 12.79661016949152 10.14160697345442 0
4096 12.79661016949152 10.18172871859332 0
4097 12.79661016949152 10.22786872464351 0
4098 12.79661016949152 10.2809297317765 0
4099 12.79661016949152 10.34194989061662 0
4100 12.79661016949152 10.4121230704544 0
4101 12.79661016949152 10.49282222918225 0
4102 12.79661016949152 10.5856262544515 0
4103 12.79661016949152 10.69235088311132 0
4104 12.79661016949152 10.81508420846577 0
4105 12.79661016949152 10.95622753851995 0
4106 12.79661016949152 11.11854236338841 0
4107 12.79661016949152 11.30520442236789 0
4108 12.79661016949152 11.51986579393652 0
4109 12.79661016949152 11.76672635893946 0
4110 12.79661016949152 12.05061601349391 0
4111 12.79661016949152 12.37708911746177 0
4112 12.79661016949152 12.75253319726293 0
4113 12.79661016949152 13.18429388767859 0
4114 12.79661016949152 13.68081868506311 0
4115 12.79661016949152 14.25182220160977 0
4116 12.79661016949152 14.90847624094364 0
4117 12.79661016949152 15.66362839034792 0
4118 12.79661016949152 16.53205337424016 0
4119 12.79661016949152 17.53074210642693 0
4120 12.79661016949152 18.67923414328882 0
4121 12.62711864406779 10.0763807046053 0
4122 12.62711864406779 10.10671850539961 0
4123 12.62711864406779 10.14160697345442 0
4124 12.62711864406779 10.18172871859332 0
4125 12.62711864406779 10.22786872464351 0
4126 12.62711864406779 10.2809297317765 0
4127 12.62711864406779 10.34194989061662 0
4128 12.62711864406779 10.4121230704544 0
4129 12.62711864406779 10.49282222918225 0
4130 12.62711864406779 10.5856262544515 0
4131 12.62711864406779 10.69235088311132 0
4132 12.62711864406779 10.81508420846577 0
4133 12.62711864406779 10.95622753851994 0
4134 12.62711864406779 11.11854236338841 0
4135 12.62711864406779 11.3052044223679 0
4136 12.62711864406779 11.51986579393652 0
4137 12.62711864406779 11.76672635893946 0
4138 12.62711864406779 12.05061601349391 0
4139 12.62711864406779 12.37708911746177 0
4140 12.62711864406779 12.75253319726293 0
4141 12.62711864406779 13.18429388767859 0
4142 12.62711864406779 13.68081868506311 0
4143 12.62711864406779 14.25182220160977 0
4144 12.62711864406779 14.90847624094364 0
4145 12.62711864406779 15.66362839034792 0
4146 12.62711864406779 16.53205337424016 0
4147 12.62711864406779 17.53074210642693 0
4148 12.62711864406779 18.67923414328881 0
4149 12.45762711864406 10.0763807046053 0
4150 12.45762711864406 10.10671850539961 0
4151 12.45762711864406 10.14160697345442 0
4152 12.45762711864406 10.18172871859332 0
4153 12.45762711864406 10.22786872464351 0
4154 12.45762711864406 10.2809297317765 0
4155 12.45762711864406 10.34194989061662 0
4156 12.45762711864406 10.4121230704544 0
4157 12.45762711864406 10.49282222918225 0
4158 12.45762711864406 10.5856262544515 0
4159 12.45762711864406 10.69235088311132 0
4160 12.45762711864406 10.81508420846577 0
4161 12.45762711864406 10.95622753851995 0
4162 12.45762711864406 11.11854236338842 0
4163 12.45762711864406 11.30520442236789 0
4164 12.45762711864406 11.51986579393652 0
4165 12.45762711864405 11.76672635893946 0
4166 12.45762711864406 12.05061601349391 0
4167 12.45762711864406 12.37708911746177 0
4168 12.45762711864406 12.75253319726293 0
4169 12.45762711864406 13.18429388767859 0
4170 12.45762711864406 13.68081868506311 0
4171 12.45762711864406 14.25182220160977 0
4172 12.45762711864406 14.90847624094364 0
4173 12.45762711864405 15.66362839034793 0
4174 12.45762711864406 16.53205337424016 0
4175 12.45762711864406 17.53074210642693 0
4176 12.45762711864406 18.67923414328881 0
4177 12.28813559322033 10.0763807046053 0
4178 12.28813559322033 10.10671850539961 0
4179 12.28813559322033 10.14160697345442 0
4180 12.28813559322033 10.18172871859332 0
4181 12.28813559322033 10.22786872464351 0
4182 12.28813559322033 10.2809297317765 0
4183 12.28813559322033 10.34194989061662 0
4184 12.28813559322033 10.4121230704544 0
4185 12.28813559322033 10.49282222918225 0
4186 12.28813559322033 10.58562625445149 0
4187 12.28813559322033 10.69235088311132 0
4188 12.28813559322033 10.81508420846577 0
4189 12.28813559322033 10.95622753851995 0
4190 12.28813559322033 11.11854236338841 0
4191 12.28813559322033 11.30520442236789 0
4192 12.28813559322033 11.51986579393652 0
4193 12.28813559322033 11.76672635893945 0
4194 12.28813559322033 12.05061601349391 0
4195 12.28813559322033 12.37708911746177 0
4196 12.28813559322033 12.75253319726293 0
4197 12.28813559322033 13.18429388767858 0
4198 12.28813559322033 13.68081868506311 0
4199 12.28813559322033 14.25182220160977 0
4200 12.28813559322033 14.90847624094363 0
4201 12.28813559322033 15.66362839034793 0
4202 12.28813559322033 16.53205337424016 0
4203 12.28813559322033 17.53074210642693 0
4204 12.28813559322033 18.67923414328882 0
4205 12.1186440677966 10.0763807046053 0
4206 12.1186440677966 10.10671850539961 0
4207 12.1186440677966 10.14160697345442 0
4208 12.1186440677966 10.18172871859332 0
4209 12.1186440677966 10.22786872464351 0
4210 12.1186440677966 10.2809297317765 0
4211 12.1186440677966 10.34194989061662 0
4212 12.11864406779661 10.4121230704544 0
4213 12.1186440677966 10.49282222918225 0
4214 12.11864406779661 10.58562625445149 0
4215 12.1186440677966 10.69235088311132 0
4216 12.1186440677966 10.81508420846577 0
4217 12.1186440677966 10.95622753851995 0
4218 12.1186440677966 11.11854236338841 0
4219 12.1186440677966 11.30520442236789 0
4220 12.1186440677966 11.51986579393652 0
4221 12.1186440677966 11.76672635893946 0
4222 12.1186440677966 12.05061601349391 0
4223 12.1186440677966 12.37708911746177 0
4224 12.1186440677966 12.75253319726294 0
4225 12.1186440677966 13.18429388767859 0
4226 12.1186440677966 13.68081868506311 0
4227 12.1186440677966 14.25182220160977 0
4228 12.1186440677966 14.90847624094363 0
4229 12.1186440677966 15.66362839034793 0
4230 12.1186440677966 16.53205337424016 0
4231 12.1186440677966 17.53074210642693 0
4232 12.1186440677966 18.67923414328882 0
4233 11.94915254237287 10.0763807046053 0
4234 11.94915254237287 10.10671850539961 0
4235 11.94915254237287 10.14160697345442 0
4236 11.94915254237287 10.18172871859332 0
4237 11.94915254237288 10.22786872464351 0
4238 11.94915254237287 10.2809297317765 0
4239 11.94915254237287 10.34194989061662 0
4240 11.94915254237287 10.4121230704544 0
4241 11.94915254237287 10.49282222918225 0
4242 11.94915254237287 10.58562625445149 0
4243 11.94915254237287 10.69235088311132 0
4244 11.94915254237287 10.81508420846577 0
4245 11.94915254237287 10.95622753851995 0
4246 11.94915254237288 11.11854236338841 0
4247 11.94915254237287 11.3052044223679 0
4248 11.94915254237288 11.51986579393652 0
4249 11.94915254237287 11.76672635893946 0
4250 11.94915254237287 12.05061601349391 0
4251 11.94915254237287 12.37708911746178 0
4252 11.94915254237288 12.75253319726294 0
4253 11.94915254237287 13.18429388767859 0
4254 11.94915254237287 13.68081868506311 0
4255 11.94915254237287 14.25182220160977 0
4256 11.94915254237287 14.90847624094364 0
4257 11.94915254237287 15.66362839034792 0
4258 11.94915254237287 16.53205337424016 0
4259 11.94915254237287 17.53074210642693 0
4260 11.94915254237287 18.67923414328882 0
4261 11.77966101694915 10.0763807046053 0
4262 11.77966101694915 10.10671850539961 0
4263 11.77966101694915 10.14160697345442 0
4264 11.77966101694915 10.18172871859332 0
4265 11.77966101694914 10.22786872464351 0
4266 11.77966101694915 10.2809297317765 0
4267 11.77966101694915 10.34194989061662 0
4268 11.77966101694915 10.4121230704544 0
4269 11.77966101694915 10.49282222918225 0
4270 11.77966101694915 10.58562625445149 0
4271 11.77966101694915 10.69235088311132 0
4272 11.77966101694915 10.81508420846577 0
4273 11.77966101694915 10.95622753851995 0
4274 11.77966101694914 11.11854236338842 0
4275 11.77966101694915 11.3052044223679 0
4276 11.77966101694915 11.51986579393652 0
4277 11.77966101694915 11.76672635893946 0
4278 11.77966101694915 12.05061601349391 0
4279 11.77966101694915 12.37708911746177 0
4280 11.77966101694914 12.75253319726293 0
4281 11.77966101694915 13.18429388767859 0
4282 11.77966101694915 13.68081868506311 0
4283 11.77966101694915 14.25182220160977 0
4284 11.77966101694915 14.90847624094364 0
4285 11.77966101694915 15.66362839034793 0
4286 11.77966101694914 16.53205337424016 0
4287 11.77966101694914 17.53074210642693 0
4288 11.77966101694915 18.67923414328881 0
4289 11.61016949152541 10.0763807046053 0
4290 11.61016949152541 10.10671850539961 0
4291 11.61016949152541 10.14160697345442 0
4292 11.61016949152541 10.18172871859332 0
4293 11.61016949152541 10.22786872464351 0
4294 11.61016949152541 10.2809297317765 0
4295 11.61016949152541 10.34194989061662 0
4296 11.61016949152541 10.4121230704544 0
4297 11.61016949152542 10.49282222918225 0
4298 11.61016949152542 10.58562625445149 0
4299 11.61016949152541 10.69235088311132 0
4300 11.61016949152541 10.81508420846577 0
4301 11.61016949152542 10.95622753851995 0
4302 11.61016949152541 11.11854236338842 0
4303 11.61016949152542 11.30520442236789 0
4304 11.61016949152541 11.51986579393652 0
4305 11.61016949152541 11.76672635893946 0
4306 11.61016949152541 12.05061601349391 0
4307 11.61016949152541 12.37708911746178 0
4308 11.61016949152541 12.75253319726293 0
4309 11.61016949152542 13.18429388767858 0
4310 11.61016949152541 13.68081868506311 0
4311 11.61016949152541 14.25182220160977 0
4312 11.61016949152541 14.90847624094364 0
4313 11.61016949152542 15.66362839034793 0
4314 11.61016949152541 16.53205337424016 0
4315 11.61016949152542 17.53074210642693 0
4316 11.61016949152541 18.67923414328882 0
4317 11.44067796610169 10.0763807046053 0
4318 11.44067796610169 10.10671850539961 0
4319 11.44067796610169 10.14160697345442 0
4320 11.44067796610169 10.18172871859332 0
4321 11.44067796610169 10.22786872464351 0
4322 11.44067796610169 10.2809297317765 0
4323 11.44067796610168 10.34194989061662 0
4324 11.44067796610168 10.4121230704544 0
4325 11.44067796610169 10.49282222918225 0
4326 11.44067796610169 10.58562625445149 0
4327 11.44067796610169 10.69235088311132 0
4328 11.44067796610169 10.81508420846577 0
4329 11.44067796610168 10.95622753851995 0
4330 11.44067796610169 11.11854236338841 0
4331 11.44067796610169 11.30520442236789 0
4332 11.44067796610169 11.51986579393652 0
4333 11.44067796610169 11.76672635893946 0
4334 11.44067796610169 12.05061601349391 0
4335 11.44067796610169 12.37708911746177 0
4336 11.44067796610168 12.75253319726293 0
4337 11.44067796610168 13.18429388767859 0
4338 11.44067796610169 13.68081868506311 0
4339 11.44067796610169 14.25182220160977 0
4340 11.44067796610169 14.90847624094364 0
4341 11.44067796610169 15.66362839034793 0
4342 11.44067796610169 16.53205337424016 0
4343 11.44067796610169 17.53074210642693 0
4344 11.44067796610169 18.67923414328882 0
4345 11.27118644067796 10.0763807046053 0
4346 11.27118644067796 10.10671850539961 0
4347 11.27118644067796 10.14160697345442 0
4348 11.27118644067796 10.18172871859332 0
4349 11.27118644067796 10.22786872464351 0
4350 11.27118644067796 10.2809297317765 0
4351 11.27118644067796 10.34194989061662 0
4352 11.27118644067796 10.4121230704544 0
4353 11.27118644067796 10.49282222918225 0
4354 11.27118644067796 10.58562625445149 0
4355 11.27118644067796 10.69235088311132 0
4356 11.27118644067796 10.81508420846577 0
4357 11.27118644067796 10.95622753851995 0
4358 11.27118644067796 11.11854236338841 0
4359 11.27118644067796 11.30520442236789 0
4360 11.27118644067796 11.51986579393652 0
4361 11.27118644067796 11.76672635893946 0
4362 11.27118644067796 12.05061601349391 0
4363 11.27118644067796 12.37708911746177 0
4364 11.27118644067796 12.75253319726293 0
4365 11.27118644067796 13.18429388767859 0
4366 11.27118644067795 13.68081868506311 0
4367 11.27118644067796 14.25182220160977 0
4368 11.27118644067795 14.90847624094364 0
4369 11.27118644067796 15.66362839034793 0
4370 11.27118644067796 16.53205337424016 0
4371 11.27118644067796 17.53074210642693 0
4372 11.27118644067796 18.67923414328881 0
4373 11.10169491525423 10.0763807046053 0
4374 11.10169491525423 10.10671850539961 0
4375 11.10169491525424 10.14160697345442 0
4376 11.10169491525423 10.18172871859332 0
4377 11.10169491525423 10.22786872464351 0
4378 11.10169491525423 10.2809297317765 0
4379 11.10169491525423 10.34194989061662 0
4380 11.10169491525423 10.4121230704544 0
4381 11.10169491525423 10.49282222918225 0
4382 11.10169491525423 10.58562625445149 0
4383 11.10169491525423 10.69235088311132 0
4384 11.10169491525423 10.81508420846577 0
4385 11.10169491525423 10.95622753851995 0
4386 11.10169491525423 11.11854236338841 0
4387 11.10169491525423 11.30520442236789 0
4388 11.10169491525423 11.51986579393652 0
4389 11.10169491525423 11.76672635893946 0
4390 11.10169491525423 12.05061601349391 0
4391 11.10169491525423 12.37708911746177 0
4392 11.10169491525423 12.75253319726293 0
4393 11.10169491525423 13.18429388767859 0
4394 11.10169491525423 13.68081868506311 0
4395 11.10169491525423 14.25182220160977 0
4396 11.10169491525423 14.90847624094364 0
4397 11.10169491525423 15.66362839034792 0
4398 11.10169491525423 16.53205337424016 0
4399 11.10169491525423 17.53074210642693 0
4400 11.10169491525423 18.67923414328881 0
4401 10.9322033898305 10.0763807046053 0
4402 10.9322033898305 10.10671850539961 0
4403 10.9322033898305 10.14160697345442 0
4404 10.9322033898305 10.18172871859332 0
4405 10.9322033898305 10.22786872464351 0
4406 10.9322033898305 10.2809297317765 0
4407 10.9322033898305 10.34194989061662 0
4408 10.9322033898305 10.4121230704544 0
4409 10.9322033898305 10.49282222918225 0
4410 10.9322033898305 10.58562625445149 0
4411 10.9322033898305 10.69235088311132 0
4412 10.9322033898305 10.81508420846577 0
4413 10.9322033898305 10.95622753851995 0
4414 10.9322033898305 11.11854236338842 0
4415 10.9322033898305 11.30520442236789 0
4416 10.9322033898305 11.51986579393652 0
4417 10.9322033898305 11.76672635893946 0
4418 10.9322033898305 12.05061601349391 0
4419 10.9322033898305 12.37708911746177 0
4420 10.9322033898305 12.75253319726293 0
4421 10.9322033898305 13.18429388767859 0
4422 10.9322033898305 13.68081868506311 0
4423 10.9322033898305 14.25182220160977 0
4424 10.9322033898305 14.90847624094363 0
4425 10.9322033898305 15.66362839034793 0
4426 10.9322033898305 16.53205337424016 0
4427 10.9322033898305 17.53074210642693 0
4428 10.9322033898305 18.67923414328882 0
4429 10.76271186440677 10.0763807046053 0
4430 10.76271186440677 10.10671850539961 0
4431 10.76271186440677 10.14160697345442 0
4432 10.76271186440677 10.18172871859332 0
4433 10.76271186440677 10.22786872464351 0
4434 10.76271186440677 10.2809297317765 0
4435 10.76271186440677 10.34194989061662 0
4436 10.76271186440677 10.4121230704544 0
4437 10.76271186440677 10.49282222918225 0
4438 10.76271186440677 10.58562625445149 0
4439 10.76271186440677 10.69235088311132 0
4440 10.76271186440677 10.81508420846577 0
4441 10.76271186440677 10.95622753851995 0
4442 10.76271186440677 11.11854236338841 0
4443 10.76271186440677 11.30520442236789 0
4444 10.76271186440677 11.51986579393653 0
4445 10.76271186440677 11.76672635893946 0
4446 10.76271186440677 12.05061601349391 0
4447 10.76271186440677 12.37708911746177 0
4448 10.76271186440677 12.75253319726293 0
4449 10.76271186440677 13.18429388767859 0
4450 10.76271186440677 13.68081868506311 0
4451 10.76271186440677 14.25182220160977 0
4452 10.76271186440677 14.90847624094364 0
4453 10.76271186440677 15.66362839034793 0
4454 10.76271186440677 16.53205337424016 0
4455 10.76271186440677 17.53074210642693 0
4456 10.76271186440677 18.67923414328881 0
4457 10.59322033898304 10.0763807046053 0
4458 10.59322033898304 10.10671850539961 0
4459 10.59322033898304 10.14160697345442 0
4460 10.59322033898304 10.18172871859332 0
4461 10.59322033898305 10.22786872464351 0
4462 10.59322033898304 10.2809297317765 0
4463 10.59322033898304 10.34194989061662 0
4464 10.59322033898305 10.4121230704544 0
4465 10.59322033898304 10.49282222918225 0
4466 10.59322033898304 10.5856262544515 0
4467 10.59322033898304 10.69235088311132 0
4468 10.59322033898304 10.81508420846577 0
4469 10.59322033898304 10.95622753851995 0
4470 10.59322033898304 11.11854236338841 0
4471 10.59322033898304 11.30520442236789 0
4472 10.59322033898304 11.51986579393652 0
4473 10.59322033898304 11.76672635893946 0
4474 10.59322033898304 12.05061601349391 0
4475 10.59322033898304 12.37708911746178 0
4476 10.59322033898304 12.75253319726293 0
4477 10.59322033898304 13.18429388767859 0
4478 10.59322033898304 13.68081868506311 0
4479 10.59322033898304 14.25182220160977 0
4480 10.59322033898304 14.90847624094363 0
4481 10.59322033898304 15.66362839034793 0
4482 10.59322033898304 16.53205337424016 0
4483 10.59322033898304 17.53074210642693 0
4484 10.59322033898304 18.67923414328882 0
4485 10.42372881355931 10.0763807046053 0
4486 10.42372881355932 10.10671850539961 0
4487 10.42372881355932 10.14160697345442 0
4488 10.42372881355931 10.18172871859332 0
4489 10.42372881355931 10.22786872464351 0
4490 10.42372881355932 10.2809297317765 0
4491 10.42372881355932 10.34194989061662 0
4492 10.42372881355931 10.4121230704544 0
4493 10.42372881355931 10.49282222918225 0
4494 10.42372881355931 10.58562625445149 0
4495 10.42372881355931 10.69235088311132 0
4496 10.42372881355932 10.81508420846577 0
4497 10.42372881355932 10.95622753851995 0
4498 10.42372881355932 11.11854236338841 0
4499 10.42372881355932 11.30520442236789 0
4500 10.42372881355931 11.51986579393652 0
4501 10.42372881355931 11.76672635893946 0
4502 10.42372881355932 12.05061601349391 0
4503 10.42372881355931 12.37708911746178 0
4504 10.42372881355931 12.75253319726293 0
4505 10.42372881355932 13.18429388767859 0
4506 10.42372881355931 13.68081868506311 0
4507 10.42372881355931 14.25182220160977 0
4508 10.42372881355931 14.90847624094364 0
4509 10.42372881355932 15.66362839034793 0
4510 10.42372881355932 16.53205337424017 0
4511 10.42372881355932 17.53074210642693 0
4512 10.42372881355932 18.67923414328882 0
4513 10.25423728813558 10.0763807046053 0
4514 10.25423728813558 10.10671850539961 0
4515 10.25423728813558 10.14160697345442 0
4516 10.25423728813558 10.18172871859332 0
4517 10.25423728813558 10.22786872464351 0
4518 10.25423728813558 10.2809297317765 0
4519 10.25423728813558 10.34194989061662 0
4520 10.25423728813559 10.4121230704544 0
4521 10.25423728813558 10.49282222918225 0
4522 10.25423728813558 10.5856262544515 0
4523 10.25423728813559 10.69235088311132 0
4524 10.25423728813558 10.81508420846577 0
4525 10.25423728813558 10.95622753851995 0
4526 10.25423728813558 11.11854236338841 0
4527 10.25423728813558 11.3052044223679 0
4528 10.25423728813558 11.51986579393652 0
4529 10.25423728813558 11.76672635893946 0
4530 10.25423728813559 12.05061601349391 0
4531 10.25423728813559 12.37708911746177 0
4532 10.25423728813559 12.75253319726293 0
4533 10.25423728813559 13.18429388767858 0
4534 10.25423728813558 13.68081868506311 0
4535 10.25423728813558 14.25182220160977 0
4536 10.25423728813558 14.90847624094364 0
4537 10.25423728813558 15.66362839034792 0
4538 10.25423728813558 16.53205337424016 0
4539 10.25423728813558 17.53074210642693 0
4540 10.25423728813558 18.67923414328882 0
4541 10.08474576271186 10.0763807046053 0
4542 10.08474576271186 10.10671850539961 0
4543 10.08474576271186 10.14160697345442 0
4544 10.08474576271186 10.18172871859332 0
4545 10.08474576271186 10.22786872464351 0
4546 10.08474576271186 10.2809297317765 0
4547 10.08474576271186 10.34194989061662 0
4548 10.08474576271186 10.4121230704544 0
4549 10.08474576271186 10.49282222918226 0
4550 10.08474576271186 10.58562625445149 0
4551 10.08474576271186 10.69235088311132 0
4552 10.08474576271186 10.81508420846577 0
4553 10.08474576271186 10.95622753851995 0
4554 10.08474576271186 11.11854236338841 0
4555 10.08474576271186 11.30520442236789 0
4556 10.08474576271186 11.51986579393652 0
4557 10.08474576271186 11.76672635893946 0
4558 10.08474576271186 12.05061601349391 0
4559 10.08474576271186 12.37708911746178 0
4560 10.08474576271186 12.75253319726293 0
4561 10.08474576271186 13.18429388767859 0
4562 10.08474576271186 13.68081868506311 0
4563 10.08474576271186 14.25182220160977 0
4564 10.08474576271186 14.90847624094363 0
4565 10.08474576271186 15.66362839034793 0
4566 10.08474576271186 16.53205337424017 0
4567 10.08474576271186 17.53074210642693 0
4568 10.08474576271186 18.67923414328881 0
4569 9.915254237288128 10.0763807046053 0
4570 9.915254237288124 10.10671850539961 0
4571 9.915254237288131 10.14160697345442 0
4572 9.915254237288128 10.18172871859332 0
4573 9.915254237288131 10.22786872464351 0
4574 9.915254237288126 10.2809297317765 0
4575 9.915254237288128 10.34194989061662 0
4576 9.915254237288128 10.4121230704544 0
4577 9.915254237288124 10.49282222918225 0
4578 9.915254237288128 10.5856262544515 0
4579 9.915254237288124 10.69235088311132 0
4580 9.915254237288128 10.81508420846577 0
4581 9.915254237288131 10.95622753851995 0
4582 9.915254237288128 11.11854236338841 0
4583 9.915254237288124 11.30520442236789 0
4584 9.915254237288126 11.51986579393652 0
4585 9.915254237288131 11.76672635893945 0
4586 9.915254237288128 12.05061601349391 0
4587 9.915254237288126 12.37708911746177 0
4588 9.915254237288126 12.75253319726293 0
4589 9.915254237288126 13.18429388767859 0
4590 9.915254237288126 13.68081868506311 0
4591 9.915254237288126 14.25182220160977 0
4592 9.915254237288128 14.90847624094364 0
4593 9.915254237288126 15.66362839034793 0
4594 9.915254237288126 16.53205337424016 0
4595 9.915254237288126 17.53074210642693 0
4596 9.915254237288131 18.67923414328882 0
4597 9.745762711864399 10.0763807046053 0
4598 9.745762711864399 10.10671850539961 0
4599 9.745762711864398 10.14160697345442 0
4600 9.745762711864399 10.18172871859332 0
4601 9.745762711864398 10.22786872464351 0
4602 9.745762711864399 10.2809297317765 0
4603 9.745762711864399 10.34194989061662 0
4604 9.745762711864403 10.4121230704544 0
4605 9.745762711864396 10.49282222918225 0
4606 9.745762711864399 10.5856262544515 0
4607 9.745762711864399 10.69235088311132 0
4608 9.745762711864396 10.81508420846577 0
4609 9.745762711864403 10.95622753851995 0
4610 9.745762711864398 11.11854236338842 0
4611 9.745762711864403 11.3052044223679 0
4612 9.745762711864399 11.51986579393652 0
4613 9.745762711864398 11.76672635893946 0
4614 9.745762711864399 12.05061601349391 0
4615 9.745762711864399 12.37708911746177 0
4616 9.745762711864399 12.75253319726293 0
4617 9.745762711864399 13.18429388767859 0
4618 9.745762711864399 13.68081868506311 0
4619 9.745762711864399 14.25182220160977 0
4620 9.745762711864399 14.90847624094364 0
4621 9.745762711864399 15.66362839034793 0
4622 9.745762711864399 16.53205337424016 0
4623 9.745762711864399 17.53074210642693 0
4624 9.745762711864399 18.67923414328881 0
4625 9.576271186440669 10.0763807046053 0
4626 9.576271186440671 10.10671850539961 0
4627 9.576271186440668 10.14160697345442 0
4628 9.576271186440671 10.18172871859332 0
4629 9.576271186440671 10.22786872464351 0
4630 9.576271186440671 10.2809297317765 0
4631 9.576271186440673 10.34194989061662 0
4632 9.576271186440669 10.4121230704544 0
4633 9.576271186440666 10.49282222918225 0
4634 9.576271186440669 10.58562625445149 0
4635 9.576271186440671 10.69235088311132 0
4636 9.576271186440669 10.81508420846577 0
4637 9.576271186440673 10.95622753851995 0
4638 9.576271186440668 11.11854236338841 0
4639 9.576271186440671 11.3052044223679 0
4640 9.576271186440669 11.51986579393652 0
4641 9.576271186440673 11.76672635893946 0
4642 9.576271186440668 12.05061601349391 0
4643 9.576271186440671 12.37708911746177 0
4644 9.576271186440669 12.75253319726293 0
4645 9.576271186440671 13.18429388767859 0
4646 9.576271186440671 13.68081868506311 0
4647 9.576271186440671 14.25182220160977 0
4648 9.576271186440671 14.90847624094364 0
4649 9.576271186440671 15.66362839034792 0
4650 9.576271186440671 16.53205337424016 0
4651 9.576271186440671 17.53074210642693 0
4652 9.576271186440671 18.67923414328882 0
4653 9.406779661016943 10.0763807046053 0
4654 9.406779661016943 10.10671850539961 0
4655 9.406779661016941 10.14160697345442 0
4656 9.406779661016939 10.18172871859332 0
4657 9.406779661016943 10.22786872464351 0
4658 9.406779661016943 10.2809297317765 0
4659 9.406779661016943 10.34194989061662 0
4660 9.406779661016943 10.4121230704544 0
4661 9.406779661016937 10.49282222918225 0
4662 9.406779661016937 10.58562625445149 0
4663 9.406779661016941 10.69235088311132 0
4664 9.406779661016946 10.81508420846577 0
4665 9.406779661016943 10.95622753851995 0
4666 9.406779661016937 11.11854236338842 0
4667 9.406779661016937 11.3052044223679 0
4668 9.406779661016941 11.51986579393652 0
4669 9.406779661016943 11.76672635893946 0
4670 9.406779661016941 12.05061601349391 0
4671 9.406779661016941 12.37708911746177 0
4672 9.406779661016943 12.75253319726293 0
4673 9.406779661016941 13.18429388767859 0
4674 9.406779661016941 13.68081868506311 0
4675 9.406779661016943 14.25182220160977 0
4676 9.406779661016943 14.90847624094364 0
4677 9.406779661016943 15.66362839034793 0
4678 9.406779661016943 16.53205337424016 0
4679 9.406779661016943 17.53074210642693 0
4680 9.406779661016943 18.67923414328881 0
4681 9.237288135593214 10.0763807046053 0
4682 9.237288135593214 10.10671850539961 0
4683 9.237288135593214 10.14160697345442 0
4684 9.237288135593213 10.18172871859332 0
4685 9.237288135593214 10.22786872464351 0
4686 9.237288135593214 10.2809297317765 0
4687 9.237288135593213 10.34194989061662 0
4688 9.237288135593218 10.4121230704544 0
4689 9.237288135593211 10.49282222918225 0
4690 9.237288135593211 10.5856262544515 0
4691 9.237288135593218 10.69235088311132 0
4692 9.237288135593216 10.81508420846577 0
4693 9.237288135593214 10.95622753851995 0
4694 9.237288135593213 11.11854236338841 0
4695 9.237288135593218 11.3052044223679 0
4696 9.237288135593213 11.51986579393652 0
4697 9.237288135593211 11.76672635893946 0
4698 9.237288135593214 12.05061601349391 0
4699 9.237288135593218 12.37708911746177 0
4700 9.237288135593213 12.75253319726293 0
4701 9.237288135593213 13.18429388767859 0
4702 9.237288135593214 13.68081868506311 0
4703 9.237288135593213 14.25182220160977 0
4704 9.237288135593214 14.90847624094364 0
4705 9.237288135593214 15.66362839034793 0
4706 9.237288135593213 16.53205337424016 0
4707 9.237288135593213 17.53074210642693 0
4708 9.237288135593213 18.67923414328882 0
4709 9.067796610169482 10.0763807046053 0
4710 9.067796610169482 10.10671850539961 0
4711 9.067796610169484 10.14160697345442 0
4712 9.067796610169484 10.18172871859332 0
4713 9.067796610169484 10.22786872464351 0
4714 9.067796610169484 10.2809297317765 0
4715 9.067796610169486 10.34194989061662 0
4716 9.067796610169484 10.4121230704544 0
4717 9.067796610169484 10.49282222918225 0
4718 9.067796610169484 10.58562625445149 0
4719 9.067796610169486 10.69235088311132 0
4720 9.067796610169484 10.81508420846577 0
4721 9.067796610169486 10.95622753851995 0
4722 9.067796610169486 11.11854236338841 0
4723 9.067796610169486 11.3052044223679 0
4724 9.067796610169482 11.51986579393652 0
4725 9.067796610169484 11.76672635893946 0
4726 9.067796610169481 12.05061601349391 0
4727 9.067796610169484 12.37708911746177 0
4728 9.067796610169484 12.75253319726293 0
4729 9.067796610169484 13.18429388767859 0
4730 9.067796610169484 13.68081868506311 0
4731 9.067796610169484 14.25182220160977 0
4732 9.067796610169484 14.90847624094364 0
4733 9.067796610169484 15.66362839034793 0
4734 9.067796610169484 16.53205337424016 0
4735 9.067796610169482 17.53074210642693 0
4736 9.067796610169486 18.67923414328882 0
4737 8.898305084745758 10.0763807046053 0
4738 8.898305084745758 10.10671850539961 0
4739 8.898305084745758 10.14160697345442 0
4740 8.898305084745761 10.18172871859332 0
4741 8.898305084745758 10.22786872464351 0
4742 8.898305084745758 10.2809297317765 0
4743 8.898305084745756 10.34194989061662 0
4744 8.898305084745752 10.4121230704544 0
4745 8.898305084745754 10.49282222918225 0
4746 8.898305084745758 10.58562625445149 0
4747 8.898305084745758 10.69235088311132 0
4748 8.898305084745756 10.81508420846577 0
4749 8.898305084745758 10.95622753851995 0
4750 8.898305084745756 11.11854236338841 0
4751 8.898305084745758 11.30520442236789 0
4752 8.898305084745758 11.51986579393652 0
4753 8.898305084745758 11.76672635893946 0
4754 8.898305084745758 12.05061601349391 0
4755 8.898305084745756 12.37708911746177 0
4756 8.898305084745756 12.75253319726293 0
4757 8.898305084745756 13.18429388767859 0
4758 8.898305084745756 13.68081868506311 0
4759 8.898305084745758 14.25182220160977 0
4760 8.898305084745756 14.90847624094364 0
4761 8.898305084745758 15.66362839034792 0
4762 8.898305084745758 16.53205337424016 0
4763 8.898305084745756 17.53074210642693 0
4764 8.898305084745756 18.67923414328882 0
4765 8.728813559322029 10.0763807046053 0
4766 8.728813559322033 10.10671850539961 0
4767 8.728813559322029 10.14160697345442 0
4768 8.728813559322024 10.18172871859332 0
4769 8.728813559322026 10.22786872464351 0
4770 8.728813559322026 10.2809297317765 0
4771 8.728813559322024 10.34194989061662 0
4772 8.728813559322026 10.4121230704544 0
4773 8.728813559322028 10.49282222918225 0
4774 8.728813559322028 10.58562625445149 0
4775 8.728813559322028 10.69235088311132 0
4776 8.728813559322029 10.81508420846577 0
4777 8.728813559322031 10.95622753851995 0
4778 8.728813559322028 11.11854236338842 0
4779 8.728813559322024 11.30520442236789 0
4780 8.728813559322028 11.51986579393652 0
4781 8.728813559322028 11.76672635893946 0
4782 8.728813559322028 12.05061601349391 0
4783 8.728813559322028 12.37708911746177 0
4784 8.728813559322026 12.75253319726293 0
4785 8.728813559322028 13.18429388767858 0
4786 8.728813559322028 13.68081868506311 0
4787 8.728813559322028 14.25182220160977 0
4788 8.728813559322028 14.90847624094364 0
4789 8.728813559322028 15.66362839034792 0
4790 8.728813559322028 16.53205337424016 0
4791 8.728813559322028 17.53074210642693 0
4792 8.728813559322028 18.67923414328882 0
4793 8.559322033898299 10.0763807046053 0
4794 8.559322033898299 10.10671850539961 0
4795 8.559322033898299 10.14160697345442 0
4796 8.559322033898299 10.18172871859332 0
4797 8.559322033898299 10.22786872464351 0
4798 8.559322033898296 10.2809297317765 0
4799 8.559322033898297 10.34194989061662 0
4800 8.559322033898297 10.4121230704544 0
4801 8.559322033898299 10.49282222918225 0
4802 8.559322033898299 10.58562625445149 0
4803 8.559322033898299 10.69235088311132 0
4804 8.559322033898301 10.81508420846577 0
4805 8.559322033898297 10.95622753851995 0
4806 8.559322033898299 11.11854236338841 0
4807 8.559322033898299 11.3052044223679 0
4808 8.559322033898299 11.51986579393652 0
4809 8.559322033898301 11.76672635893946 0
4810 8.559322033898299 12.05061601349391 0
4811 8.559322033898299 12.37708911746177 0
4812 8.559322033898297 12.75253319726293 0
4813 8.559322033898299 13.18429388767859 0
4814 8.559322033898299 13.68081868506311 0
4815 8.559322033898299 14.25182220160977 0
4816 8.559322033898299 14.90847624094363 0
4817 8.559322033898299 15.66362839034793 0
4818 8.559322033898299 16.53205337424016 0
4819 8.559322033898299 17.53074210642693 0
4820 8.559322033898299 18.67923414328881 0
4821 8.389830508474567 10.0763807046053 0
4822 8.389830508474574 10.10671850539961 0
4823 8.389830508474571 10.14160697345442 0
4824 8.389830508474573 10.18172871859332 0
4825 8.389830508474567 10.22786872464351 0
4826 8.389830508474567 10.2809297317765 0
4827 8.389830508474574 10.34194989061662 0
4828 8.389830508474571 10.4121230704544 0
4829 8.389830508474571 10.49282222918225 0
4830 8.389830508474573 10.5856262544515 0
4831 8.389830508474571 10.69235088311132 0
4832 8.389830508474571 10.81508420846577 0
4833 8.389830508474571 10.95622753851995 0
4834 8.389830508474571 11.11854236338841 0
4835 8.389830508474571 11.3052044223679 0
4836 8.389830508474571 11.51986579393652 0
4837 8.389830508474571 11.76672635893946 0
4838 8.389830508474571 12.05061601349391 0
4839 8.389830508474571 12.37708911746177 0
4840 8.389830508474571 12.75253319726293 0
4841 8.389830508474571 13.18429388767859 0
4842 8.389830508474571 13.68081868506311 0
4843 8.389830508474571 14.25182220160977 0
4844 8.389830508474571 14.90847624094363 0
4845 8.389830508474569 15.66362839034793 0
4846 8.389830508474571 16.53205337424016 0
4847 8.389830508474569 17.53074210642693 0
4848 8.389830508474571 18.67923414328882 0
4849 8.220338983050844 10.0763807046053 0
4850 8.220338983050839 10.10671850539961 0
4851 8.220338983050844 10.14160697345442 0
4852 8.220338983050842 10.18172871859332 0
4853 8.220338983050842 10.22786872464351 0
4854 8.220338983050839 10.2809297317765 0
4855 8.220338983050842 10.34194989061662 0
4856 8.220338983050842 10.4121230704544 0
4857 8.220338983050842 10.49282222918225 0
4858 8.220338983050842 10.5856262544515 0
4859 8.220338983050842 10.69235088311132 0
4860 8.220338983050842 10.81508420846577 0
4861 8.220338983050841 10.95622753851995 0
4862 8.220338983050842 11.11854236338841 0
4863 8.220338983050842 11.30520442236789 0
4864 8.220338983050842 11.51986579393652 0
4865 8.220338983050844 11.76672635893946 0
4866 8.220338983050842 12.05061601349391 0
4867 8.220338983050842 12.37708911746177 0
4868 8.220338983050841 12.75253319726293 0
4869 8.220338983050842 13.18429388767859 0
4870 8.220338983050842 13.68081868506311 0
4871 8.220338983050842 14.25182220160977 0
4872 8.220338983050842 14.90847624094364 0
4873 8.220338983050842 15.66362839034793 0
4874 8.220338983050842 16.53205337424016 0
4875 8.220338983050842 17.53074210642693 0
4876 8.220338983050842 18.67923414328882 0
4877 8.050847457627111 10.0763807046053 0
4878 8.050847457627107 10.10671850539961 0
4879 8.050847457627112 10.14160697345442 0
4880 8.050847457627112 10.18172871859332 0
4881 8.050847457627112 10.22786872464351 0
4882 8.050847457627112 10.2809297317765 0
4883 8.050847457627112 10.34194989061662 0
4884 8.050847457627112 10.4121230704544 0
4885 8.050847457627112 10.49282222918225 0
4886 8.050847457627112 10.5856262544515 0
4887 8.050847457627111 10.69235088311132 0
4888 8.050847457627111 10.81508420846577 0
4889 8.050847457627112 10.95622753851995 0
4890 8.050847457627112 11.11854236338841 0
4891 8.050847457627112 11.3052044223679 0
4892 8.050847457627112 11.51986579393652 0
4893 8.050847457627112 11.76672635893946 0
4894 8.050847457627112 12.05061601349391 0
4895 8.050847457627112 12.37708911746177 0
4896 8.050847457627112 12.75253319726294 0
4897 8.050847457627111 13.18429388767859 0
4898 8.050847457627111 13.68081868506311 0
4899 8.050847457627111 14.25182220160977 0
4900 8.050847457627111 14.90847624094364 0
4901 8.050847457627111 15.66362839034792 0
4902 8.050847457627112 16.53205337424016 0
4903 8.050847457627112 17.53074210642693 0
4904 8.050847457627111 18.67923414328881 0
4905 7.881355932203386 10.0763807046053 0
4906 7.881355932203386 10.10671850539961 0
4907 7.881355932203384 10.14160697345442 0
4908 7.881355932203387 10.18172871859332 0
4909 7.881355932203385 10.22786872464351 0
4910 7.881355932203386 10.2809297317765 0
4911 7.881355932203386 10.34194989061662 0
4912 7.881355932203385 10.4121230704544 0
4913 7.881355932203384 10.49282222918225 0
4914 7.881355932203386 10.58562625445149 0
4915 7.881355932203386 10.69235088311132 0
4916 7.881355932203386 10.81508420846577 0
4917 7.881355932203385 10.95622753851995 0
4918 7.881355932203387 11.11854236338842 0
4919 7.881355932203387 11.30520442236789 0
4920 7.881355932203386 11.51986579393652 0
4921 7.881355932203385 11.76672635893946 0
4922 7.881355932203385 12.05061601349391 0
4923 7.881355932203387 12.37708911746177 0
4924 7.881355932203384 12.75253319726293 0
4925 7.881355932203385 13.18429388767859 0
4926 7.881355932203384 13.68081868506311 0
4927 7.881355932203387 14.25182220160977 0
4928 7.881355932203386 14.90847624094364 0
4929 7.881355932203383 15.66362839034793 0
4930 7.881355932203386 16.53205337424016 0
4931 7.881355932203385 17.53074210642693 0
4932 7.881355932203386 18.67923414328881 0
4933 7.711864406779656 10.0763807046053 0
4934 7.711864406779656 10.10671850539961 0
4935 7.711864406779657 10.14160697345442 0
4936 7.711864406779657 10.18172871859332 0
4937 7.711864406779656 10.22786872464351 0
4938 7.711864406779657 10.2809297317765 0
4939 7.711864406779658 10.34194989061662 0
4940 7.711864406779658 10.4121230704544 0
4941 7.711864406779656 10.49282222918225 0
4942 7.711864406779658 10.58562625445149 0
4943 7.711864406779657 10.69235088311132 0
4944 7.711864406779657 10.81508420846577 0
4945 7.711864406779658 10.95622753851995 0
4946 7.711864406779659 11.11854236338841 0
4947 7.711864406779656 11.30520442236789 0
4948 7.711864406779657 11.51986579393652 0
4949 7.711864406779658 11.76672635893946 0
4950 7.711864406779656 12.05061601349391 0
4951 7.711864406779657 12.37708911746178 0
4952 7.711864406779657 12.75253319726293 0
4953 7.711864406779658 13.18429388767859 0
4954 7.711864406779657 13.68081868506311 0
4955 7.711864406779659 14.25182220160977 0
4956 7.711864406779658 14.90847624094364 0
4957 7.711864406779656 15.66362839034793 0
4958 7.711864406779656 16.53205337424016 0
4959 7.711864406779655 17.53074210642693 0
4960 7.711864406779656 18.67923414328882 0
4961 7.542372881355929 10.0763807046053 0
4962 7.542372881355929 10.10671850539961 0
4963 7.542372881355926 10.14160697345442 0
4964 7.542372881355931 10.18172871859332 0
4965 7.542372881355928 10.22786872464351 0
4966 7.542372881355928 10.2809297317765 0
4967 7.542372881355927 10.34194989061662 0
4968 7.542372881355927 10.4121230704544 0
4969 7.542372881355929 10.49282222918225 0
4970 7.542372881355928 10.58562625445149 0
4971 7.542372881355926 10.69235088311132 0
4972 7.542372881355928 10.81508420846577 0
4973 7.542372881355928 10.95622753851995 0
4974 7.542372881355929 11.11854236338842 0
4975 7.542372881355929 11.30520442236789 0
4976 7.54237288135593 11.51986579393652 0
4977 7.542372881355928 11.76672635893946 0
4978 7.542372881355928 12.05061601349391 0
4979 7.542372881355929 12.37708911746177 0
4980 7.542372881355928 12.75253319726293 0
4981 7.542372881355928 13.18429388767859 0
4982 7.542372881355928 13.68081868506311 0
4983 7.542372881355928 14.25182220160977 0
4984 7.542372881355928 14.90847624094364 0
4985 7.542372881355928 15.66362839034793 0
4986 7.542372881355928 16.53205337424016 0
4987 7.542372881355928 17.53074210642693 0
4988 7.542372881355928 18.67923414328882 0
4989 7.3728813559322 10.0763807046053 0
4990 7.3728813559322 10.10671850539961 0
4991 7.3728813559322 10.14160697345442 0
4992 7.3728813559322 10.18172871859332 0
4993 7.372881355932198 10.22786872464351 0
4994 7.3728813559322 10.2809297317765 0
4995 7.372881355932199 10.34194989061662 0
4996 7.3728813559322 10.4121230704544 0
4997 7.372881355932201 10.49282222918225 0
4998 7.3728813559322 10.5856262544515 0
4999 7.3728813559322 10.69235088311132 0
5000 7.372881355932197 10.81508420846577 0
5001 7.3728813559322 10.95622753851994 0
5002 7.372881355932198 11.11854236338841 0
5003 7.372881355932198 11.3052044223679 0
5004 7.372881355932202 11.51986579393652 0
5005 7.3728813559322 11.76672635893946 0
5006 7.3728813559322 12.05061601349391 0
5007 7.372881355932198 12.37708911746177 0
5008 7.3728813559322 12.75253319726293 0
5009 7.3728813559322 13.18429388767859 0
5010 7.3728813559322 13.68081868506311 0
5011 7.372881355932201 14.25182220160977 0
5012 7.3728813559322 14.90847624094364 0
5013 7.372881355932201 15.66362839034793 0
5014 7.3728813559322 16.53205337424016 0
5015 7.3728813559322 17.53074210642693 0
5016 7.372881355932201 18.67923414328882 0
5017 7.203389830508471 10.0763807046053 0
5018 7.203389830508472 10.10671850539961 0
5019 7.203389830508473 10.14160697345442 0
5020 7.203389830508472 10.18172871859332 0
5021 7.203389830508471 10.22786872464351 0
5022 7.203389830508471 10.2809297317765 0
5023 7.20338983050847 10.34194989061662 0
5024 7.203389830508472 10.4121230704544 0
5025 7.20338983050847 10.49282222918225 0
5026 7.20338983050847 10.58562625445149 0
5027 7.203389830508471 10.69235088311132 0
5028 7.203389830508471 10.81508420846577 0
5029 7.203389830508472 10.95622753851995 0
5030 7.203389830508472 11.11854236338841 0
5031 7.203389830508471 11.3052044223679 0
5032 7.203389830508473 11.51986579393652 0
5033 7.203389830508471 11.76672635893945 0
5034 7.203389830508471 12.05061601349391 0
5035 7.20338983050847 12.37708911746178 0
5036 7.203389830508471 12.75253319726293 0
5037 7.20338983050847 13.18429388767859 0
5038 7.203389830508471 13.68081868506311 0
5039 7.203389830508471 14.25182220160977 0
5040 7.203389830508471 14.90847624094364 0
5041 7.203389830508471 15.66362839034793 0
5042 7.203389830508472 16.53205337424017 0
5043 7.203389830508471 17.53074210642693 0
5044 7.203389830508471 18.67923414328882 0
5045 7.033898305084742 10.0763807046053 0
5046 7.033898305084741 10.10671850539961 0
5047 7.033898305084743 10.14160697345442 0
5048 7.033898305084743 10.18172871859332 0
5049 7.033898305084741 10.22786872464351 0
5050 7.033898305084743 10.2809297317765 0
5051 7.033898305084742 10.34194989061662 0
5052 7.033898305084742 10.4121230704544 0
5053 7.03389830508474 10.49282222918225 0
5054 7.033898305084741 10.58562625445149 0
5055 7.033898305084743 10.69235088311132 0
5056 7.033898305084741 10.81508420846577 0
5057 7.033898305084743 10.95622753851995 0
5058 7.033898305084743 11.11854236338841 0
5059 7.033898305084741 11.3052044223679 0
5060 7.033898305084741 11.51986579393652 0
5061 7.033898305084741 11.76672635893946 0
5062 7.033898305084743 12.05061601349391 0
5063 7.033898305084741 12.37708911746177 0
5064 7.03389830508474 12.75253319726293 0
5065 7.033898305084741 13.18429388767859 0
5066 7.03389830508474 13.68081868506311 0
5067 7.033898305084741 14.25182220160977 0
5068 7.033898305084742 14.90847624094363 0
5069 7.03389830508474 15.66362839034793 0
5070 7.033898305084741 16.53205337424016 0
5071 7.03389830508474 17.53074210642693 0
5072 7.033898305084741 18.67923414328882 0
5073 6.864406779661015 10.0763807046053 0
5074 6.864406779661012 10.10671850539961 0
5075 6.864406779661015 10.14160697345442 0
5076 6.864406779661012 10.18172871859332 0
5077 6.864406779661012 10.22786872464351 0
5078 6.864406779661015 10.2809297317765 0
5079 6.864406779661012 10.34194989061662 0
5080 6.864406779661014 10.4121230704544 0
5081 6.864406779661012 10.49282222918225 0
5082 6.864406779661014 10.58562625445149 0
5083 6.864406779661013 10.69235088311132 0
5084 6.864406779661014 10.81508420846577 0
5085 6.864406779661014 10.95622753851995 0
5086 6.864406779661012 11.11854236338842 0
5087 6.864406779661015 11.3052044223679 0
5088 6.864406779661014 11.51986579393652 0
5089 6.864406779661015 11.76672635893946 0
5090 6.864406779661013 12.05061601349391 0
5091 6.864406779661012 12.37708911746177 0
5092 6.864406779661014 12.75253319726293 0
5093 6.864406779661014 13.18429388767859 0
5094 6.864406779661013 13.68081868506311 0
5095 6.864406779661012 14.25182220160977 0
5096 6.864406779661014 14.90847624094364 0
5097 6.864406779661015 15.66362839034793 0
5098 6.864406779661015 16.53205337424016 0
5099 6.864406779661014 17.53074210642693 0
5100 6.864406779661013 18.67923414328882 0
5101 6.694915254237284 10.0763807046053 0
5102 6.694915254237285 10.10671850539961 0
5103 6.694915254237284 10.14160697345442 0
5104 6.694915254237285 10.18172871859332 0
5105 6.694915254237285 10.22786872464351 0
5106 6.694915254237285 10.2809297317765 0
5107 6.694915254237285 10.34194989061662 0
5108 6.694915254237284 10.4121230704544 0
5109 6.694915254237284 10.49282222918225 0
5110 6.694915254237285 10.5856262544515 0
5111 6.694915254237284 10.69235088311132 0
5112 6.694915254237286 10.81508420846577 0
5113 6.694915254237286 10.95622753851995 0
5114 6.694915254237285 11.11854236338841 0
5115 6.694915254237284 11.30520442236789 0
5116 6.694915254237285 11.51986579393652 0
5117 6.694915254237285 11.76672635893946 0
5118 6.694915254237285 12.05061601349391 0
5119 6.694915254237285 12.37708911746177 0
5120 6.694915254237286 12.75253319726293 0
5121 6.694915254237284 13.18429388767859 0
5122 6.694915254237285 13.68081868506311 0
5123 6.694915254237284 14.25182220160977 0
5124 6.694915254237285 14.90847624094364 0
5125 6.694915254237285 15.66362839034793 0
5126 6.694915254237285 16.53205337424016 0
5127 6.694915254237285 17.53074210642693 0
5128 6.694915254237285 18.67923414328882 0
5129 6.525423728813557 10.0763807046053 0
5130 6.525423728813554 10.10671850539961 0
5131 6.525423728813555 10.14160697345442 0
5132 6.525423728813554 10.18172871859332 0
5133 6.525423728813554 10.22786872464351 0
5134 6.525423728813555 10.2809297317765 0
5135 6.525423728813557 10.34194989061662 0
5136 6.525423728813556 10.4121230704544 0
5137 6.525423728813555 10.49282222918225 0
5138 6.525423728813556 10.5856262544515 0
5139 6.525423728813556 10.69235088311132 0
5140 6.525423728813557 10.81508420846577 0
5141 6.525423728813556 10.95622753851995 0
5142 6.525423728813557 11.11854236338841 0
5143 6.525423728813557 11.30520442236789 0
5144 6.525423728813556 11.51986579393652 0
5145 6.525423728813557 11.76672635893946 0
5146 6.525423728813557 12.05061601349391 0
5147 6.525423728813557 12.37708911746177 0
5148 6.525423728813556 12.75253319726293 0
5149 6.525423728813556 13.18429388767859 0
5150 6.525423728813554 13.68081868506311 0
5151 6.525423728813556 14.25182220160977 0
5152 6.525423728813554 14.90847624094364 0
5153 6.525423728813554 15.66362839034793 0
5154 6.525423728813556 16.53205337424016 0
5155 6.525423728813556 17.53074210642693 0
5156 6.525423728813557 18.67923414328882 0
5157 6.355932203389826 10.0763807046053 0
5158 6.355932203389827 10.10671850539961 0
5159 6.355932203389827 10.14160697345442 0
5160 6.355932203389829 10.18172871859332 0
5161 6.355932203389827 10.22786872464351 0
5162 6.355932203389827 10.2809297317765 0
5163 6.355932203389828 10.34194989061662 0
5164 6.355932203389826 10.4121230704544 0
5165 6.355932203389826 10.49282222918225 0
5166 6.355932203389827 10.5856262544515 0
5167 6.355932203389829 10.69235088311132 0
5168 6.355932203389827 10.81508420846577 0
5169 6.355932203389827 10.95622753851995 0
5170 6.355932203389828 11.11854236338842 0
5171 6.355932203389828 11.30520442236789 0
5172 6.355932203389828 11.51986579393652 0
5173 6.355932203389828 11.76672635893945 0
5174 6.355932203389829 12.05061601349391 0
5175 6.355932203389827 12.37708911746177 0
5176 6.355932203389827 12.75253319726293 0
5177 6.355932203389829 13.18429388767859 0
5178 6.355932203389827 13.68081868506311 0
5179 6.355932203389827 14.25182220160977 0
5180 6.355932203389826 14.90847624094364 0
5181 6.355932203389829 15.66362839034793 0
5182 6.355932203389827 16.53205337424016 0
5183 6.355932203389829 17.53074210642693 0
5184 6.355932203389828 18.67923414328882 0
5185 6.186440677966099 10.0763807046053 0
5186 6.186440677966099 10.10671850539961 0
5187 6.186440677966099 10.14160697345442 0
5188 6.186440677966099 10.18172871859332 0
5189 6.186440677966099 10.22786872464351 0
5190 6.186440677966097 10.2809297317765 0
5191 6.1864406779661 10.34194989061662 0
5192 6.186440677966099 10.4121230704544 0
5193 6.186440677966098 10.49282222918225 0
5194 6.1864406779661 10.5856262544515 0
5195 6.186440677966099 10.69235088311132 0
5196 6.186440677966098 10.81508420846577 0
5197 6.186440677966099 10.95622753851995 0
5198 6.186440677966098 11.11854236338841 0
5199 6.186440677966099 11.3052044223679 0
5200 6.186440677966099 11.51986579393652 0
5201 6.1864406779661 11.76672635893946 0
5202 6.186440677966098 12.05061601349391 0
5203 6.1864406779661 12.37708911746177 0
5204 6.186440677966099 12.75253319726293 0
5205 6.186440677966099 13.18429388767859 0
5206 6.1864406779661 13.68081868506311 0
5207 6.1864406779661 14.25182220160977 0
5208 6.186440677966098 14.90847624094364 0
5209 6.186440677966099 15.66362839034793 0
5210 6.1864406779661 16.53205337424016 0
5211 6.186440677966099 17.53074210642693 0
5212 6.186440677966099 18.67923414328882 0
5213 6.016949152542372 10.0763807046053 0
5214 6.016949152542372 10.10671850539961 0
5215 6.016949152542371 10.14160697345442 0
5216 6.01694915254237 10.18172871859332 0
5217 6.01694915254237 10.22786872464351 0
5218 6.01694915254237 10.2809297317765 0
5219 6.016949152542371 10.34194989061662 0
5220 6.016949152542372 10.4121230704544 0
5221 6.016949152542369 10.49282222918225 0
5222 6.016949152542371 10.58562625445149 0
5223 6.016949152542369 10.69235088311132 0
5224 6.016949152542371 10.81508420846577 0
5225 6.016949152542369 10.95622753851995 0
5226 6.016949152542369 11.11854236338841 0
5227 6.016949152542372 11.30520442236789 0
5228 6.01694915254237 11.51986579393652 0
5229 6.01694915254237 11.76672635893946 0
5230 6.016949152542372 12.05061601349391 0
5231 6.016949152542373 12.37708911746177 0
5232 6.016949152542371 12.75253319726293 0
5233 6.016949152542372 13.18429388767859 0
5234 6.016949152542371 13.68081868506311 0
5235 6.016949152542372 14.25182220160977 0
5236 6.016949152542369 14.90847624094364 0
5237 6.016949152542372 15.66362839034793 0
5238 6.01694915254237 16.53205337424016 0
5239 6.01694915254237 17.53074210642693 0
5240 6.016949152542372 18.67923414328882 0
5241 5.847457627118641 10.0763807046053 0
5242 5.847457627118641 10.10671850539961 0
5243 5.847457627118642 10.14160697345442 0
5244 5.847457627118641 10.18172871859332 0
5245 5.847457627118641 10.22786872464351 0
5246 5.847457627118642 10.2809297317765 0
5247 5.847457627118641 10.34194989061662 0
5248 5.847457627118644 10.4121230704544 0
5249 5.847457627118641 10.49282222918225 0
5250 5.847457627118642 10.58562625445149 0
5251 5.847457627118644 10.69235088311132 0
5252 5.847457627118644 10.81508420846577 0
5253 5.847457627118641 10.95622753851995 0
5254 5.847457627118642 11.11854236338841 0
5255 5.847457627118643 11.30520442236789 0
5256 5.84745762711864 11.51986579393652 0
5257 5.847457627118644 11.76672635893946 0
5258 5.847457627118643 12.05061601349391 0
5259 5.847457627118641 12.37708911746177 0
5260 5.847457627118641 12.75253319726293 0
5261 5.847457627118641 13.18429388767859 0
5262 5.847457627118644 13.68081868506311 0
5263 5.847457627118643 14.25182220160977 0
5264 5.847457627118642 14.90847624094364 0
5265 5.847457627118642 15.66362839034793 0
5266 5.847457627118644 16.53205337424016 0
5267 5.847457627118643 17.53074210642693 0
5268 5.847457627118644 18.67923414328882 0
5269 5.677966101694913 10.0763807046053 0
5270 5.677966101694914 10.10671850539961 0
5271 5.677966101694915 10.14160697345442 0
5272 5.677966101694913 10.18172871859332 0
5273 5.677966101694913 10.22786872464351 0
5274 5.677966101694914 10.2809297317765 0
5275 5.677966101694914 10.34194989061662 0
5276 5.677966101694914 10.4121230704544 0
5277 5.677966101694913 10.49282222918225 0
5278 5.677966101694914 10.5856262544515 0
5279 5.677966101694914 10.69235088311132 0
5280 5.677966101694913 10.81508420846577 0
5281 5.677966101694914 10.95622753851995 0
5282 5.677966101694914 11.11854236338841 0
5283 5.677966101694913 11.30520442236789 0
5284 5.677966101694913 11.51986579393652 0
5285 5.677966101694914 11.76672635893945 0
5286 5.677966101694914 12.05061601349391 0
5287 5.677966101694914 12.37708911746177 0
5288 5.677966101694914 12.75253319726293 0
5289 5.677966101694913 13.18429388767859 0
5290 5.677966101694915 13.68081868506311 0
5291 5.677966101694913 14.25182220160977 0
5292 5.677966101694913 14.90847624094364 0
5293 5.677966101694915 15.66362839034793 0
5294 5.677966101694913 16.53205337424016 0
5295 5.677966101694915 17.53074210642693 0
5296 5.677966101694914 18.67923414328881 0
5297 5.508474576271185 10.0763807046053 0
5298 5.508474576271183 10.10671850539961 0
5299 5.508474576271182 10.14160697345442 0
5300 5.508474576271183 10.18172871859332 0
5301 5.508474576271183 10.22786872464351 0
5302 5.508474576271183 10.2809297317765 0
5303 5.508474576271182 10.34194989061662 0
5304 5.508474576271183 10.4121230704544 0
5305 5.508474576271183 10.49282222918226 0
5306 5.508474576271182 10.5856262544515 0
5307 5.508474576271183 10.69235088311132 0
5308 5.508474576271183 10.81508420846577 0
5309 5.508474576271183 10.95622753851995 0
5310 5.508474576271184 11.11854236338841 0
5311 5.508474576271185 11.30520442236789 0
5312 5.508474576271182 11.51986579393652 0
5313 5.508474576271182 11.76672635893946 0
5314 5.508474576271183 12.05061601349391 0
5315 5.508474576271184 12.37708911746177 0
5316 5.508474576271186 12.75253319726294 0
5317 5.508474576271183 13.18429388767859 0
5318 5.508474576271183 13.68081868506311 0
5319 5.508474576271183 14.25182220160977 0
5320 5.508474576271183 14.90847624094364 0
5321 5.508474576271183 15.66362839034793 0
5322 5.508474576271182 16.53205337424016 0
5323 5.508474576271182 17.53074210642693 0
5324 5.508474576271183 18.67923414328882 0
5325 5.338983050847455 10.0763807046053 0
5326 5.338983050847456 10.10671850539961 0
5327 5.338983050847455 10.14160697345442 0
5328 5.338983050847456 10.18172871859332 0
5329 5.338983050847456 10.22786872464351 0
5330 5.338983050847457 10.2809297317765 0
5331 5.338983050847455 10.34194989061662 0
5332 5.338983050847457 10.4121230704544 0
5333 5.338983050847455 10.49282222918225 0
5334 5.338983050847456 10.58562625445149 0
5335 5.338983050847455 10.69235088311132 0
5336 5.338983050847457 10.81508420846577 0
5337 5.338983050847455 10.95622753851995 0
5338 5.338983050847455 11.11854236338841 0
5339 5.338983050847454 11.30520442236789 0
5340 5.338983050847454 11.51986579393652 0
5341 5.338983050847456 11.76672635893946 0
5342 5.338983050847456 12.05061601349391 0
5343 5.338983050847455 12.37708911746177 0
5344 5.338983050847455 12.75253319726293 0
5345 5.338983050847455 13.18429388767859 0
5346 5.338983050847455 13.68081868506311 0
5347 5.338983050847455 14.25182220160977 0
5348 5.338983050847455 14.90847624094364 0
5349 5.338983050847455 15.66362839034793 0
5350 5.338983050847456 16.53205337424016 0
5351 5.338983050847453 17.53074210642693 0
5352 5.338983050847455 18.67923414328882 0
5353 5.169491525423725 10.0763807046053 0
5354 5.169491525423727 10.10671850539961 0
5355 5.169491525423727 10.14160697345442 0
5356 5.169491525423727 10.18172871859332 0
5357 5.169491525423727 10.22786872464351 0
5358 5.169491525423728 10.2809297317765 0
5359 5.169491525423728 10.34194989061662 0
5360 5.169491525423724 10.4121230704544 0
5361 5.169491525423727 10.49282222918225 0
5362 5.169491525423727 10.5856262544515 0
5363 5.169491525423727 10.69235088311132 0
5364 5.169491525423727 10.81508420846577 0
5365 5.169491525423727 10.95622753851995 0
5366 5.169491525423728 11.11854236338841 0
5367 5.169491525423727 11.30520442236789 0
5368 5.169491525423726 11.51986579393652 0
5369 5.169491525423727 11.76672635893946 0
5370 5.169491525423728 12.05061601349391 0
5371 5.169491525423725 12.37708911746177 0
5372 5.169491525423726 12.75253319726293 0
5373 5.169491525423727 13.18429388767859 0
5374 5.169491525423727 13.68081868506311 0
5375 5.169491525423727 14.25182220160977 0
5376 5.169491525423727 14.90847624094364 0
5377 5.169491525423726 15.66362839034793 0
5378 5.169491525423727 16.53205337424016 0
5379 5.169491525423726 17.53074210642693 0
5380 5.169491525423727 18.67923414328882 0
5381 19.43334484548523 10.07638070460531 0
5382 19.43334484548523 10.10671850539961 0
5383 19.43334484548524 10.14160697345443 0
5384 19.43334484548523 10.18172871859332 0
5385 19.43334484548523 10.22786872464352 0
5386 19.43334484548523 10.2809297317765 0
5387 19.43334484548523 10.34194989061663 0
5388 19.43334484548523 10.4121230704544 0
5389 19.43334484548522 10.49282222918226 0
5390 19.43334484548523 10.5856262544515 0
5391 19.43334484548522 10.69235088311132 0
5392 19.43334484548523 10.81508420846577 0
5393 19.43334484548523 10.95622753851995 0
5394 19.43334484548522 11.11854236338842 0
5395 19.43334484548523 11.3052044223679 0
5396 19.43334484548524 11.51986579393653 0
5397 19.43334484548523 11.76672635893946 0
5398 19.43334484548523 12.05061601349391 0
5399 19.43334484548523 12.37708911746178 0
5400 19.43334484548523 12.75253319726294 0
5401 19.43334484548523 13.18429388767859 0
5402 19.43334484548523 13.68081868506311 0
5403 19.43334484548523 14.25182220160977 0
5404 19.43334484548523 14.90847624094363 0
5405 19.43334484548523 15.66362839034793 0
5406 19.43334484548523 16.53205337424017 0
5407 19.43334484548523 17.53074210642694 0
5408 19.43334484548523 18.67923414328882 0
5409 18.91820379577694 10.07638070460531 0
5410 18.91820379577695 10.10671850539961 0
5411 18.91820379577694 10.14160697345442 0
5412 18.91820379577694 10.18172871859332 0
5413 18.91820379577694 10.22786872464351 0
5414 18.91820379577693 10.2809297317765 0
5415 18.91820379577695 10.34194989061662 0
5416 18.91820379577694 10.4121230704544 0
5417 18.91820379577694 10.49282222918226 0
5418 18.91820379577694 10.5856262544515 0
5419 18.91820379577694 10.69235088311132 0
5420 18.91820379577694 10.81508420846577 0
5421 18.91820379577694 10.95622753851995 0
5422 18.91820379577694 11.11854236338842 0
5423 18.91820379577694 11.3052044223679 0
5424 18.91820379577694 11.51986579393653 0
5425 18.91820379577694 11.76672635893947 0
5426 18.91820379577694 12.05061601349391 0
5427 18.91820379577694 12.37708911746178 0
5428 18.91820379577694 12.75253319726294 0
5429 18.91820379577694 13.18429388767859 0
5430 18.91820379577694 13.68081868506311 0
5431 18.91820379577694 14.25182220160977 0
5432 18.91820379577694 14.90847624094364 0
5433 18.91820379577694 15.66362839034793 0
5434 18.91820379577694 16.53205337424017 0
5435 18.91820379577694 17.53074210642694 0
5436 18.91820379577694 18.67923414328882 0
5437 18.44989375130208 10.07638070460531 0
5438 18.44989375130207 10.10671850539961 0
5439 18.44989375130207 10.14160697345442 0
5440 18.44989375130207 10.18172871859332 0
5441 18.44989375130209 10.22786872464351 0
5442 18.44989375130208 10.2809297317765 0
5443 18.44989375130208 10.34194989061662 0
5444 18.44989375130209 10.4121230704544 0
5445 18.44989375130208 10.49282222918226 0
5446 18.44989375130208 10.5856262544515 0
5447 18.44989375130208 10.69235088311132 0
5448 18.44989375130209 10.81508420846577 0
5449 18.44989375130208 10.95622753851995 0
5450 18.44989375130207 11.11854236338842 0
5451 18.44989375130208 11.3052044223679 0
5452 18.44989375130208 11.51986579393653 0
5453 18.44989375130208 11.76672635893947 0
5454 18.44989375130208 12.05061601349392 0
5455 18.44989375130208 12.37708911746178 0
5456 18.44989375130208 12.75253319726294 0
5457 18.44989375130208 13.18429388767859 0
5458 18.44989375130208 13.68081868506311 0
5459 18.44989375130208 14.25182220160977 0
5460 18.44989375130208 14.90847624094364 0
5461 18.44989375130208 15.66362839034793 0
5462 18.44989375130208 16.53205337424017 0
5463 18.44989375130208 17.53074210642694 0
5464 18.44989375130208 18.67923414328882 0
5465 18.02415734501007 10.07638070460531 0
5466 18.02415734501007 10.10671850539961 0
5467 18.02415734501006 10.14160697345442 0
5468 18.02415734501007 10.18172871859332 0
5469 18.02415734501007 10.22786872464351 0
5470 18.02415734501007 10.2809297317765 0
5471 18.02415734501007 10.34194989061662 0
5472 18.02415734501006 10.4121230704544 0
5473 18.02415734501007 10.49282222918225 0
5474 18.02415734501007 10.5856262544515 0
5475 18.02415734501006 10.69235088311132 0
5476 18.02415734501007 10.81508420846577 0
5477 18.02415734501007 10.95622753851995 0
5478 18.02415734501007 11.11854236338842 0
5479 18.02415734501006 11.3052044223679 0
5480 18.02415734501007 11.51986579393653 0
5481 18.02415734501007 11.76672635893946 0
5482 18.02415734501007 12.05061601349391 0
5483 18.02415734501007 12.37708911746178 0
5484 18.02415734501007 12.75253319726294 0
5485 18.02415734501007 13.18429388767859 0
5486 18.02415734501007 13.68081868506311 0
5487 18.02415734501007 14.25182220160977 0
5488 18.02415734501007 14.90847624094364 0
5489 18.02415734501007 15.66362839034793 0
5490 18.02415734501007 16.53205337424017 0
5491 18.02415734501007 17.53074210642694 0
5492 18.02415734501007 18.67923414328882 0
5493 17.63712424723882 10.07638070460531 0
5494 17.63712424723883 10.10671850539961 0
5495 17.63712424723883 10.14160697345442 0
5496 17.63712424723883 10.18172871859333 0
5497 17.63712424723883 10.22786872464351 0
5498 17.63712424723882 10.2809297317765 0
5499 17.63712424723883 10.34194989061662 0
5500 17.63712424723882 10.4121230704544 0
5501 17.63712424723883 10.49282222918226 0
5502 17.63712424723883 10.5856262544515 0
5503 17.63712424723883 10.69235088311132 0
5504 17.63712424723883 10.81508420846577 0
5505 17.63712424723883 10.95622753851995 0
5506 17.63712424723883 11.11854236338842 0
5507 17.63712424723883 11.3052044223679 0
5508 17.63712424723882 11.51986579393653 0
5509 17.63712424723883 11.76672635893947 0
5510 17.63712424723883 12.05061601349391 0
5511 17.63712424723883 12.37708911746178 0
5512 17.63712424723882 12.75253319726294 0
5513 17.63712424723883 13.18429388767859 0
5514 17.63712424723883 13.68081868506311 0
5515 17.63712424723883 14.25182220160977 0
5516 17.63712424723883 14.90847624094363 0
5517 17.63712424723883 15.66362839034793 0
5518 17.63712424723883 16.53205337424017 0
5519 17.63712424723883 17.53074210642694 0
5520 17.63712424723883 18.67923414328882 0
5521 17.28527597585125 10.07638070460531 0
5522 17.28527597585124 10.10671850539961 0
5523 17.28527597585125 10.14160697345443 0
5524 17.28527597585125 10.18172871859332 0
5525 17.28527597585125 10.22786872464351 0
5526 17.28527597585125 10.2809297317765 0
5527 17.28527597585125 10.34194989061662 0
5528 17.28527597585125 10.4121230704544 0
5529 17.28527597585125 10.49282222918226 0
5530 17.28527597585126 10.5856262544515 0
5531 17.28527597585125 10.69235088311132 0
5532 17.28527597585125 10.81508420846577 0
5533 17.28527597585125 10.95622753851995 0
5534 17.28527597585125 11.11854236338842 0
5535 17.28527597585124 11.3052044223679 0
5536 17.28527597585124 11.51986579393653 0
5537 17.28527597585125 11.76672635893946 0
5538 17.28527597585125 12.05061601349391 0
5539 17.28527597585124 12.37708911746178 0
5540 17.28527597585125 12.75253319726294 0
5541 17.28527597585124 13.18429388767859 0
5542 17.28527597585125 13.68081868506311 0
5543 17.28527597585125 14.25182220160977 0
5544 17.28527597585125 14.90847624094364 0
5545 17.28527597585125 15.66362839034793 0
5546 17.28527597585125 16.53205337424017 0
5547 17.28527597585125 17.53074210642694 0
5548 17.28527597585125 18.67923414328882 0
5549 16.96541390927384 10.07638070460531 0
5550 16.96541390927382 10.10671850539961 0
5551 16.96541390927383 10.14160697345442 0
5552 16.96541390927383 10.18172871859332 0
5553 16.96541390927383 10.22786872464351 0
5554 16.96541390927383 10.2809297317765 0
5555 16.96541390927383 10.34194989061662 0
5556 16.96541390927382 10.4121230704544 0
5557 16.96541390927383 10.49282222918226 0
5558 16.96541390927383 10.5856262544515 0
5559 16.96541390927383 10.69235088311132 0
5560 16.96541390927382 10.81508420846577 0
5561 16.96541390927383 10.95622753851995 0
5562 16.96541390927383 11.11854236338842 0
5563 16.96541390927383 11.3052044223679 0
5564 16.96541390927383 11.51986579393653 0
5565 16.96541390927383 11.76672635893946 0
5566 16.96541390927383 12.05061601349392 0
5567 16.96541390927383 12.37708911746178 0
5568 16.96541390927383 12.75253319726294 0
5569 16.96541390927383 13.18429388767859 0
5570 16.96541390927383 13.68081868506311 0
5571 16.96541390927383 14.25182220160977 0
5572 16.96541390927383 14.90847624094364 0
5573 16.96541390927383 15.66362839034793 0
5574 16.96541390927383 16.53205337424017 0
5575 16.96541390927383 17.53074210642694 0
5576 16.96541390927383 18.67923414328882 0
5577 16.67463021461148 10.07638070460531 0
5578 16.67463021461148 10.10671850539961 0
5579 16.67463021461148 10.14160697345442 0
5580 16.67463021461149 10.18172871859333 0
5581 16.67463021461149 10.22786872464351 0
5582 16.67463021461148 10.2809297317765 0
5583 16.67463021461148 10.34194989061662 0
5584 16.67463021461149 10.4121230704544 0
5585 16.67463021461148 10.49282222918226 0
5586 16.67463021461149 10.5856262544515 0
5587 16.67463021461148 10.69235088311132 0
5588 16.67463021461149 10.81508420846577 0
5589 16.67463021461149 10.95622753851995 0
5590 16.67463021461149 11.11854236338842 0
5591 16.67463021461149 11.3052044223679 0
5592 16.67463021461149 11.51986579393653 0
5593 16.67463021461149 11.76672635893946 0
5594 16.67463021461148 12.05061601349391 0
5595 16.67463021461149 12.37708911746178 0
5596 16.67463021461149 12.75253319726294 0
5597 16.67463021461149 13.18429388767859 0
5598 16.67463021461149 13.68081868506311 0
5599 16.67463021461149 14.25182220160977 0
5600 16.67463021461149 14.90847624094364 0
5601 16.67463021461149 15.66362839034793 0
5602 16.67463021461149 16.53205337424017 0
5603 16.67463021461149 17.53074210642694 0
5604 16.67463021461149 18.67923414328882 0
5605 16.41028140242629 10.07638070460531 0
5606 16.41028140242628 10.10671850539961 0
5607 16.41028140242628 10.14160697345442 0
5608 16.41028140242628 10.18172871859332 0
5609 16.41028140242628 10.22786872464351 0
5610 16.41028140242628 10.2809297317765 0
5611 16.41028140242628 10.34194989061662 0
5612 16.41028140242628 10.4121230704544 0
5613 16.41028140242628 10.49282222918226 0
5614 16.41028140242628 10.5856262544515 0
5615 16.41028140242628 10.69235088311132 0
5616 16.41028140242627 10.81508420846577 0
5617 16.41028140242628 10.95622753851995 0
5618 16.41028140242628 11.11854236338842 0
5619 16.41028140242628 11.3052044223679 0
5620 16.41028140242628 11.51986579393653 0
5621 16.41028140242628 11.76672635893946 0
5622 16.41028140242628 12.05061601349391 0
5623 16.41028140242628 12.37708911746178 0
5624 16.41028140242628 12.75253319726294 0
5625 16.41028140242628 13.18429388767859 0
5626 16.41028140242628 13.68081868506311 0
5627 16.41028140242628 14.25182220160977 0
5628 16.41028140242628 14.90847624094364 0
5629 16.41028140242628 15.66362839034793 0
5630 16.41028140242628 16.53205337424017 0
5631 16.41028140242628 17.53074210642694 0
5632 16.41028140242628 18.67923414328882 0
5633 16.16996430145057 10.07638070460531 0
5634 16.16996430145058 10.10671850539961 0
5635 16.16996430145059 10.14160697345442 0
5636 16.16996430145059 10.18172871859332 0
5637 16.16996430145058 10.22786872464351 0
5638 16.16996430145058 10.2809297317765 0
5639 16.16996430145058 10.34194989061662 0
5640 16.16996430145058 10.4121230704544 0
5641 16.16996430145058 10.49282222918226 0
5642 16.16996430145058 10.5856262544515 0
5643 16.16996430145058 10.69235088311132 0
5644 16.16996430145058 10.81508420846578 0
5645 16.16996430145058 10.95622753851995 0
5646 16.16996430145058 11.11854236338842 0
5647 16.16996430145058 11.3052044223679 0
5648 16.16996430145058 11.51986579393653 0
5649 16.16996430145058 11.76672635893946 0
5650 16.16996430145058 12.05061601349391 0
5651 16.16996430145058 12.37708911746178 0
5652 16.16996430145058 12.75253319726294 0
5653 16.16996430145058 13.18429388767859 0
5654 16.16996430145058 13.68081868506311 0
5655 16.16996430145058 14.25182220160977 0
5656 16.16996430145058 14.90847624094364 0
5657 16.16996430145058 15.66362839034793 0
5658 16.16996430145058 16.53205337424017 0
5659 16.16996430145058 17.53074210642694 0
5660 16.16996430145058 18.67923414328882 0
5661 15.95149421127532 10.07638070460531 0
5662 15.95149421127532 10.10671850539961 0
5663 15.95149421127532 10.14160697345442 0
5664 15.95149421127532 10.18172871859333 0
5665 15.95149421127532 10.22786872464351 0
5666 15.95149421127532 10.2809297317765 0
5667 15.95149421127532 10.34194989061662 0
5668 15.95149421127532 10.4121230704544 0
5669 15.95149421127532 10.49282222918226 0
5670 15.95149421127532 10.5856262544515 0
5671 15.95149421127532 10.69235088311132 0
5672 15.95149421127532 10.81508420846577 0
5673 15.95149421127532 10.95622753851995 0
5674 15.95149421127532 11.11854236338842 0
5675 15.95149421127532 11.3052044223679 0
5676 15.95149421127532 11.51986579393653 0
5677 15.95149421127532 11.76672635893946 0
5678 15.95149421127532 12.05061601349392 0
5679 15.95149421127532 12.37708911746178 0
5680 15.95149421127532 12.75253319726294 0
5681 15.95149421127532 13.18429388767859 0
5682 15.95149421127533 13.68081868506311 0
5683 15.95149421127532 14.25182220160977 0
5684 15.95149421127533 14.90847624094364 0
5685 15.95149421127532 15.66362839034793 0
5686 15.95149421127532 16.53205337424017 0
5687 15.95149421127532 17.53074210642694 0
5688 15.95149421127533 18.67923414328882 0
5689 15.75288503551942 10.07638070460531 0
5690 15.75288503551943 10.10671850539961 0
5691 15.75288503551942 10.14160697345442 0
5692 15.75288503551943 10.18172871859333 0
5693 15.75288503551943 10.22786872464351 0
5694 15.75288503551943 10.2809297317765 0
5695 15.75288503551943 10.34194989061663 0
5696 15.75288503551943 10.4121230704544 0
5697 15.75288503551943 10.49282222918225 0
5698 15.75288503551943 10.5856262544515 0
5699 15.75288503551942 10.69235088311132 0
5700 15.75288503551943 10.81508420846577 0
5701 15.75288503551943 10.95622753851995 0
5702 15.75288503551943 11.11854236338842 0
5703 15.75288503551943 11.3052044223679 0
5704 15.75288503551943 11.51986579393653 0
5705 15.75288503551943 11.76672635893946 0
5706 15.75288503551943 12.05061601349391 0
5707 15.75288503551943 12.37708911746178 0
5708 15.75288503551943 12.75253319726294 0
5709 15.75288503551942 13.18429388767859 0
5710 15.75288503551943 13.68081868506311 0
5711 15.75288503551942 14.25182220160977 0
5712 15.75288503551943 14.90847624094364 0
5713 15.75288503551943 15.66362839034793 0
5714 15.75288503551943 16.53205337424017 0
5715 15.75288503551943 17.53074210642694 0
5716 15.75288503551943 18.67923414328882 0
5717 15.57233123700887 10.07638070460531 0
5718 15.57233123700887 10.10671850539961 0
5719 15.57233123700887 10.14160697345442 0
5720 15.57233123700887 10.18172871859333 0
5721 15.57233123700887 10.22786872464351 0
5722 15.57233123700887 10.2809297317765 0
5723 15.57233123700887 10.34194989061662 0
5724 15.57233123700887 10.4121230704544 0
5725 15.57233123700887 10.49282222918226 0
5726 15.57233123700887 10.5856262544515 0
5727 15.57233123700887 10.69235088311132 0
5728 15.57233123700887 10.81508420846577 0
5729 15.57233123700887 10.95622753851995 0
5730 15.57233123700887 11.11854236338842 0
5731 15.57233123700887 11.3052044223679 0
5732 15.57233123700887 11.51986579393653 0
5733 15.57233123700887 11.76672635893947 0
5734 15.57233123700887 12.05061601349391 0
5735 15.57233123700887 12.37708911746178 0
5736 15.57233123700887 12.75253319726294 0
5737 15.57233123700887 13.18429388767859 0
5738 15.57233123700887 13.68081868506311 0
5739 15.57233123700887 14.25182220160977 0
5740 15.57233123700887 14.90847624094364 0
5741 15.57233123700887 15.66362839034793 0
5742 15.57233123700887 16.53205337424017 0
5743 15.57233123700887 17.53074210642694 0
5744 15.57233123700887 18.67923414328882 0
5745 15.40819142134093 10.07638070460531 0
5746 15.40819142134094 10.10671850539961 0
5747 15.40819142134093 10.14160697345443 0
5748 15.40819142134093 10.18172871859332 0
5749 15.40819142134093 10.22786872464351 0
5750 15.40819142134093 10.2809297317765 0
5751 15.40819142134093 10.34194989061662 0
5752 15.40819142134093 10.4121230704544 0
5753 15.40819142134093 10.49282222918226 0
5754 15.40819142134093 10.5856262544515 0
5755 15.40819142134093 10.69235088311132 0
5756 15.40819142134093 10.81508420846577 0
5757 15.40819142134094 10.95622753851995 0
5758 15.40819142134093 11.11854236338842 0
5759 15.40819142134093 11.3052044223679 0
5760 15.40819142134094 11.51986579393653 0
5761 15.40819142134093 11.76672635893946 0
5762 15.40819142134093 12.05061601349391 0
5763 15.40819142134093 12.37708911746178 0
5764 15.40819142134093 12.75253319726294 0
5765 15.40819142134094 13.18429388767859 0
5766 15.40819142134093 13.68081868506311 0
5767 15.40819142134093 14.25182220160977 0
5768 15.40819142134093 14.90847624094364 0
5769 15.40819142134093 15.66362839034793 0
5770 15.40819142134093 16.53205337424017 0
5771 15.40819142134093 17.53074210642694 0
5772 15.40819142134093 18.67923414328882 0
5773 15.2589734090314 10.07638070460531 0
5774 15.2589734090314 10.10671850539961 0
5775 15.2589734090314 10.14160697345442 0
5776 15.2589734090314 10.18172871859332 0
5777 15.2589734090314 10.22786872464351 0
5778 15.25897340903139 10.2809297317765 0
5779 15.2589734090314 10.34194989061662 0
5780 15.2589734090314 10.4121230704544 0
5781 15.2589734090314 10.49282222918226 0
5782 15.2589734090314 10.5856262544515 0
5783 15.25897340903139 10.69235088311132 0
5784 15.2589734090314 10.81508420846577 0
5785 15.2589734090314 10.95622753851995 0
5786 15.2589734090314 11.11854236338842 0
5787 15.2589734090314 11.3052044223679 0
5788 15.2589734090314 11.51986579393652 0
5789 15.2589734090314 11.76672635893946 0
5790 15.2589734090314 12.05061601349391 0
5791 15.2589734090314 12.37708911746178 0
5792 15.2589734090314 12.75253319726294 0
5793 15.2589734090314 13.18429388767859 0
5794 15.2589734090314 13.68081868506311 0
5795 15.2589734090314 14.25182220160977 0
5796 15.2589734090314 14.90847624094364 0
5797 15.2589734090314 15.66362839034793 0
5798 15.2589734090314 16.53205337424017 0
5799 15.2589734090314 17.53074210642694 0
5800 15.25897340903139 18.67923414328882 0
5801 15.1233206723264 10.07638070460531 0
5802 15.1233206723264 10.10671850539961 0
5803 15.12332067232641 10.14160697345443 0
5804 15.1233206723264 10.18172871859333 0
5805 15.1233206723264 10.22786872464351 0
5806 15.1233206723264 10.2809297317765 0
5807 15.1233206723264 10.34194989061662 0
5808 15.1233206723264 10.4121230704544 0
5809 15.1233206723264 10.49282222918226 0
5810 15.1233206723264 10.5856262544515 0
5811 15.1233206723264 10.69235088311132 0
5812 15.1233206723264 10.81508420846577 0
5813 15.1233206723264 10.95622753851995 0
5814 15.1233206723264 11.11854236338842 0
5815 15.1233206723264 11.3052044223679 0
5816 15.1233206723264 11.51986579393653 0
5817 15.1233206723264 11.76672635893946 0
5818 15.1233206723264 12.05061601349392 0
5819 15.1233206723264 12.37708911746178 0
5820 15.1233206723264 12.75253319726294 0
5821 15.1233206723264 13.18429388767859 0
5822 15.1233206723264 13.68081868506311 0
5823 15.1233206723264 14.25182220160977 0
5824 15.1233206723264 14.90847624094363 0
5825 15.1233206723264 15.66362839034793 0
5826 15.1233206723264 16.53205337424017 0
5827 15.1233206723264 17.53074210642694 0
5828 15.1233206723264 18.67923414328882 0
$EndNodes
$Elements
5920
1 1 2 1 1 1 17
2 1 2 1 1 17 18
3 1 2 1 1 18 19
4 1 2 1 1 19 20
5 1 2 1 1 20 21
6 1 2 1 1 21 22
7 1 2 1 1 22 23
8 1 2 1 1 23 24
9 1 2 1 1 24 25
10 1 2 1 1 25 26
11 1 2 1 1 26 27
12 1 2 1 1 27 28
13 1 2 1 1 28 29
14 1 2 1 1 29 30
15 1 2 1 1 30 31
16 1 2 1 1 31 32
17 1 2 1 1 32 2
18 1 2 3 4 12 77
19 1 2 3 4 77 78
20 1 2 3 4 78 79
21 1 2 3 4 79 80
22 1 2 3 4 80 81
23 1 2 3 4 81 82
24 1 2 3 4 82 83
25 1 2 3 4 83 84
26 1 2 3 4 84 85
27 1 2 3 4 85 86
28 1 2 3 4 86 87
29 1 2 3 4 87 88
30 1 2 3 4 88 89
31 1 2 3 4 89 90
32 1 2 3 4 90 91
33 1 2 3 4 91 92
34 1 2 3 4 92 93
35 1 2 3 4 93 94
36 1 2 3 4 94 95
37 1 2 3 4 95 96
38 1 2 3 4 96 97
39 1 2 3 4 97 98
40 1 2 3 4 98 99
41 1 2 3 4 99 100
42 1 2 3 4 100 101
43 1 2 3 4 101 102
44 1 2 3 4 102 103
45 1 2 3 4 103 104
46 1 2 3 4 104 1
47 1 2 1 5 2 105
48 1 2 1 5 105 106
49 1 2 1 5 106 107
50 1 2 1 5 107 108
51 1 2 1 5 108 109
52 1 2 1 5 109 110
53 1 2 1 5 110 111
54 1 2 1 5 111 112
55 1 2 1 5 112 113
56 1 2 1 5 113 114
57 1 2 1 5 114 115
58 1 2 1 5 115 116
59 1 2 1 5 116 117
60 1 2 1 5 117 118
61 1 2 1 5 118 119
62 1 2 1 5 119 120
63 1 2 1 5 120 121
64 1 2 1 5 121 122
65 1 2 1 5 122 123
66 1 2 1 5 123 124
67 1 2 1 5 124 125
68 1 2 1 5 125 126
69 1 2 1 5 126 127
70 1 2 1 5 127 128
71 1 2 1 5 128 129
72 1 2 1 5 129 130
73 1 2 1 5 130 131
74 1 2 1 5 131 132
75 1 2 1 5 132 133
76 1 2 1 5 133 134
77 1 2 1 5 134 135
78 1 2 1 5 135 136
79 1 2 1 5 136 137
80 1 2 1 5 137 138
81 1 2 1 5 138 139
82 1 2 1 5 139 140
83 1 2 1 5 140 141
84 1 2 1 5 141 142
85 1 2 1 5 142 143
86 1 2 1 5 143 144
87 1 2 1 5 144 145
88 1 2 1 5 145 146
89 1 2 1 5 146 147
90 1 2 1 5 147 148
91 1 2 1 5 148 149
92 1 2 1 5 149 150
93 1 2 1 5 150 151
94 1 2 1 5 151 152
95 1 2 1 5 152 153
96 1 2 1 5 153 154
97 1 2 1 5 154 155
98 1 2 1 5 155 156
99 1 2 1 5 156 157
100 1 2 1 5 157 158
101 1 2 1 5 158 159
102 1 2 1 5 159 160
103 1 2 1 5 160 161
104 1 2 1 5 161 162
105 1 2 1 5 162 3
106 1 2 1 8 3 249
107 1 2 1 8 249 250
108 1 2 1 8 250 251
109 1 2 1 8 251 252
110 1 2 1 8 252 253
111 1 2 1 8 253 254
112 1 2 1 8 254 255
113 1 2 1 8 255 256
114 1 2 1 8 256 257
115 1 2 1 8 257 258
116 1 2 1 8 258 259
117 1 2 1 8 259 260
118 1 2 1 8 260 261
119 1 2 1 8 261 262
120 1 2 1 8 262 263
121 1 2 1 8 263 264
122 1 2 1 8 264 4
123 1 2 3 13 11 327
124 1 2 3 13 327 328
125 1 2 3 13 328 12
126 1 2 2 19 9 435
127 1 2 2 19 435 436
128 1 2 2 19 436 437
129 1 2 2 19 437 438
130 1 2 2 19 438 439
131 1 2 2 19 439 440
132 1 2 2 19 440 441
133 1 2 2 19 441 442
134 1 2 2 19 442 443
135 1 2 2 19 443 444
136 1 2 2 19 444 445
137 1 2 2 19 445 446
138 1 2 2 19 446 447
139 1 2 2 19 447 448
140 1 2 2 19 448 449
141 1 2 2 19 449 450
142 1 2 2 19 450 10
143 1 2 3 20 10 451
144 1 2 3 20 451 452
145 1 2 3 20 452 453
146 1 2 3 20 453 454
147 1 2 3 20 454 455
148 1 2 3 20 455 456
149 1 2 3 20 456 457
150 1 2 3 20 457 458
151 1 2 3 20 458 459
152 1 2 3 20 459 460
153 1 2 3 20 460 461
154 1 2 3 20 461 462
155 1 2 3 20 462 463
156 1 2 3 20 463 464
157 1 2 3 20 464 465
158 1 2 3 20 465 466
159 1 2 3 20 466 467
160 1 2 3 20 467 468
161 1 2 3 20 468 469
162 1 2 3 20 469 470
163 1 2 3 20 470 471
164 1 2 3 20 471 472
165 1 2 3 20 472 473
166 1 2 3 20 473 474
167 1 2 3 20 474 475
168 1 2 3 20 475 476
169 1 2 3 20 476 477
170 1 2 3 20 477 478
171 1 2 3 20 478 11
172 1 2 2 22 8 507
173 1 2 2 22 507 508
174 1 2 2 22 508 509
175 1 2 2 22 509 510
176 1 2 2 22 510 511
177 1 2 2 22 511 512
178 1 2 2 22 512 513
179 1 2 2 22 513 514
180 1 2 2 22 514 515
181 1 2 2 22 515 516
182 1 2 2 22 516 517
183 1 2 2 22 517 518
184 1 2 2 22 518 519
185 1 2 2 22 519 520
186 1 2 2 22 520 521
187 1 2 2 22 521 522
188 1 2 2 22 522 523
189 1 2 2 22 523 524
190 1 2 2 22 524 525
191 1 2 2 22 525 526
192 1 2 2 22 526 527
193 1 2 2 22 527 528
194 1 2 2 22 528 529
195 1 2 2 22 529 530
196 1 2 2 22 530 531
197 1 2 2 22 531 532
198 1 2 2 22 532 533
199 1 2 2 22 533 534
200 1 2 2 22 534 535
201 1 2 2 22 535 536
202 1 2 2 22 536 537
203 1 2 2 22 537 538
204 1 2 2 22 538 539
205 1 2 2 22 539 540
206 1 2 2 22 540 541
207 1 2 2 22 541 542
208 1 2 2 22 542 543
209 1 2 2 22 543 544
210 1 2 2 22 544 545
211 1 2 2 22 545 546
212 1 2 2 22 546 547
213 1 2 2 22 547 548
214 1 2 2 22 548 549
215 1 2 2 22 549 550
216 1 2 2 22 550 551
217 1 2 2 22 551 552
218 1 2 2 22 552 553
219 1 2 2 22 553 554
220 1 2 2 22 554 555
221 1 2 2 22 555 556
222 1 2 2 22 556 557
223 1 2 2 22 557 558
224 1 2 2 22 558 559
225 1 2 2 22 559 560
226 1 2 2 22 560 561
227 1 2 2 22 561 562
228 1 2 2 22 562 563
229 1 2 2 22 563 564
230 1 2 2 22 564 9
231 1 2 2 24 7 593
232 1 2 2 24 593 594
233 1 2 2 24 594 595
234 1 2 2 24 595 596
235 1 2 2 24 596 597
236 1 2 2 24 597 598
237 1 2 2 24 598 599
238 1 2 2 24 599 600
239 1 2 2 24 600 601
240 1 2 2 24 601 602
241 1 2 2 24 602 603
242 1 2 2 24 603 604
243 1 2 2 24 604 605
244 1 2 2 24 605 606
245 1 2 2 24 606 607
246 1 2 2 24 607 608
247 1 2 2 24 608 8
248 3 2 1 1 1 17 609 104
249 3 2 1 1 104 609 610 103
250 3 2 1 1 103 610 611 102
251 3 2 1 1 102 611 612 101
252 3 2 1 1 101 612 613 100
253 3 2 1 1 100 613 614 99
254 3 2 1 1 99 614 615 98
255 3 2 1 1 98 615 616 97
256 3 2 1 1 97 616 617 96
257 3 2 1 1 96 617 618 95
258 3 2 1 1 95 618 619 94
259 3 2 1 1 94 619 620 93
260 3 2 1 1 93 620 621 92
261 3 2 1 1 92 621 622 91
262 3 2 1 1 91 622 623 90
263 3 2 1 1 90 623 624 89
264 3 2 1 1 89 624 625 88
265 3 2 1 1 88 625 626 87
266 3 2 1 1 87 626 627 86
267 3 2 1 1 86 627 628 85
268 3 2 1 1 85 628 629 84
269 3 2 1 1 84 629 630 83
270 3 2 1 1 83 630 631 82
271 3 2 1 1 82 631 632 81
272 3 2 1 1 81 632 633 80
273 3 2 1 1 80 633 634 79
274 3 2 1 1 79 634 635 78
275 3 2 1 1 78 635 636 77
276 3 2 1 1 77 636 76 12
277 3 2 1 1 17 18 637 609
278 3 2 1 1 609 637 638 610
279 3 2 1 1 610 638 639 611
280 3 2 1 1 611 639 640 612
281 3 2 1 1 612 640 641 613
282 3 2 1 1 613 641 642 614
283 3 2 1 1 614 642 643 615
284 3 2 1 1 615 643 644 616
285 3 2 1 1 616 644 645 617
286 3 2 1 1 617 645 646 618
287 3 2 1 1 618 646 647 619
288 3 2 1 1 619 647 648 620
289 3 2 1 1 620 648 649 621
290 3 2 1 1 621 649 650 622
291 3 2 1 1 622 650 651 623
292 3 2 1 1 623 651 652 624
293 3 2 1 1 624 652 653 625
294 3 2 1 1 625 653 654 626
295 3 2 1 1 626 654 655 627
296 3 2 1 1 627 655 656 628
297 3 2 1 1 628 656 657 629
298 3 2 1 1 629 657 658 630
299 3 2 1 1 630 658 659 631
300 3 2 1 1 631 659 660 632
301 3 2 1 1 632 660 661 633
302 3 2 1 1 633 661 662 634
303 3 2 1 1 634 662 663 635
304 3 2 1 1 635 663 664 636
305 3 2 1 1 636 664 75 76
306 3 2 1 1 18 19 665 637
307 3 2 1 1 637 665 666 638
308 3 2 1 1 638 666 667 639
309 3 2 1 1 639 667 668 640
310 3 2 1 1 640 668 669 641
311 3 2 1 1 641 669 670 642
312 3 2 1 1 642 670 671 643
313 3 2 1 1 643 671 672 644
314 3 2 1 1 644 672 673 645
315 3 2 1 1 645 673 674 646
316 3 2 1 1 646 674 675 647
317 3 2 1 1 647 675 676 648
318 3 2 1 1 648 676 677 649
319 3 2 1 1 649 677 678 650
320 3 2 1 1 650 678 679 651
321 3 2 1 1 651 679 680 652
322 3 2 1 1 652 680 681 653
323 3 2 1 1 653 681 682 654
324 3 2 1 1 654 682 683 655
325 3 2 1 1 655 683 684 656
326 3 2 1 1 656 684 685 657
327 3 2 1 1 657 685 686 658
328 3 2 1 1 658 686 687 659
329 3 2 1 1 659 687 688 660
330 3 2 1 1 660 688 689 661
331 3 2 1 1 661 689 690 662
332 3 2 1 1 662 690 691 663
333 3 2 1 1 663 691 692 664
334 3 2 1 1 664 692 74 75
335 3 2 1 1 19 20 693 665
336 3 2 1 1 665 693 694 666
337 3 2 1 1 666 694 695 667
338 3 2 1 1 667 695 696 668
339 3 2 1 1 668 696 697 669
340 3 2 1 1 669 697 698 670
341 3 2 1 1 670 698 699 671
342 3 2 1 1 671 699 700 672
343 3 2 1 1 672 700 701 673
344 3 2 1 1 673 701 702 674
345 3 2 1 1 674 702 703 675
346 3 2 1 1 675 703 704 676
347 3 2 1 1 676 704 705 677
348 3 2 1 1 677 705 706 678
349 3 2 1 1 678 706 707 679
350 3 2 1 1 679 707 708 680
351 3 2 1 1 680 708 709 681
352 3 2 1 1 681 709 710 682
353 3 2 1 1 682 710 711 683
354 3 2 1 1 683 711 712 684
355 3 2 1 1 684 712 713 685
356 3 2 1 1 685 713 714 686
357 3 2 1 1 686 714 715 687
358 3 2 1 1 687 715 716 688
359 3 2 1 1 688 716 717 689
360 3 2 1 1 689 717 718 690
361 3 2 1 1 690 718 719 691
362 3 2 1 1 691 719 720 692
363 3 2 1 1 692 720 73 74
364 3 2 1 1 20 21 721 693
365 3 2 1 1 693 721 722 694
366 3 2 1 1 694 722 723 695
367 3 2 1 1 695 723 724 696
368 3 2 1 1 696 724 725 697
369 3 2 1 1 697 725 726 698
370 3 2 1 1 698 726 727 699
371 3 2 1 1 699 727 728 700
372 3 2 1 1 700 728 729 701
373 3 2 1 1 701 729 730 702
374 3 2 1 1 702 730 731 703
375 3 2 1 1 703 731 732 704
376 3 2 1 1 704 732 733 705
377 3 2 1 1 705 733 734 706
378 3 2 1 1 706 734 735 707
379 3 2 1 1 707 735 736 708
380 3 2 1 1 708 736 737 709
381 3 2 1 1 709 737 738 710
382 3 2 1 1 710 738 739 711
383 3 2 1 1 711 739 740 712
384 3 2 1 1 712 740 741 713
385 3 2 1 1 713 741 742 714
386 3 2 1 1 714 742 743 715
387 3 2 1 1 715 743 744 716
388 3 2 1 1 716 744 745 717
389 3 2 1 1 717 745 746 718
390 3 2 1 1 718 746 747 719
391 3 2 1 1 719 747 748 720
392 3 2 1 1 720 748 72 73
393 3 2 1 1 21 22 749 721
394 3 2 1 1 721 749 750 722
395 3 2 1 1 722 750 751 723
396 3 2 1 1 723 751 752 724
397 3 2 1 1 724 752 753 725
398 3 2 1 1 725 753 754 726
399 3 2 1 1 726 754 755 727
400 3 2 1 1 727 755 756 728
401 3 2 1 1 728 756 757 729
402 3 2 1 1 729 757 758 730
403 3 2 1 1 730 758 759 731
404 3 2 1 1 731 759 760 732
405 3 2 1 1 732 760 761 733
406 3 2 1 1 733 761 762 734
407 3 2 1 1 734 762 763 735
408 3 2 1 1 735 763 764 736
409 3 2 1 1 736 764 765 737
410 3 2 1 1 737 765 766 738
411 3 2 1 1 738 766 767 739
412 3 2 1 1 739 767 768 740
413 3 2 1 1 740 768 769 741
414 3 2 1 1 741 769 770 742
415 3 2 1 1 742 770 771 743
416 3 2 1 1 743 771 772 744
417 3 2 1 1 744 772 773 745
418 3 2 1 1 745 773 774 746
419 3 2 1 1 746 774 775 747
420 3 2 1 1 747 775 776 748
421 3 2 1 1 748 776 71 72
422 3 2 1 1 22 23 777 749
423 3 2 1 1 749 777 778 750
424 3 2 1 1 750 778 779 751
425 3 2 1 1 751 779 780 752
426 3 2 1 1 752 780 781 753
427 3 2 1 1 753 781 782 754
428 3 2 1 1 754 782 783 755
429 3 2 1 1 755 783 784 756
430 3 2 1 1 756 784 785 757
431 3 2 1 1 757 785 786 758
432 3 2 1 1 758 786 787 759
433 3 2 1 1 759 787 788 760
434 3 2 1 1 760 788 789 761
435 3 2 1 1 761 789 790 762
436 3 2 1 1 762 790 791 763
437 3 2 1 1 763 791 792 764
438 3 2 1 1 764 792 793 765
439 3 2 1 1 765 793 794 766
440 3 2 1 1 766 794 795 767
441 3 2 1 1 767 795 796 768
442 3 2 1 1 768 796 797 769
443 3 2 1 1 769 797 798 770
444 3 2 1 1 770 798 799 771
445 3 2 1 1 771 799 800 772
446 3 2 1 1 772 800 801 773
447 3 2 1 1 773 801 802 774
448 3 2 1 1 774 802 803 775
449 3 2 1 1 775 803 804 776
450 3 2 1 1 776 804 70 71
451 3 2 1 1 23 24 805 777
452 3 2 1 1 777 805 806 778
453 3 2 1 1 778 806 807 779
454 3 2 1 1 779 807 808 780
455 3 2 1 1 780 808 809 781
456 3 2 1 1 781 809 810 782
457 3 2 1 1 782 810 811 783
458 3 2 1 1 783 811 812 784
459 3 2 1 1 784 812 813 785
460 3 2 1 1 785 813 814 786
461 3 2 1 1 786 814 815 787
462 3 2 1 1 787 815 816 788
463 3 2 1 1 788 816 817 789
464 3 2 1 1 789 817 818 790
465 3 2 1 1 790 818 819 791
466 3 2 1 1 791 819 820 792
467 3 2 1 1 792 820 821 793
468 3 2 1 1 793 821 822 794
469 3 2 1 1 794 822 823 795
470 3 2 1 1 795 823 824 796
471 3 2 1 1 796 824 825 797
472 3 2 1 1 797 825 826 798
473 3 2 1 1 798 826 827 799
474 3 2 1 1 799 827 828 800
475 3 2 1 1 800 828 829 801
476 3 2 1 1 801 829 830 802
477 3 2 1 1 802 830 831 803
478 3 2 1 1 803 831 832 804
479 3 2 1 1 804 832 69 70
480 3 2 1 1 24 25 833 805
481 3 2 1 1 805 833 834 806
482 3 2 1 1 806 834 835 807
483 3 2 1 1 807 835 836 808
484 3 2 1 1 808 836 837 809
485 3 2 1 1 809 837 838 810
486 3 2 1 1 810 838 839 811
487 3 2 1 1 811 839 840 812
488 3 2 1 1 812 840 841 813
489 3 2 1 1 813 841 842 814
490 3 2 1 1 814 842 843 815
491 3 2 1 1 815 843 844 816
492 3 2 1 1 816 844 845 817
493 3 2 1 1 817 845 846 818
494 3 2 1 1 818 846 847 819
495 3 2 1 1 819 847 848 820
496 3 2 1 1 820 848 849 821
497 3 2 1 1 821 849 850 822
498 3 2 1 1 822 850 851 823
499 3 2 1 1 823 851 852 824
500 3 2 1 1 824 852 853 825
501 3 2 1 1 825 853 854 826
502 3 2 1 1 826 854 855 827
503 3 2 1 1 827 855 856 828
504 3 2 1 1 828 856 857 829
505 3 2 1 1 829 857 858 830
506 3 2 1 1 830 858 859 831
507 3 2 1 1 831 859 860 832
508 3 2 1 1 832 860 68 69
509 3 2 1 1 25 26 861 833
510 3 2 1 1 833 861 862 834
511 3 2 1 1 834 862 863 835
512 3 2 1 1 835 863 864 836
513 3 2 1 1 836 864 865 837
514 3 2 1 1 837 865 866 838
515 3 2 1 1 838 866 867 839
516 3 2 1 1 839 867 868 840
517 3 2 1 1 840 868 869 841
518 3 2 1 1 841 869 870 842
519 3 2 1 1 842 870 871 843
520 3 2 1 1 843 871 872 844
521 3 2 1 1 844 872 873 845
522 3 2 1 1 845 873 874 846
523 3 2 1 1 846 874 875 847
524 3 2 1 1 847 875 876 848
525 3 2 1 1 848 876 877 849
526 3 2 1 1 849 877 878 850
527 3 2 1 1 850 878 879 851
528 3 2 1 1 851 879 880 852
529 3 2 1 1 852 880 881 853
530 3 2 1 1 853 881 882 854
531 3 2 1 1 854 882 883 855
532 3 2 1 1 855 883 884 856
533 3 2 1 1 856 884 885 857
534 3 2 1 1 857 885 886 858
535 3 2 1 1 858 886 887 859
536 3 2 1 1 859 887 888 860
537 3 2 1 1 860 888 67 68
538 3 2 1 1 26 27 889 861
539 3 2 1 1 861 889 890 862
540 3 2 1 1 862 890 891 863
541 3 2 1 1 863 891 892 864
542 3 2 1 1 864 892 893 865
543 3 2 1 1 865 893 894 866
544 3 2 1 1 866 894 895 867
545 3 2 1 1 867 895 896 868
546 3 2 1 1 868 896 897 869
547 3 2 1 1 869 897 898 870
548 3 2 1 1 870 898 899 871
549 3 2 1 1 871 899 900 872
550 3 2 1 1 872 900 901 873
551 3 2 1 1 873 901 902 874
552 3 2 1 1 874 902 903 875
553 3 2 1 1 875 903 904 876
554 3 2 1 1 876 904 905 877
555 3 2 1 1 877 905 906 878
556 3 2 1 1 878 906 907 879
557 3 2 1 1 879 907 908 880
558 3 2 1 1 880 908 909 881
559 3 2 1 1 881 909 910 882
560 3 2 1 1 882 910 911 883
561 3 2 1 1 883 911 912 884
562 3 2 1 1 884 912 913 885
563 3 2 1 1 885 913 914 886
564 3 2 1 1 886 914 915 887
565 3 2 1 1 887 915 916 888
566 3 2 1 1 888 916 66 67
567 3 2 1 1 27 28 917 889
568 3 2 1 1 889 917 918 890
569 3 2 1 1 890 918 919 891
570 3 2 1 1 891 919 920 892
571 3 2 1 1 892 920 921 893
572 3 2 1 1 893 921 922 894
573 3 2 1 1 894 922 923 895
574 3 2 1 1 895 923 924 896
575 3 2 1 1 896 924 925 897
576 3 2 1 1 897 925 926 898
577 3 2 1 1 898 926 927 899
578 3 2 1 1 899 927 928 900
579 3 2 1 1 900 928 929 901
580 3 2 1 1 901 929 930 902
581 3 2 1 1 902 930 931 903
582 3 2 1 1 903 931 932 904
583 3 2 1 1 904 932 933 905
584 3 2 1 1 905 933 934 906
585 3 2 1 1 906 934 935 907
586 3 2 1 1 907 935 936 908
587 3 2 1 1 908 936 937 909
588 3 2 1 1 909 937 938 910
589 3 2 1 1 910 938 939 911
590 3 2 1 1 911 939 940 912
591 3 2 1 1 912 940 941 913
592 3 2 1 1 913 941 942 914
593 3 2 1 1 914 942 943 915
594 3 2 1 1 915 943 944 916
595 3 2 1 1 916 944 65 66
596 3 2 1 1 28 29 945 917
597 3 2 1 1 917 945 946 918
598 3 2 1 1 918 946 947 919
599 3 2 1 1 919 947 948 920
600 3 2 1 1 920 948 949 921
601 3 2 1 1 921 949 950 922
602 3 2 1 1 922 950 951 923
603 3 2 1 1 923 951 952 924
604 3 2 1 1 924 952 953 925
605 3 2 1 1 925 953 954 926
606 3 2 1 1 926 954 955 927
607 3 2 1 1 927 955 956 928
608 3 2 1 1 928 956 957 929
609 3 2 1 1 929 957 958 930
610 3 2 1 1 930 958 959 931
611 3 2 1 1 931 959 960 932
612 3 2 1 1 932 960 961 933
613 3 2 1 1 933 961 962 934
614 3 2 1 1 934 962 963 935
615 3 2 1 1 935 963 964 936
616 3 2 1 1 936 964 965 937
617 3 2 1 1 937 965 966 938
618 3 2 1 1 938 966 967 939
619 3 2 1 1 939 967 968 940
620 3 2 1 1 940 968 969 941
621 3 2 1 1 941 969 970 942
622 3 2 1 1 942 970 971 943
623 3 2 1 1 943 971 972 944
624 3 2 1 1 944 972 64 65
625 3 2 1 1 29 30 973 945
626 3 2 1 1 945 973 974 946
627 3 2 1 1 946 974 975 947
628 3 2 1 1 947 975 976 948
629 3 2 1 1 948 976 977 949
630 3 2 1 1 949 977 978 950
631 3 2 1 1 950 978 979 951
632 3 2 1 1 951 979 980 952
633 3 2 1 1 952 980 981 953
634 3 2 1 1 953 981 982 954
635 3 2 1 1 954 982 983 955
636 3 2 1 1 955 983 984 956
637 3 2 1 1 956 984 985 957
638 3 2 1 1 957 985 986 958
639 3 2 1 1 958 986 987 959
640 3 2 1 1 959 987 988 960
641 3 2 1 1 960 988 989 961
642 3 2 1 1 961 989 990 962
643 3 2 1 1 962 990 991 963
644 3 2 1 1 963 991 992 964
645 3 2 1 1 964 992 993 965
646 3 2 1 1 965 993 994 966
647 3 2 1 1 966 994 995 967
648 3 2 1 1 967 995 996 968
649 3 2 1 1 968 996 997 969
650 3 2 1 1 969 997 998 970
651 3 2 1 1 970 998 999 971
652 3 2 1 1 971 999 1000 972
653 3 2 1 1 972 1000 63 64
654 3 2 1 1 30 31 1001 973
655 3 2 1 1 973 1001 1002 974
656 3 2 1 1 974 1002 1003 975
657 3 2 1 1 975 1003 1004 976
658 3 2 1 1 976 1004 1005 977
659 3 2 1 1 977 1005 1006 978
660 3 2 1 1 978 1006 1007 979
661 3 2 1 1 979 1007 1008 980
662 3 2 1 1 980 1008 1009 981
663 3 2 1 1 981 1009 1010 982
664 3 2 1 1 982 1010 1011 983
665 3 2 1 1 983 1011 1012 984
666 3 2 1 1 984 1012 1013 985
667 3 2 1 1 985 1013 1014 986
668 3 2 1 1 986 1014 1015 987
669 3 2 1 1 987 1015 1016 988
670 3 2 1 1 988 1016 1017 989
671 3 2 1 1 989 1017 1018 990
672 3 2 1 1 990 1018 1019 991
673 3 2 1 1 991 1019 1020 992
674 3 2 1 1 992 1020 1021 993
675 3 2 1 1 993 1021 1022 994
676 3 2 1 1 994 1022 1023 995
677 3 2 1 1 995 1023 1024 996
678 3 2 1 1 996 1024 1025 997
679 3 2 1 1 997 1025 1026 998
680 3 2 1 1 998 1026 1027 999
681 3 2 1 1 999 1027 1028 1000
682 3 2 1 1 1000 1028 62 63
683 3 2 1 1 31 32 1029 1001
684 3 2 1 1 1001 1029 1030 1002
685 3 2 1 1 1002 1030 1031 1003
686 3 2 1 1 1003 1031 1032 1004
687 3 2 1 1 1004 1032 1033 1005
688 3 2 1 1 1005 1033 1034 1006
689 3 2 1 1 1006 1034 1035 1007
690 3 2 1 1 1007 1035 1036 1008
691 3 2 1 1 1008 1036 1037 1009
692 3 2 1 1 1009 1037 1038 1010
693 3 2 1 1 1010 1038 1039 1011
694 3 2 1 1 1011 1039 1040 1012
695 3 2 1 1 1012 1040 1041 1013
696 3 2 1 1 1013 1041 1042 1014
697 3 2 1 1 1014 1042 1043 1015
698 3 2 1 1 1015 1043 1044 1016
699 3 2 1 1 1016 1044 1045 1017
700 3 2 1 1 1017 1045 1046 1018
701 3 2 1 1 1018 1046 1047 1019
702 3 2 1 1 1019 1047 1048 1020
703 3 2 1 1 1020 1048 1049 1021
704 3 2 1 1 1021 1049 1050 1022
705 3 2 1 1 1022 1050 1051 1023
706 3 2 1 1 1023 1051 1052 1024
707 3 2 1 1 1024 1052 1053 1025
708 3 2 1 1 1025 1053 1054 1026
709 3 2 1 1 1026 1054 1055 1027
710 3 2 1 1 1027 1055 1056 1028
711 3 2 1 1 1028 1056 61 62
712 3 2 1 1 32 2 33 1029
713 3 2 1 1 1029 33 34 1030
714 3 2 1 1 1030 34 35 1031
715 3 2 1 1 1031 35 36 1032
716 3 2 1 1 1032 36 37 1033
717 3 2 1 1 1033 37 38 1034
718 3 2 1 1 1034 38 39 1035
719 3 2 1 1 1035 39 40 1036
720 3 2 1 1 1036 40 41 1037
721 3 2 1 1 1037 41 42 1038
722 3 2 1 1 1038 42 43 1039
723 3 2 1 1 1039 43 44 1040
724 3 2 1 1 1040 44 45 1041
725 3 2 1 1 1041 45 46 1042
726 3 2 1 1 1042 46 47 1043
727 3 2 1 1 1043 47 48 1044
728 3 2 1 1 1044 48 49 1045
729 3 2 1 1 1045 49 50 1046
730 3 2 1 1 1046 50 51 1047
731 3 2 1 1 1047 51 52 1048
732 3 2 1 1 1048 52 53 1049
733 3 2 1 1 1049 53 54 1050
734 3 2 1 1 1050 54 55 1051
735 3 2 1 1 1051 55 56 1052
736 3 2 1 1 1052 56 57 1053
737 3 2 1 1 1053 57 58 1054
738 3 2 1 1 1054 58 59 1055
739 3 2 1 1 1055 59 60 1056
740 3 2 1 1 1056 60 13 61
741 3 2 1 2 2 105 1057 33
742 3 2 1 2 33 1057 1058 34
743 3 2 1 2 34 1058 1059 35
744 3 2 1 2 35 1059 1060 36
745 3 2 1 2 36 1060 1061 37
746 3 2 1 2 37 1061 1062 38
747 3 2 1 2 38 1062 1063 39
748 3 2 1 2 39 1063 1064 40
749 3 2 1 2 40 1064 1065 41
750 3 2 1 2 41 1065 1066 42
751 3 2 1 2 42 1066 1067 43
752 3 2 1 2 43 1067 1068 44
753 3 2 1 2 44 1068 1069 45
754 3 2 1 2 45 1069 1070 46
755 3 2 1 2 46 1070 1071 47
756 3 2 1 2 47 1071 1072 48
757 3 2 1 2 48 1072 1073 49
758 3 2 1 2 49 1073 1074 50
759 3 2 1 2 50 1074 1075 51
760 3 2 1 2 51 1075 1076 52
761 3 2 1 2 52 1076 1077 53
762 3 2 1 2 53 1077 1078 54
763 3 2 1 2 54 1078 1079 55
764 3 2 1 2 55 1079 1080 56
765 3 2 1 2 56 1080 1081 57
766 3 2 1 2 57 1081 1082 58
767 3 2 1 2 58 1082 1083 59
768 3 2 1 2 59 1083 1084 60
769 3 2 1 2 60 1084 248 13
770 3 2 1 2 105 106 1085 1057
771 3 2 1 2 1057 1085 1086 1058
772 3 2 1 2 1058 1086 1087 1059
773 3 2 1 2 1059 1087 1088 1060
774 3 2 1 2 1060 1088 1089 1061
775 3 2 1 2 1061 1089 1090 1062
776 3 2 1 2 1062 1090 1091 1063
777 3 2 1 2 1063 1091 1092 1064
778 3 2 1 2 1064 1092 1093 1065
779 3 2 1 2 1065 1093 1094 1066
780 3 2 1 2 1066 1094 1095 1067
781 3 2 1 2 1067 1095 1096 1068
782 3 2 1 2 1068 1096 1097 1069
783 3 2 1 2 1069 1097 1098 1070
784 3 2 1 2 1070 1098 1099 1071
785 3 2 1 2 1071 1099 1100 1072
786 3 2 1 2 1072 1100 1101 1073
787 3 2 1 2 1073 1101 1102 1074
788 3 2 1 2 1074 1102 1103 1075
789 3 2 1 2 1075 1103 1104 1076
790 3 2 1 2 1076 1104 1105 1077
791 3 2 1 2 1077 1105 1106 1078
792 3 2 1 2 1078 1106 1107 1079
793 3 2 1 2 1079 1107 1108 1080
794 3 2 1 2 1080 1108 1109 1081
795 3 2 1 2 1081 1109 1110 1082
796 3 2 1 2 1082 1110 1111 1083
797 3 2 1 2 1083 1111 1112 1084
798 3 2 1 2 1084 1112 247 248
799 3 2 1 2 106 107 1113 1085
800 3 2 1 2 1085 1113 1114 1086
801 3 2 1 2 1086 1114 1115 1087
802 3 2 1 2 1087 1115 1116 1088
803 3 2 1 2 1088 1116 1117 1089
804 3 2 1 2 1089 1117 1118 1090
805 3 2 1 2 1090 1118 1119 1091
806 3 2 1 2 1091 1119 1120 1092
807 3 2 1 2 1092 1120 1121 1093
808 3 2 1 2 1093 1121 1122 1094
809 3 2 1 2 1094 1122 1123 1095
810 3 2 1 2 1095 1123 1124 1096
811 3 2 1 2 1096 1124 1125 1097
812 3 2 1 2 1097 1125 1126 1098
813 3 2 1 2 1098 1126 1127 1099
814 3 2 1 2 1099 1127 1128 1100
815 3 2 1 2 1100 1128 1129 1101
816 3 2 1 2 1101 1129 1130 1102
817 3 2 1 2 1102 1130 1131 1103
818 3 2 1 2 1103 1131 1132 1104
819 3 2 1 2 1104 1132 1133 1105
820 3 2 1 2 1105 1133 1134 1106
821 3 2 1 2 1106 1134 1135 1107
822 3 2 1 2 1107 1135 1136 1108
823 3 2 1 2 1108 1136 1137 1109
824 3 2 1 2 1109 1137 1138 1110
825 3 2 1 2 1110 1138 1139 1111
826 3 2 1 2 1111 1139 1140 1112
827 3 2 1 2 1112 1140 246 247
828 3 2 1 2 107 108 1141 1113
829 3 2 1 2 1113 1141 1142 1114
830 3 2 1 2 1114 1142 1143 1115
831 3 2 1 2 1115 1143 1144 1116
832 3 2 1 2 1116 1144 1145 1117
833 3 2 1 2 1117 1145 1146 1118
834 3 2 1 2 1118 1146 1147 1119
835 3 2 1 2 1119 1147 1148 1120
836 3 2 1 2 1120 1148 1149 1121
837 3 2 1 2 1121 1149 1150 1122
838 3 2 1 2 1122 1150 1151 1123
839 3 2 1 2 1123 1151 1152 1124
840 3 2 1 2 1124 1152 1153 1125
841 3 2 1 2 1125 1153 1154 1126
842 3 2 1 2 1126 1154 1155 1127
843 3 2 1 2 1127 1155 1156 1128
844 3 2 1 2 1128 1156 1157 1129
845 3 2 1 2 1129 1157 1158 1130
846 3 2 1 2 1130 1158 1159 1131
847 3 2 1 2 1131 1159 1160 1132
848 3 2 1 2 1132 1160 1161 1133
849 3 2 1 2 1133 1161 1162 1134
850 3 2 1 2 1134 1162 1163 1135
851 3 2 1 2 1135 1163 1164 1136
852 3 2 1 2 1136 1164 1165 1137
853 3 2 1 2 1137 1165 1166 1138
854 3 2 1 2 1138 1166 1167 1139
855 3 2 1 2 1139 1167 1168 1140
856 3 2 1 2 1140 1168 245 246
857 3 2 1 2 108 109 1169 1141
858 3 2 1 2 1141 1169 1170 1142
859 3 2 1 2 1142 1170 1171 1143
860 3 2 1 2 1143 1171 1172 1144
861 3 2 1 2 1144 1172 1173 1145
862 3 2 1 2 1145 1173 1174 1146
863 3 2 1 2 1146 1174 1175 1147
864 3 2 1 2 1147 1175 1176 1148
865 3 2 1 2 1148 1176 1177 1149
866 3 2 1 2 1149 1177 1178 1150
867 3 2 1 2 1150 1178 1179 1151
868 3 2 1 2 1151 1179 1180 1152
869 3 2 1 2 1152 1180 1181 1153
870 3 2 1 2 1153 1181 1182 1154
871 3 2 1 2 1154 1182 1183 1155
872 3 2 1 2 1155 1183 1184 1156
873 3 2 1 2 1156 1184 1185 1157
874 3 2 1 2 1157 1185 1186 1158
875 3 2 1 2 1158 1186 1187 1159
876 3 2 1 2 1159 1187 1188 1160
877 3 2 1 2 1160 1188 1189 1161
878 3 2 1 2 1161 1189 1190 1162
879 3 2 1 2 1162 1190 1191 1163
880 3 2 1 2 1163 1191 1192 1164
881 3 2 1 2 1164 1192 1193 1165
882 3 2 1 2 1165 1193 1194 1166
883 3 2 1 2 1166 1194 1195 1167
884 3 2 1 2 1167 1195 1196 1168
885 3 2 1 2 1168 1196 244 245
886 3 2 1 2 109 110 1197 1169
887 3 2 1 2 1169 1197 1198 1170
888 3 2 1 2 1170 1198 1199 1171
889 3 2 1 2 1171 1199 1200 1172
890 3 2 1 2 1172 1200 1201 1173
891 3 2 1 2 1173 1201 1202 1174
892 3 2 1 2 1174 1202 1203 1175
893 3 2 1 2 1175 1203 1204 1176
894 3 2 1 2 1176 1204 1205 1177
895 3 2 1 2 1177 1205 1206 1178
896 3 2 1 2 1178 1206 1207 1179
897 3 2 1 2 1179 1207 1208 1180
898 3 2 1 2 1180 1208 1209 1181
899 3 2 1 2 1181 1209 1210 1182
900 3 2 1 2 1182 1210 1211 1183
901 3 2 1 2 1183 1211 1212 1184
902 3 2 1 2 1184 1212 1213 1185
903 3 2 1 2 1185 1213 1214 1186
904 3 2 1 2 1186 1214 1215 1187
905 3 2 1 2 1187 1215 1216 1188
906 3 2 1 2 1188 1216 1217 1189
907 3 2 1 2 1189 1217 1218 1190
908 3 2 1 2 1190 1218 1219 1191
909 3 2 1 2 1191 1219 1220 1192
910 3 2 1 2 1192 1220 1221 1193
911 3 2 1 2 1193 1221 1222 1194
912 3 2 1 2 1194 1222 1223 1195
913 3 2 1 2 1195 1223 1224 1196
914 3 2 1 2 1196 1224 243 244
915 3 2 1 2 110 111 1225 1197
916 3 2 1 2 1197 1225 1226 1198
917 3 2 1 2 1198 1226 1227 1199
918 3 2 1 2 1199 1227 1228 1200
919 3 2 1 2 1200 1228 1229 1201
920 3 2 1 2 1201 1229 1230 1202
921 3 2 1 2 1202 1230 1231 1203
922 3 2 1 2 1203 1231 1232 1204
923 3 2 1 2 1204 1232 1233 1205
924 3 2 1 2 1205 1233 1234 1206
925 3 2 1 2 1206 1234 1235 1207
926 3 2 1 2 1207 1235 1236 1208
927 3 2 1 2 1208 1236 1237 1209
928 3 2 1 2 1209 1237 1238 1210
929 3 2 1 2 1210 1238 1239 1211
930 3 2 1 2 1211 1239 1240 1212
931 3 2 1 2 1212 1240 1241 1213
932 3 2 1 2 1213 1241 1242 1214
933 3 2 1 2 1214 1242 1243 1215
934 3 2 1 2 1215 1243 1244 1216
935 3 2 1 2 1216 1244 1245 1217
936 3 2 1 2 1217 1245 1246 1218
937 3 2 1 2 1218 1246 1247 1219
938 3 2 1 2 1219 1247 1248 1220
939 3 2 1 2 1220 1248 1249 1221
940 3 2 1 2 1221 1249 1250 1222
941 3 2 1 2 1222 1250 1251 1223
942 3 2 1 2 1223 1251 1252 1224
943 3 2 1 2 1224 1252 242 243
944 3 2 1 2 111 112 1253 1225
945 3 2 1 2 1225 1253 1254 1226
946 3 2 1 2 1226 1254 1255 1227
947 3 2 1 2 1227 1255 1256 1228
948 3 2 1 2 1228 1256 1257 1229
949 3 2 1 2 1229 1257 1258 1230
950 3 2 1 2 1230 1258 1259 1231
951 3 2 1 2 1231 1259 1260 1232
952 3 2 1 2 1232 1260 1261 1233
953 3 2 1 2 1233 1261 1262 1234
954 3 2 1 2 1234 1262 1263 1235
955 3 2 1 2 1235 1263 1264 1236
956 3 2 1 2 1236 1264 1265 1237
957 3 2 1 2 1237 1265 1266 1238
958 3 2 1 2 1238 1266 1267 1239
959 3 2 1 2 1239 1267 1268 1240
960 3 2 1 2 1240 1268 1269 1241
961 3 2 1 2 1241 1269 1270 1242
962 3 2 1 2 1242 1270 1271 1243
963 3 2 1 2 1243 1271 1272 1244
964 3 2 1 2 1244 1272 1273 1245
965 3 2 1 2 1245 1273 1274 1246
966 3 2 1 2 1246 1274 1275 1247
967 3 2 1 2 1247 1275 1276 1248
968 3 2 1 2 1248 1276 1277 1249
969 3 2 1 2 1249 1277 1278 1250
970 3 2 1 2 1250 1278 1279 1251
971 3 2 1 2 1251 1279 1280 1252
972 3 2 1 2 1252 1280 241 242
973 3 2 1 2 112 113 1281 1253
974 3 2 1 2 1253 1281 1282 1254
975 3 2 1 2 1254 1282 1283 1255
976 3 2 1 2 1255 1283 1284 1256
977 3 2 1 2 1256 1284 1285 1257
978 3 2 1 2 1257 1285 1286 1258
979 3 2 1 2 1258 1286 1287 1259
980 3 2 1 2 1259 1287 1288 1260
981 3 2 1 2 1260 1288 1289 1261
982 3 2 1 2 1261 1289 1290 1262
983 3 2 1 2 1262 1290 1291 1263
984 3 2 1 2 1263 1291 1292 1264
985 3 2 1 2 1264 1292 1293 1265
986 3 2 1 2 1265 1293 1294 1266
987 3 2 1 2 1266 1294 1295 1267
988 3 2 1 2 1267 1295 1296 1268
989 3 2 1 2 1268 1296 1297 1269
990 3 2 1 2 1269 1297 1298 1270
991 3 2 1 2 1270 1298 1299 1271
992 3 2 1 2 1271 1299 1300 1272
993 3 2 1 2 1272 1300 1301 1273
994 3 2 1 2 1273 1301 1302 1274
995 3 2 1 2 1274 1302 1303 1275
996 3 2 1 2 1275 1303 1304 1276
997 3 2 1 2 1276 1304 1305 1277
998 3 2 1 2 1277 1305 1306 1278
999 3 2 1 2 1278 1306 1307 1279
1000 3 2 1 2 1279 1307 1308 1280
1001 3 2 1 2 1280 1308 240 241
1002 3 2 1 2 113 114 1309 1281
1003 3 2 1 2 1281 1309 1310 1282
1004 3 2 1 2 1282 1310 1311 1283
1005 3 2 1 2 1283 1311 1312 1284
1006 3 2 1 2 1284 1312 1313 1285
1007 3 2 1 2 1285 1313 1314 1286
1008 3 2 1 2 1286 1314 1315 1287
1009 3 2 1 2 1287 1315 1316 1288
1010 3 2 1 2 1288 1316 1317 1289
1011 3 2 1 2 1289 1317 1318 1290
1012 3 2 1 2 1290 1318 1319 1291
1013 3 2 1 2 1291 1319 1320 1292
1014 3 2 1 2 1292 1320 1321 1293
1015 3 2 1 2 1293 1321 1322 1294
1016 3 2 1 2 1294 1322 1323 1295
1017 3 2 1 2 1295 1323 1324 1296
1018 3 2 1 2 1296 1324 1325 1297
1019 3 2 1 2 1297 1325 1326 1298
1020 3 2 1 2 1298 1326 1327 1299
1021 3 2 1 2 1299 1327 1328 1300
1022 3 2 1 2 1300 1328 1329 1301
1023 3 2 1 2 1301 1329 1330 1302
1024 3 2 1 2 1302 1330 1331 1303
1025 3 2 1 2 1303 1331 1332 1304
1026 3 2 1 2 1304 1332 1333 1305
1027 3 2 1 2 1305 1333 1334 1306
1028 3 2 1 2 1306 1334 1335 1307
1029 3 2 1 2 1307 1335 1336 1308
1030 3 2 1 2 1308 1336 239 240
1031 3 2 1 2 114 115 1337 1309
1032 3 2 1 2 1309 1337 1338 1310
1033 3 2 1 2 1310 1338 1339 1311
1034 3 2 1 2 1311 1339 1340 1312
1035 3 2 1 2 1312 1340 1341 1313
1036 3 2 1 2 1313 1341 1342 1314
1037 3 2 1 2 1314 1342 1343 1315
1038 3 2 1 2 1315 1343 1344 1316
1039 3 2 1 2 1316 1344 1345 1317
1040 3 2 1 2 1317 1345 1346 1318
1041 3 2 1 2 1318 1346 1347 1319
1042 3 2 1 2 1319 1347 1348 1320
1043 3 2 1 2 1320 1348 1349 1321
1044 3 2 1 2 1321 1349 1350 1322
1045 3 2 1 2 1322 1350 1351 1323
1046 3 2 1 2 1323 1351 1352 1324
1047 3 2 1 2 1324 1352 1353 1325
1048 3 2 1 2 1325 1353 1354 1326
1049 3 2 1 2 1326 1354 1355 1327
1050 3 2 1 2 1327 1355 1356 1328
1051 3 2 1 2 1328 1356 1357 1329
1052 3 2 1 2 1329 1357 1358 1330
1053 3 2 1 2 1330 1358 1359 1331
1054 3 2 1 2 1331 1359 1360 1332
1055 3 2 1 2 1332 1360 1361 1333
1056 3 2 1 2 1333 1361 1362 1334
1057 3 2 1 2 1334 1362 1363 1335
1058 3 2 1 2 1335 1363 1364 1336
1059 3 2 1 2 1336 1364 238 239
1060 3 2 1 2 115 116 1365 1337
1061 3 2 1 2 1337 1365 1366 1338
1062 3 2 1 2 1338 1366 1367 1339
1063 3 2 1 2 1339 1367 1368 1340
1064 3 2 1 2 1340 1368 1369 1341
1065 3 2 1 2 1341 1369 1370 1342
1066 3 2 1 2 1342 1370 1371 1343
1067 3 2 1 2 1343 1371 1372 1344
1068 3 2 1 2 1344 1372 1373 1345
1069 3 2 1 2 1345 1373 1374 1346
1070 3 2 1 2 1346 1374 1375 1347
1071 3 2 1 2 1347 1375 1376 1348
1072 3 2 1 2 1348 1376 1377 1349
1073 3 2 1 2 1349 1377 1378 1350
1074 3 2 1 2 1350 1378 1379 1351
1075 3 2 1 2 1351 1379 1380 1352
1076 3 2 1 2 1352 1380 1381 1353
1077 3 2 1 2 1353 1381 1382 1354
1078 3 2 1 2 1354 1382 1383 1355
1079 3 2 1 2 1355 1383 1384 1356
1080 3 2 1 2 1356 1384 1385 1357
1081 3 2 1 2 1357 1385 1386 1358
1082 3 2 1 2 1358 1386 1387 1359
1083 3 2 1 2 1359 1387 1388 1360
1084 3 2 1 2 1360 1388 1389 1361
1085 3 2 1 2 1361 1389 1390 1362
1086 3 2 1 2 1362 1390 1391 1363
1087 3 2 1 2 1363 1391 1392 1364
1088 3 2 1 2 1364 1392 237 238
1089 3 2 1 2 116 117 1393 1365
1090 3 2 1 2 1365 1393 1394 1366
1091 3 2 1 2 1366 1394 1395 1367
1092 3 2 1 2 1367 1395 1396 1368
1093 3 2 1 2 1368 1396 1397 1369
1094 3 2 1 2 1369 1397 1398 1370
1095 3 2 1 2 1370 1398 1399 1371
1096 3 2 1 2 1371 1399 1400 1372
1097 3 2 1 2 1372 1400 1401 1373
1098 3 2 1 2 1373 1401 1402 1374
1099 3 2 1 2 1374 1402 1403 1375
1100 3 2 1 2 1375 1403 1404 1376
1101 3 2 1 2 1376 1404 1405 1377
1102 3 2 1 2 1377 1405 1406 1378
1103 3 2 1 2 1378 1406 1407 1379
1104 3 2 1 2 1379 1407 1408 1380
1105 3 2 1 2 1380 1408 1409 1381
1106 3 2 1 2 1381 1409 1410 1382
1107 3 2 1 2 1382 1410 1411 1383
1108 3 2 1 2 1383 1411 1412 1384
1109 3 2 1 2 1384 1412 1413 1385
1110 3 2 1 2 1385 1413 1414 1386
1111 3 2 1 2 1386 1414 1415 1387
1112 3 2 1 2 1387 1415 1416 1388
1113 3 2 1 2 1388 1416 1417 1389
1114 3 2 1 2 1389 1417 1418 1390
1115 3 2 1 2 1390 1418 1419 1391
1116 3 2 1 2 1391 1419 1420 1392
1117 3 2 1 2 1392 1420 236 237
1118 3 2 1 2 117 118 1421 1393
1119 3 2 1 2 1393 1421 1422 1394
1120 3 2 1 2 1394 1422 1423 1395
1121 3 2 1 2 1395 1423 1424 1396
1122 3 2 1 2 1396 1424 1425 1397
1123 3 2 1 2 1397 1425 1426 1398
1124 3 2 1 2 1398 1426 1427 1399
1125 3 2 1 2 1399 1427 1428 1400
1126 3 2 1 2 1400 1428 1429 1401
1127 3 2 1 2 1401 1429 1430 1402
1128 3 2 1 2 1402 1430 1431 1403
1129 3 2 1 2 1403 1431 1432 1404
1130 3 2 1 2 1404 1432 1433 1405
1131 3 2 1 2 1405 1433 1434 1406
1132 3 2 1 2 1406 1434 1435 1407
1133 3 2 1 2 1407 1435 1436 1408
1134 3 2 1 2 1408 1436 1437 1409
1135 3 2 1 2 1409 1437 1438 1410
1136 3 2 1 2 1410 1438 1439 1411
1137 3 2 1 2 1411 1439 1440 1412
1138 3 2 1 2 1412 1440 1441 1413
1139 3 2 1 2 1413 1441 1442 1414
1140 3 2 1 2 1414 1442 1443 1415
1141 3 2 1 2 1415 1443 1444 1416
1142 3 2 1 2 1416 1444 1445 1417
1143 3 2 1 2 1417 1445 1446 1418
1144 3 2 1 2 1418 1446 1447 1419
1145 3 2 1 2 1419 1447 1448 1420
1146 3 2 1 2 1420 1448 235 236
1147 3 2 1 2 118 119 1449 1421
1148 3 2 1 2 1421 1449 1450 1422
1149 3 2 1 2 1422 1450 1451 1423
1150 3 2 1 2 1423 1451 1452 1424
1151 3 2 1 2 1424 1452 1453 1425
1152 3 2 1 2 1425 1453 1454 1426
1153 3 2 1 2 1426 1454 1455 1427
1154 3 2 1 2 1427 1455 1456 1428
1155 3 2 1 2 1428 1456 1457 1429
1156 3 2 1 2 1429 1457 1458 1430
1157 3 2 1 2 1430 1458 1459 1431
1158 3 2 1 2 1431 1459 1460 1432
1159 3 2 1 2 1432 1460 1461 1433
1160 3 2 1 2 1433 1461 1462 1434
1161 3 2 1 2 1434 1462 1463 1435
1162 3 2 1 2 1435 1463 1464 1436
1163 3 2 1 2 1436 1464 1465 1437
1164 3 2 1 2 1437 1465 1466 1438
1165 3 2 1 2 1438 1466 1467 1439
1166 3 2 1 2 1439 1467 1468 1440
1167 3 2 1 2 1440 1468 1469 1441
1168 3 2 1 2 1441 1469 1470 1442
1169 3 2 1 2 1442 1470 1471 1443
1170 3 2 1 2 1443 1471 1472 1444
1171 3 2 1 2 1444 1472 1473 1445
1172 3 2 1 2 1445 1473 1474 1446
1173 3 2 1 2 1446 1474 1475 1447
1174 3 2 1 2 1447 1475 1476 1448
1175 3 2 1 2 1448 1476 234 235
1176 3 2 1 2 119 120 1477 1449
1177 3 2 1 2 1449 1477 1478 1450
1178 3 2 1 2 1450 1478 1479 1451
1179 3 2 1 2 1451 1479 1480 1452
1180 3 2 1 2 1452 1480 1481 1453
1181 3 2 1 2 1453 1481 1482 1454
1182 3 2 1 2 1454 1482 1483 1455
1183 3 2 1 2 1455 1483 1484 1456
1184 3 2 1 2 1456 1484 1485 1457
1185 3 2 1 2 1457 1485 1486 1458
1186 3 2 1 2 1458 1486 1487 1459
1187 3 2 1 2 1459 1487 1488 1460
1188 3 2 1 2 1460 1488 1489 1461
1189 3 2 1 2 1461 1489 1490 1462
1190 3 2 1 2 1462 1490 1491 1463
1191 3 2 1 2 1463 1491 1492 1464
1192 3 2 1 2 1464 1492 1493 1465
1193 3 2 1 2 1465 1493 1494 1466
1194 3 2 1 2 1466 1494 1495 1467
1195 3 2 1 2 1467 1495 1496 1468
1196 3 2 1 2 1468 1496 1497 1469
1197 3 2 1 2 1469 1497 1498 1470
1198 3 2 1 2 1470 1498 1499 1471
1199 3 2 1 2 1471 1499 1500 1472
1200 3 2 1 2 1472 1500 1501 1473
1201 3 2 1 2 1473 1501 1502 1474
1202 3 2 1 2 1474 1502 1503 1475
1203 3 2 1 2 1475 1503 1504 1476
1204 3 2 1 2 1476 1504 233 234
1205 3 2 1 2 120 121 1505 1477
1206 3 2 1 2 1477 1505 1506 1478
1207 3 2 1 2 1478 1506 1507 1479
1208 3 2 1 2 1479 1507 1508 1480
1209 3 2 1 2 1480 1508 1509 1481
1210 3 2 1 2 1481 1509 1510 1482
1211 3 2 1 2 1482 1510 1511 1483
1212 3 2 1 2 1483 1511 1512 1484
1213 3 2 1 2 1484 1512 1513 1485
1214 3 2 1 2 1485 1513 1514 1486
1215 3 2 1 2 1486 1514 1515 1487
1216 3 2 1 2 1487 1515 1516 1488
1217 3 2 1 2 1488 1516 1517 1489
1218 3 2 1 2 1489 1517 1518 1490
1219 3 2 1 2 1490 1518 1519 1491
1220 3 2 1 2 1491 1519 1520 1492
1221 3 2 1 2 1492 1520 1521 1493
1222 3 2 1 2 1493 1521 1522 1494
1223 3 2 1 2 1494 1522 1523 1495
1224 3 2 1 2 1495 1523 1524 1496
1225 3 2 1 2 1496 1524 1525 1497
1226 3 2 1 2 1497 1525 1526 1498
1227 3 2 1 2 1498 1526 1527 1499
1228 3 2 1 2 1499 1527 1528 1500
1229 3 2 1 2 1500 1528 1529 1501
1230 3 2 1 2 1501 1529 1530 1502
1231 3 2 1 2 1502 1530 1531 1503
1232 3 2 1 2 1503 1531 1532 1504
1233 3 2 1 2 1504 1532 232 233
1234 3 2 1 2 121 122 1533 1505
1235 3 2 1 2 1505 1533 1534 1506
1236 3 2 1 2 1506 1534 1535 1507
1237 3 2 1 2 1507 1535 1536 1508
1238 3 2 1 2 1508 1536 1537 1509
1239 3 2 1 2 1509 1537 1538 1510
1240 3 2 1 2 1510 1538 1539 1511
1241 3 2 1 2 1511 1539 1540 1512
1242 3 2 1 2 1512 1540 1541 1513
1243 3 2 1 2 1513 1541 1542 1514
1244 3 2 1 2 1514 1542 1543 1515
1245 3 2 1 2 1515 1543 1544 1516
1246 3 2 1 2 1516 1544 1545 1517
1247 3 2 1 2 1517 1545 1546 1518
1248 3 2 1 2 1518 1546 1547 1519
1249 3 2 1 2 1519 1547 1548 1520
1250 3 2 1 2 1520 1548 1549 1521
1251 3 2 1 2 1521 1549 1550 1522
1252 3 2 1 2 1522 1550 1551 1523
1253 3 2 1 2 1523 1551 1552 1524
1254 3 2 1 2 1524 1552 1553 1525
1255 3 2 1 2 1525 1553 1554 1526
1256 3 2 1 2 1526 1554 1555 1527
1257 3 2 1 2 1527 1555 1556 1528
1258 3 2 1 2 1528 1556 1557 1529
1259 3 2 1 2 1529 1557 1558 1530
1260 3 2 1 2 1530 1558 1559 1531
1261 3 2 1 2 1531 1559 1560 1532
1262 3 2 1 2 1532 1560 231 232
1263 3 2 1 2 122 123 1561 1533
1264 3 2 1 2 1533 1561 1562 1534
1265 3 2 1 2 1534 1562 1563 1535
1266 3 2 1 2 1535 1563 1564 1536
1267 3 2 1 2 1536 1564 1565 1537
1268 3 2 1 2 1537 1565 1566 1538
1269 3 2 1 2 1538 1566 1567 1539
1270 3 2 1 2 1539 1567 1568 1540
1271 3 2 1 2 1540 1568 1569 1541
1272 3 2 1 2 1541 1569 1570 1542
1273 3 2 1 2 1542 1570 1571 1543
1274 3 2 1 2 1543 1571 1572 1544
1275 3 2 1 2 1544 1572 1573 1545
1276 3 2 1 2 1545 1573 1574 1546
1277 3 2 1 2 1546 1574 1575 1547
1278 3 2 1 2 1547 1575 1576 1548
1279 3 2 1 2 1548 1576 1577 1549
1280 3 2 1 2 1549 1577 1578 1550
1281 3 2 1 2 1550 1578 1579 1551
1282 3 2 1 2 1551 1579 1580 1552
1283 3 2 1 2 1552 1580 1581 1553
1284 3 2 1 2 1553 1581 1582 1554
1285 3 2 1 2 1554 1582 1583 1555
1286 3 2 1 2 1555 1583 1584 1556
1287 3 2 1 2 1556 1584 1585 1557
1288 3 2 1 2 1557 1585 1586 1558
1289 3 2 1 2 1558 1586 1587 1559
1290 3 2 1 2 1559 1587 1588 1560
1291 3 2 1 2 1560 1588 230 231
1292 3 2 1 2 123 124 1589 1561
1293 3 2 1 2 1561 1589 1590 1562
1294 3 2 1 2 1562 1590 1591 1563
1295 3 2 1 2 1563 1591 1592 1564
1296 3 2 1 2 1564 1592 1593 1565
1297 3 2 1 2 1565 1593 1594 1566
1298 3 2 1 2 1566 1594 1595 1567
1299 3 2 1 2 1567 1595 1596 1568
1300 3 2 1 2 1568 1596 1597 1569
1301 3 2 1 2 1569 1597 1598 1570
1302 3 2 1 2 1570 1598 1599 1571
1303 3 2 1 2 1571 1599 1600 1572
1304 3 2 1 2 1572 1600 1601 1573
1305 3 2 1 2 1573 1601 1602 1574
1306 3 2 1 2 1574 1602 1603 1575
1307 3 2 1 2 1575 1603 1604 1576
1308 3 2 1 2 1576 1604 1605 1577
1309 3 2 1 2 1577 1605 1606 1578
1310 3 2 1 2 1578 1606 1607 1579
1311 3 2 1 2 1579 1607 1608 1580
1312 3 2 1 2 1580 1608 1609 1581
1313 3 2 1 2 1581 1609 1610 1582
1314 3 2 1 2 1582 1610 1611 1583
1315 3 2 1 2 1583 1611 1612 1584
1316 3 2 1 2 1584 1612 1613 1585
1317 3 2 1 2 1585 1613 1614 1586
1318 3 2 1 2 1586 1614 1615 1587
1319 3 2 1 2 1587 1615 1616 1588
1320 3 2 1 2 1588 1616 229 230
1321 3 2 1 2 124 125 1617 1589
1322 3 2 1 2 1589 1617 1618 1590
1323 3 2 1 2 1590 1618 1619 1591
1324 3 2 1 2 1591 1619 1620 1592
1325 3 2 1 2 1592 1620 1621 1593
1326 3 2 1 2 1593 1621 1622 1594
1327 3 2 1 2 1594 1622 1623 1595
1328 3 2 1 2 1595 1623 1624 1596
1329 3 2 1 2 1596 1624 1625 1597
1330 3 2 1 2 1597 1625 1626 1598
1331 3 2 1 2 1598 1626 1627 1599
1332 3 2 1 2 1599 1627 1628 1600
1333 3 2 1 2 1600 1628 1629 1601
1334 3 2 1 2 1601 1629 1630 1602
1335 3 2 1 2 1602 1630 1631 1603
1336 3 2 1 2 1603 1631 1632 1604
1337 3 2 1 2 1604 1632 1633 1605
1338 3 2 1 2 1605 1633 1634 1606
1339 3 2 1 2 1606 1634 1635 1607
1340 3 2 1 2 1607 1635 1636 1608
1341 3 2 1 2 1608 1636 1637 1609
1342 3 2 1 2 1609 1637 1638 1610
1343 3 2 1 2 1610 1638 1639 1611
1344 3 2 1 2 1611 1639 1640 1612
1345 3 2 1 2 1612 1640 1641 1613
1346 3 2 1 2 1613 1641 1642 1614
1347 3 2 1 2 1614 1642 1643 1615
1348 3 2 1 2 1615 1643 1644 1616
1349 3 2 1 2 1616 1644 228 229
1350 3 2 1 2 125 126 1645 1617
1351 3 2 1 2 1617 1645 1646 1618
1352 3 2 1 2 1618 1646 1647 1619
1353 3 2 1 2 1619 1647 1648 1620
1354 3 2 1 2 1620 1648 1649 1621
1355 3 2 1 2 1621 1649 1650 1622
1356 3 2 1 2 1622 1650 1651 1623
1357 3 2 1 2 1623 1651 1652 1624
1358 3 2 1 2 1624 1652 1653 1625
1359 3 2 1 2 1625 1653 1654 1626
1360 3 2 1 2 1626 1654 1655 1627
1361 3 2 1 2 1627 1655 1656 1628
1362 3 2 1 2 1628 1656 1657 1629
1363 3 2 1 2 1629 1657 1658 1630
1364 3 2 1 2 1630 1658 1659 1631
1365 3 2 1 2 1631 1659 1660 1632
1366 3 2 1 2 1632 1660 1661 1633
1367 3 2 1 2 1633 1661 1662 1634
1368 3 2 1 2 1634 1662 1663 1635
1369 3 2 1 2 1635 1663 1664 1636
1370 3 2 1 2 1636 1664 1665 1637
1371 3 2 1 2 1637 1665 1666 1638
1372 3 2 1 2 1638 1666 1667 1639
1373 3 2 1 2 1639 1667 1668 1640
1374 3 2 1 2 1640 1668 1669 1641
1375 3 2 1 2 1641 1669 1670 1642
1376 3 2 1 2 1642 1670 1671 1643
1377 3 2 1 2 1643 1671 1672 1644
1378 3 2 1 2 1644 1672 227 228
1379 3 2 1 2 126 127 1673 1645
1380 3 2 1 2 1645 1673 1674 1646
1381 3 2 1 2 1646 1674 1675 1647
1382 3 2 1 2 1647 1675 1676 1648
1383 3 2 1 2 1648 1676 1677 1649
1384 3 2 1 2 1649 1677 1678 1650
1385 3 2 1 2 1650 1678 1679 1651
1386 3 2 1 2 1651 1679 1680 1652
1387 3 2 1 2 1652 1680 1681 1653
1388 3 2 1 2 1653 1681 1682 1654
1389 3 2 1 2 1654 1682 1683 1655
1390 3 2 1 2 1655 1683 1684 1656
1391 3 2 1 2 1656 1684 1685 1657
1392 3 2 1 2 1657 1685 1686 1658
1393 3 2 1 2 1658 1686 1687 1659
1394 3 2 1 2 1659 1687 1688 1660
1395 3 2 1 2 1660 1688 1689 1661
1396 3 2 1 2 1661 1689 1690 1662
1397 3 2 1 2 1662 1690 1691 1663
1398 3 2 1 2 1663 1691 1692 1664
1399 3 2 1 2 1664 1692 1693 1665
1400 3 2 1 2 1665 1693 1694 1666
1401 3 2 1 2 1666 1694 1695 1667
1402 3 2 1 2 1667 1695 1696 1668
1403 3 2 1 2 1668 1696 1697 1669
1404 3 2 1 2 1669 1697 1698 1670
1405 3 2 1 2 1670 1698 1699 1671
1406 3 2 1 2 1671 1699 1700 1672
1407 3 2 1 2 1672 1700 226 227
1408 3 2 1 2 127 128 1701 1673
1409 3 2 1 2 1673 1701 1702 1674
1410 3 2 1 2 1674 1702 1703 1675
1411 3 2 1 2 1675 1703 1704 1676
1412 3 2 1 2 1676 1704 1705 1677
1413 3 2 1 2 1677 1705 1706 1678
1414 3 2 1 2 1678 1706 1707 1679
1415 3 2 1 2 1679 1707 1708 1680
1416 3 2 1 2 1680 1708 1709 1681
1417 3 2 1 2 1681 1709 1710 1682
1418 3 2 1 2 1682 1710 1711 1683
1419 3 2 1 2 1683 1711 1712 1684
1420 3 2 1 2 1684 1712 1713 1685
1421 3 2 1 2 1685 1713 1714 1686
1422 3 2 1 2 1686 1714 1715 1687
1423 3 2 1 2 1687 1715 1716 1688
1424 3 2 1 2 1688 1716 1717 1689
1425 3 2 1 2 1689 1717 1718 1690
1426 3 2 1 2 1690 1718 1719 1691
1427 3 2 1 2 1691 1719 1720 1692
1428 3 2 1 2 1692 1720 1721 1693
1429 3 2 1 2 1693 1721 1722 1694
1430 3 2 1 2 1694 1722 1723 1695
1431 3 2 1 2 1695 1723 1724 1696
1432 3 2 1 2 1696 1724 1725 1697
1433 3 2 1 2 1697 1725 1726 1698
1434 3 2 1 2 1698 1726 1727 1699
1435 3 2 1 2 1699 1727 1728 1700
1436 3 2 1 2 1700 1728 225 226
1437 3 2 1 2 128 129 1729 1701
1438 3 2 1 2 1701 1729 1730 1702
1439 3 2 1 2 1702 1730 1731 1703
1440 3 2 1 2 1703 1731 1732 1704
1441 3 2 1 2 1704 1732 1733 1705
1442 3 2 1 2 1705 1733 1734 1706
1443 3 2 1 2 1706 1734 1735 1707
1444 3 2 1 2 1707 1735 1736 1708
1445 3 2 1 2 1708 1736 1737 1709
1446 3 2 1 2 1709 1737 1738 1710
1447 3 2 1 2 1710 1738 1739 1711
1448 3 2 1 2 1711 1739 1740 1712
1449 3 2 1 2 1712 1740 1741 1713
1450 3 2 1 2 1713 1741 1742 1714
1451 3 2 1 2 1714 1742 1743 1715
1452 3 2 1 2 1715 1743 1744 1716
1453 3 2 1 2 1716 1744 1745 1717
1454 3 2 1 2 1717 1745 1746 1718
1455 3 2 1 2 1718 1746 1747 1719
1456 3 2 1 2 1719 1747 1748 1720
1457 3 2 1 2 1720 1748 1749 1721
1458 3 2 1 2 1721 1749 1750 1722
1459 3 2 1 2 1722 1750 1751 1723
1460 3 2 1 2 1723 1751 1752 1724
1461 3 2 1 2 1724 1752 1753 1725
1462 3 2 1 2 1725 1753 1754 1726
1463 3 2 1 2 1726 1754 1755 1727
1464 3 2 1 2 1727 1755 1756 1728
1465 3 2 1 2 1728 1756 224 225
1466 3 2 1 2 129 130 1757 1729
1467 3 2 1 2 1729 1757 1758 1730
1468 3 2 1 2 1730 1758 1759 1731
1469 3 2 1 2 1731 1759 1760 1732
1470 3 2 1 2 1732 1760 1761 1733
1471 3 2 1 2 1733 1761 1762 1734
1472 3 2 1 2 1734 1762 1763 1735
1473 3 2 1 2 1735 1763 1764 1736
1474 3 2 1 2 1736 1764 1765 1737
1475 3 2 1 2 1737 1765 1766 1738
1476 3 2 1 2 1738 1766 1767 1739
1477 3 2 1 2 1739 1767 1768 1740
1478 3 2 1 2 1740 1768 1769 1741
1479 3 2 1 2 1741 1769 1770 1742
1480 3 2 1 2 1742 1770 1771 1743
1481 3 2 1 2 1743 1771 1772 1744
1482 3 2 1 2 1744 1772 1773 1745
1483 3 2 1 2 1745 1773 1774 1746
1484 3 2 1 2 1746 1774 1775 1747
1485 3 2 1 2 1747 1775 1776 1748
1486 3 2 1 2 1748 1776 1777 1749
1487 3 2 1 2 1749 1777 1778 1750
1488 3 2 1 2 1750 1778 1779 1751
1489 3 2 1 2 1751 1779 1780 1752
1490 3 2 1 2 1752 1780 1781 1753
1491 3 2 1 2 1753 1781 1782 1754
1492 3 2 1 2 1754 1782 1783 1755
1493 3 2 1 2 1755 1783 1784 1756
1494 3 2 1 2 1756 1784 223 224
1495 3 2 1 2 130 131 1785 1757
1496 3 2 1 2 1757 1785 1786 1758
1497 3 2 1 2 1758 1786 1787 1759
1498 3 2 1 2 1759 1787 1788 1760
1499 3 2 1 2 1760 1788 1789 1761
1500 3 2 1 2 1761 1789 1790 1762
1501 3 2 1 2 1762 1790 1791 1763
1502 3 2 1 2 1763 1791 1792 1764
1503 3 2 1 2 1764 1792 1793 1765
1504 3 2 1 2 1765 1793 1794 1766
1505 3 2 1 2 1766 1794 1795 1767
1506 3 2 1 2 1767 1795 1796 1768
1507 3 2 1 2 1768 1796 1797 1769
1508 3 2 1 2 1769 1797 1798 1770
1509 3 2 1 2 1770 1798 1799 1771
1510 3 2 1 2 1771 1799 1800 1772
1511 3 2 1 2 1772 1800 1801 1773
1512 3 2 1 2 1773 1801 1802 1774
1513 3 2 1 2 1774 1802 1803 1775
1514 3 2 1 2 1775 1803 1804 1776
1515 3 2 1 2 1776 1804 1805 1777
1516 3 2 1 2 1777 1805 1806 1778
1517 3 2 1 2 1778 1806 1807 1779
1518 3 2 1 2 1779 1807 1808 1780
1519 3 2 1 2 1780 1808 1809 1781
1520 3 2 1 2 1781 1809 1810 1782
1521 3 2 1 2 1782 1810 1811 1783
1522 3 2 1 2 1783 1811 1812 1784
1523 3 2 1 2 1784 1812 222 223
1524 3 2 1 2 131 132 1813 1785
1525 3 2 1 2 1785 1813 1814 1786
1526 3 2 1 2 1786 1814 1815 1787
1527 3 2 1 2 1787 1815 1816 1788
1528 3 2 1 2 1788 1816 1817 1789
1529 3 2 1 2 1789 1817 1818 1790
1530 3 2 1 2 1790 1818 1819 1791
1531 3 2 1 2 1791 1819 1820 1792
1532 3 2 1 2 1792 1820 1821 1793
1533 3 2 1 2 1793 1821 1822 1794
1534 3 2 1 2 1794 1822 1823 1795
1535 3 2 1 2 1795 1823 1824 1796
1536 3 2 1 2 1796 1824 1825 1797
1537 3 2 1 2 1797 1825 1826 1798
1538 3 2 1 2 1798 1826 1827 1799
1539 3 2 1 2 1799 1827 1828 1800
1540 3 2 1 2 1800 1828 1829 1801
1541 3 2 1 2 1801 1829 1830 1802
1542 3 2 1 2 1802 1830 1831 1803
1543 3 2 1 2 1803 1831 1832 1804
1544 3 2 1 2 1804 1832 1833 1805
1545 3 2 1 2 1805 1833 1834 1806
1546 3 2 1 2 1806 1834 1835 1807
1547 3 2 1 2 1807 1835 1836 1808
1548 3 2 1 2 1808 1836 1837 1809
1549 3 2 1 2 1809 1837 1838 1810
1550 3 2 1 2 1810 1838 1839 1811
1551 3 2 1 2 1811 1839 1840 1812
1552 3 2 1 2 1812 1840 221 222
1553 3 2 1 2 132 133 1841 1813
1554 3 2 1 2 1813 1841 1842 1814
1555 3 2 1 2 1814 1842 1843 1815
1556 3 2 1 2 1815 1843 1844 1816
1557 3 2 1 2 1816 1844 1845 1817
1558 3 2 1 2 1817 1845 1846 1818
1559 3 2 1 2 1818 1846 1847 1819
1560 3 2 1 2 1819 1847 1848 1820
1561 3 2 1 2 1820 1848 1849 1821
1562 3 2 1 2 1821 1849 1850 1822
1563 3 2 1 2 1822 1850 1851 1823
1564 3 2 1 2 1823 1851 1852 1824
1565 3 2 1 2 1824 1852 1853 1825
1566 3 2 1 2 1825 1853 1854 1826
1567 3 2 1 2 1826 1854 1855 1827
1568 3 2 1 2 1827 1855 1856 1828
1569 3 2 1 2 1828 1856 1857 1829
1570 3 2 1 2 1829 1857 1858 1830
1571 3 2 1 2 1830 1858 1859 1831
1572 3 2 1 2 1831 1859 1860 1832
1573 3 2 1 2 1832 1860 1861 1833
1574 3 2 1 2 1833 1861 1862 1834
1575 3 2 1 2 1834 1862 1863 1835
1576 3 2 1 2 1835 1863 1864 1836
1577 3 2 1 2 1836 1864 1865 1837
1578 3 2 1 2 1837 1865 1866 1838
1579 3 2 1 2 1838 1866 1867 1839
1580 3 2 1 2 1839 1867 1868 1840
1581 3 2 1 2 1840 1868 220 221
1582 3 2 1 2 133 134 1869 1841
1583 3 2 1 2 1841 1869 1870 1842
1584 3 2 1 2 1842 1870 1871 1843
1585 3 2 1 2 1843 1871 1872 1844
1586 3 2 1 2 1844 1872 1873 1845
1587 3 2 1 2 1845 1873 1874 1846
1588 3 2 1 2 1846 1874 1875 1847
1589 3 2 1 2 1847 1875 1876 1848
1590 3 2 1 2 1848 1876 1877 1849
1591 3 2 1 2 1849 1877 1878 1850
1592 3 2 1 2 1850 1878 1879 1851
1593 3 2 1 2 1851 1879 1880 1852
1594 3 2 1 2 1852 1880 1881 1853
1595 3 2 1 2 1853 1881 1882 1854
1596 3 2 1 2 1854 1882 1883 1855
1597 3 2 1 2 1855 1883 1884 1856
1598 3 2 1 2 1856 1884 1885 1857
1599 3 2 1 2 1857 1885 1886 1858
1600 3 2 1 2 1858 1886 1887 1859
1601 3 2 1 2 1859 1887 1888 1860
1602 3 2 1 2 1860 1888 1889 1861
1603 3 2 1 2 1861 1889 1890 1862
1604 3 2 1 2 1862 1890 1891 1863
1605 3 2 1 2 1863 1891 1892 1864
1606 3 2 1 2 1864 1892 1893 1865
1607 3 2 1 2 1865 1893 1894 1866
1608 3 2 1 2 1866 1894 1895 1867
1609 3 2 1 2 1867 1895 1896 1868
1610 3 2 1 2 1868 1896 219 220
1611 3 2 1 2 134 135 1897 1869
1612 3 2 1 2 1869 1897 1898 1870
1613 3 2 1 2 1870 1898 1899 1871
1614 3 2 1 2 1871 1899 1900 1872
1615 3 2 1 2 1872 1900 1901 1873
1616 3 2 1 2 1873 1901 1902 1874
1617 3 2 1 2 1874 1902 1903 1875
1618 3 2 1 2 1875 1903 1904 1876
1619 3 2 1 2 1876 1904 1905 1877
1620 3 2 1 2 1877 1905 1906 1878
1621 3 2 1 2 1878 1906 1907 1879
1622 3 2 1 2 1879 1907 1908 1880
1623 3 2 1 2 1880 1908 1909 1881
1624 3 2 1 2 1881 1909 1910 1882
1625 3 2 1 2 1882 1910 1911 1883
1626 3 2 1 2 1883 1911 1912 1884
1627 3 2 1 2 1884 1912 1913 1885
1628 3 2 1 2 1885 1913 1914 1886
1629 3 2 1 2 1886 1914 1915 1887
1630 3 2 1 2 1887 1915 1916 1888
1631 3 2 1 2 1888 1916 1917 1889
1632 3 2 1 2 1889 1917 1918 1890
1633 3 2 1 2 1890 1918 1919 1891
1634 3 2 1 2 1891 1919 1920 1892
1635 3 2 1 2 1892 1920 1921 1893
1636 3 2 1 2 1893 1921 1922 1894
1637 3 2 1 2 1894 1922 1923 1895
1638 3 2 1 2 1895 1923 1924 1896
1639 3 2 1 2 1896 1924 218 219
1640 3 2 1 2 135 136 1925 1897
1641 3 2 1 2 1897 1925 1926 1898
1642 3 2 1 2 1898 1926 1927 1899
1643 3 2 1 2 1899 1927 1928 1900
1644 3 2 1 2 1900 1928 1929 1901
1645 3 2 1 2 1901 1929 1930 1902
1646 3 2 1 2 1902 1930 1931 1903
1647 3 2 1 2 1903 1931 1932 1904
1648 3 2 1 2 1904 1932 1933 1905
1649 3 2 1 2 1905 1933 1934 1906
1650 3 2 1 2 1906 1934 1935 1907
1651 3 2 1 2 1907 1935 1936 1908
1652 3 2 1 2 1908 1936 1937 1909
1653 3 2 1 2 1909 1937 1938 1910
1654 3 2 1 2 1910 1938 1939 1911
1655 3 2 1 2 1911 1939 1940 1912
1656 3 2 1 2 1912 1940 1941 1913
1657 3 2 1 2 1913 1941 1942 1914
1658 3 2 1 2 1914 1942 1943 1915
1659 3 2 1 2 1915 1943 1944 1916
1660 3 2 1 2 1916 1944 1945 1917
1661 3 2 1 2 1917 1945 1946 1918
1662 3 2 1 2 1918 1946 1947 1919
1663 3 2 1 2 1919 1947 1948 1920
1664 3 2 1 2 1920 1948 1949 1921
1665 3 2 1 2 1921 1949 1950 1922
1666 3 2 1 2 1922 1950 1951 1923
1667 3 2 1 2 1923 1951 1952 1924
1668 3 2 1 2 1924 1952 217 218
1669 3 2 1 2 136 137 1953 1925
1670 3 2 1 2 1925 1953 1954 1926
1671 3 2 1 2 1926 1954 1955 1927
1672 3 2 1 2 1927 1955 1956 1928
1673 3 2 1 2 1928 1956 1957 1929
1674 3 2 1 2 1929 1957 1958 1930
1675 3 2 1 2 1930 1958 1959 1931
1676 3 2 1 2 1931 1959 1960 1932
1677 3 2 1 2 1932 1960 1961 1933
1678 3 2 1 2 1933 1961 1962 1934
1679 3 2 1 2 1934 1962 1963 1935
1680 3 2 1 2 1935 1963 1964 1936
1681 3 2 1 2 1936 1964 1965 1937
1682 3 2 1 2 1937 1965 1966 1938
1683 3 2 1 2 1938 1966 1967 1939
1684 3 2 1 2 1939 1967 1968 1940
1685 3 2 1 2 1940 1968 1969 1941
1686 3 2 1 2 1941 1969 1970 1942
1687 3 2 1 2 1942 1970 1971 1943
1688 3 2 1 2 1943 1971 1972 1944
1689 3 2 1 2 1944 1972 1973 1945
1690 3 2 1 2 1945 1973 1974 1946
1691 3 2 1 2 1946 1974 1975 1947
1692 3 2 1 2 1947 1975 1976 1948
1693 3 2 1 2 1948 1976 1977 1949
1694 3 2 1 2 1949 1977 1978 1950
1695 3 2 1 2 1950 1978 1979 1951
1696 3 2 1 2 1951 1979 1980 1952
1697 3 2 1 2 1952 1980 216 217
1698 3 2 1 2 137 138 1981 1953
1699 3 2 1 2 1953 1981 1982 1954
1700 3 2 1 2 1954 1982 1983 1955
1701 3 2 1 2 1955 1983 1984 1956
1702 3 2 1 2 1956 1984 1985 1957
1703 3 2 1 2 1957 1985 1986 1958
1704 3 2 1 2 1958 1986 1987 1959
1705 3 2 1 2 1959 1987 1988 1960
1706 3 2 1 2 1960 1988 1989 1961
1707 3 2 1 2 1961 1989 1990 1962
1708 3 2 1 2 1962 1990 1991 1963
1709 3 2 1 2 1963 1991 1992 1964
1710 3 2 1 2 1964 1992 1993 1965
1711 3 2 1 2 1965 1993 1994 1966
1712 3 2 1 2 1966 1994 1995 1967
1713 3 2 1 2 1967 1995 1996 1968
1714 3 2 1 2 1968 1996 1997 1969
1715 3 2 1 2 1969 1997 1998 1970
1716 3 2 1 2 1970 1998 1999 1971
1717 3 2 1 2 1971 1999 2000 1972
1718 3 2 1 2 1972 2000 2001 1973
1719 3 2 1 2 1973 2001 2002 1974
1720 3 2 1 2 1974 2002 2003 1975
1721 3 2 1 2 1975 2003 2004 1976
1722 3 2 1 2 1976 2004 2005 1977
1723 3 2 1 2 1977 2005 2006 1978
1724 3 2 1 2 1978 2006 2007 1979
1725 3 2 1 2 1979 2007 2008 1980
1726 3 2 1 2 1980 2008 215 216
1727 3 2 1 2 138 139 2009 1981
1728 3 2 1 2 1981 2009 2010 1982
1729 3 2 1 2 1982 2010 2011 1983
1730 3 2 1 2 1983 2011 2012 1984
1731 3 2 1 2 1984 2012 2013 1985
1732 3 2 1 2 1985 2013 2014 1986
1733 3 2 1 2 1986 2014 2015 1987
1734 3 2 1 2 1987 2015 2016 1988
1735 3 2 1 2 1988 2016 2017 1989
1736 3 2 1 2 1989 2017 2018 1990
1737 3 2 1 2 1990 2018 2019 1991
1738 3 2 1 2 1991 2019 2020 1992
1739 3 2 1 2 1992 2020 2021 1993
1740 3 2 1 2 1993 2021 2022 1994
1741 3 2 1 2 1994 2022 2023 1995
1742 3 2 1 2 1995 2023 2024 1996
1743 3 2 1 2 1996 2024 2025 1997
1744 3 2 1 2 1997 2025 2026 1998
1745 3 2 1 2 1998 2026 2027 1999
1746 3 2 1 2 1999 2027 2028 2000
1747 3 2 1 2 2000 2028 2029 2001
1748 3 2 1 2 2001 2029 2030 2002
1749 3 2 1 2 2002 2030 2031 2003
1750 3 2 1 2 2003 2031 2032 2004
1751 3 2 1 2 2004 2032 2033 2005
1752 3 2 1 2 2005 2033 2034 2006
1753 3 2 1 2 2006 2034 2035 2007
1754 3 2 1 2 2007 2035 2036 2008
1755 3 2 1 2 2008 2036 214 215
1756 3 2 1 2 139 140 2037 2009
1757 3 2 1 2 2009 2037 2038 2010
1758 3 2 1 2 2010 2038 2039 2011
1759 3 2 1 2 2011 2039 2040 2012
1760 3 2 1 2 2012 2040 2041 2013
1761 3 2 1 2 2013 2041 2042 2014
1762 3 2 1 2 2014 2042 2043 2015
1763 3 2 1 2 2015 2043 2044 2016
1764 3 2 1 2 2016 2044 2045 2017
1765 3 2 1 2 2017 2045 2046 2018
1766 3 2 1 2 2018 2046 2047 2019
1767 3 2 1 2 2019 2047 2048 2020
1768 3 2 1 2 2020 2048 2049 2021
1769 3 2 1 2 2021 2049 2050 2022
1770 3 2 1 2 2022 2050 2051 2023
1771 3 2 1 2 2023 2051 2052 2024
1772 3 2 1 2 2024 2052 2053 2025
1773 3 2 1 2 2025 2053 2054 2026
1774 3 2 1 2 2026 2054 2055 2027
1775 3 2 1 2 2027 2055 2056 2028
1776 3 2 1 2 2028 2056 2057 2029
1777 3 2 1 2 2029 2057 2058 2030
1778 3 2 1 2 2030 2058 2059 2031
1779 3 2 1 2 2031 2059 2060 2032
1780 3 2 1 2 2032 2060 2061 2033
1781 3 2 1 2 2033 2061 2062 2034
1782 3 2 1 2 2034 2062 2063 2035
1783 3 2 1 2 2035 2063 2064 2036
1784 3 2 1 2 2036 2064 213 214
1785 3 2 1 2 140 141 2065 2037
1786 3 2 1 2 2037 2065 2066 2038
1787 3 2 1 2 2038 2066 2067 2039
1788 3 2 1 2 2039 2067 2068 2040
1789 3 2 1 2 2040 2068 2069 2041
1790 3 2 1 2 2041 2069 2070 2042
1791 3 2 1 2 2042 2070 2071 2043
1792 3 2 1 2 2043 2071 2072 2044
1793 3 2 1 2 2044 2072 2073 2045
1794 3 2 1 2 2045 2073 2074 2046
1795 3 2 1 2 2046 2074 2075 2047
1796 3 2 1 2 2047 2075 2076 2048
1797 3 2 1 2 2048 2076 2077 2049
1798 3 2 1 2 2049 2077 2078 2050
1799 3 2 1 2 2050 2078 2079 2051
1800 3 2 1 2 2051 2079 2080 2052
1801 3 2 1 2 2052 2080 2081 2053
1802 3 2 1 2 2053 2081 2082 2054
1803 3 2 1 2 2054 2082 2083 2055
1804 3 2 1 2 2055 2083 2084 2056
1805 3 2 1 2 2056 2084 2085 2057
1806 3 2 1 2 2057 2085 2086 2058
1807 3 2 1 2 2058 2086 2087 2059
1808 3 2 1 2 2059 2087 2088 2060
1809 3 2 1 2 2060 2088 2089 2061
1810 3 2 1 2 2061 2089 2090 2062
1811 3 2 1 2 2062 2090 2091 2063
1812 3 2 1 2 2063 2091 2092 2064
1813 3 2 1 2 2064 2092 212 213
1814 3 2 1 2 141 142 2093 2065
1815 3 2 1 2 2065 2093 2094 2066
1816 3 2 1 2 2066 2094 2095 2067
1817 3 2 1 2 2067 2095 2096 2068
1818 3 2 1 2 2068 2096 2097 2069
1819 3 2 1 2 2069 2097 2098 2070
1820 3 2 1 2 2070 2098 2099 2071
1821 3 2 1 2 2071 2099 2100 2072
1822 3 2 1 2 2072 2100 2101 2073
1823 3 2 1 2 2073 2101 2102 2074
1824 3 2 1 2 2074 2102 2103 2075
1825 3 2 1 2 2075 2103 2104 2076
1826 3 2 1 2 2076 2104 2105 2077
1827 3 2 1 2 2077 2105 2106 2078
1828 3 2 1 2 2078 2106 2107 2079
1829 3 2 1 2 2079 2107 2108 2080
1830 3 2 1 2 2080 2108 2109 2081
1831 3 2 1 2 2081 2109 2110 2082
1832 3 2 1 2 2082 2110 2111 2083
1833 3 2 1 2 2083 2111 2112 2084
1834 3 2 1 2 2084 2112 2113 2085
1835 3 2 1 2 2085 2113 2114 2086
1836 3 2 1 2 2086 2114 2115 2087
1837 3 2 1 2 2087 2115 2116 2088
1838 3 2 1 2 2088 2116 2117 2089
1839 3 2 1 2 2089 2117 2118 2090
1840 3 2 1 2 2090 2118 2119 2091
1841 3 2 1 2 2091 2119 2120 2092
1842 3 2 1 2 2092 2120 211 212
1843 3 2 1 2 142 143 2121 2093
1844 3 2 1 2 2093 2121 2122 2094
1845 3 2 1 2 2094 2122 2123 2095
1846 3 2 1 2 2095 2123 2124 2096
1847 3 2 1 2 2096 2124 2125 2097
1848 3 2 1 2 2097 2125 2126 2098
1849 3 2 1 2 2098 2126 2127 2099
1850 3 2 1 2 2099 2127 2128 2100
1851 3 2 1 2 2100 2128 2129 2101
1852 3 2 1 2 2101 2129 2130 2102
1853 3 2 1 2 2102 2130 2131 2103
1854 3 2 1 2 2103 2131 2132 2104
1855 3 2 1 2 2104 2132 2133 2105
1856 3 2 1 2 2105 2133 2134 2106
1857 3 2 1 2 2106 2134 2135 2107
1858 3 2 1 2 2107 2135 2136 2108
1859 3 2 1 2 2108 2136 2137 2109
1860 3 2 1 2 2109 2137 2138 2110
1861 3 2 1 2 2110 2138 2139 2111
1862 3 2 1 2 2111 2139 2140 2112
1863 3 2 1 2 2112 2140 2141 2113
1864 3 2 1 2 2113 2141 2142 2114
1865 3 2 1 2 2114 2142 2143 2115
1866 3 2 1 2 2115 2143 2144 2116
1867 3 2 1 2 2116 2144 2145 2117
1868 3 2 1 2 2117 2145 2146 2118
1869 3 2 1 2 2118 2146 2147 2119
1870 3 2 1 2 2119 2147 2148 2120
1871 3 2 1 2 2120 2148 210 211
1872 3 2 1 2 143 144 2149 2121
1873 3 2 1 2 2121 2149 2150 2122
1874 3 2 1 2 2122 2150 2151 2123
1875 3 2 1 2 2123 2151 2152 2124
1876 3 2 1 2 2124 2152 2153 2125
1877 3 2 1 2 2125 2153 2154 2126
1878 3 2 1 2 2126 2154 2155 2127
1879 3 2 1 2 2127 2155 2156 2128
1880 3 2 1 2 2128 2156 2157 2129
1881 3 2 1 2 2129 2157 2158 2130
1882 3 2 1 2 2130 2158 2159 2131
1883 3 2 1 2 2131 2159 2160 2132
1884 3 2 1 2 2132 2160 2161 2133
1885 3 2 1 2 2133 2161 2162 2134
1886 3 2 1 2 2134 2162 2163 2135
1887 3 2 1 2 2135 2163 2164 2136
1888 3 2 1 2 2136 2164 2165 2137
1889 3 2 1 2 2137 2165 2166 2138
1890 3 2 1 2 2138 2166 2167 2139
1891 3 2 1 2 2139 2167 2168 2140
1892 3 2 1 2 2140 2168 2169 2141
1893 3 2 1 2 2141 2169 2170 2142
1894 3 2 1 2 2142 2170 2171 2143
1895 3 2 1 2 2143 2171 2172 2144
1896 3 2 1 2 2144 2172 2173 2145
1897 3 2 1 2 2145 2173 2174 2146
1898 3 2 1 2 2146 2174 2175 2147
1899 3 2 1 2 2147 2175 2176 2148
1900 3 2 1 2 2148 2176 209 210
1901 3 2 1 2 144 145 2177 2149
1902 3 2 1 2 2149 2177 2178 2150
1903 3 2 1 2 2150 2178 2179 2151
1904 3 2 1 2 2151 2179 2180 2152
1905 3 2 1 2 2152 2180 2181 2153
1906 3 2 1 2 2153 2181 2182 2154
1907 3 2 1 2 2154 2182 2183 2155
1908 3 2 1 2 2155 2183 2184 2156
1909 3 2 1 2 2156 2184 2185 2157
1910 3 2 1 2 2157 2185 2186 2158
1911 3 2 1 2 2158 2186 2187 2159
1912 3 2 1 2 2159 2187 2188 2160
1913 3 2 1 2 2160 2188 2189 2161
1914 3 2 1 2 2161 2189 2190 2162
1915 3 2 1 2 2162 2190 2191 2163
1916 3 2 1 2 2163 2191 2192 2164
1917 3 2 1 2 2164 2192 2193 2165
1918 3 2 1 2 2165 2193 2194 2166
1919 3 2 1 2 2166 2194 2195 2167
1920 3 2 1 2 2167 2195 2196 2168
1921 3 2 1 2 2168 2196 2197 2169
1922 3 2 1 2 2169 2197 2198 2170
1923 3 2 1 2 2170 2198 2199 2171
1924 3 2 1 2 2171 2199 2200 2172
1925 3 2 1 2 2172 2200 2201 2173
1926 3 2 1 2 2173 2201 2202 2174
1927 3 2 1 2 2174 2202 2203 2175
1928 3 2 1 2 2175 2203 2204 2176
1929 3 2 1 2 2176 2204 208 209
1930 3 2 1 2 145 146 2205 2177
1931 3 2 1 2 2177 2205 2206 2178
1932 3 2 1 2 2178 2206 2207 2179
1933 3 2 1 2 2179 2207 2208 2180
1934 3 2 1 2 2180 2208 2209 2181
1935 3 2 1 2 2181 2209 2210 2182
1936 3 2 1 2 2182 2210 2211 2183
1937 3 2 1 2 2183 2211 2212 2184
1938 3 2 1 2 2184 2212 2213 2185
1939 3 2 1 2 2185 2213 2214 2186
1940 3 2 1 2 2186 2214 2215 2187
1941 3 2 1 2 2187 2215 2216 2188
1942 3 2 1 2 2188 2216 2217 2189
1943 3 2 1 2 2189 2217 2218 2190
1944 3 2 1 2 2190 2218 2219 2191
1945 3 2 1 2 2191 2219 2220 2192
1946 3 2 1 2 2192 2220 2221 2193
1947 3 2 1 2 2193 2221 2222 2194
1948 3 2 1 2 2194 2222 2223 2195
1949 3 2 1 2 2195 2223 2224 2196
1950 3 2 1 2 2196 2224 2225 2197
1951 3 2 1 2 2197 2225 2226 2198
1952 3 2 1 2 2198 2226 2227 2199
1953 3 2 1 2 2199 2227 2228 2200
1954 3 2 1 2 2200 2228 2229 2201
1955 3 2 1 2 2201 2229 2230 2202
1956 3 2 1 2 2202 2230 2231 2203
1957 3 2 1 2 2203 2231 2232 2204
1958 3 2 1 2 2204 2232 207 208
1959 3 2 1 2 146 147 2233 2205
1960 3 2 1 2 2205 2233 2234 2206
1961 3 2 1 2 2206 2234 2235 2207
1962 3 2 1 2 2207 2235 2236 2208
1963 3 2 1 2 2208 2236 2237 2209
1964 3 2 1 2 2209 2237 2238 2210
1965 3 2 1 2 2210 2238 2239 2211
1966 3 2 1 2 2211 2239 2240 2212
1967 3 2 1 2 2212 2240 2241 2213
1968 3 2 1 2 2213 2241 2242 2214
1969 3 2 1 2 2214 2242 2243 2215
1970 3 2 1 2 2215 2243 2244 2216
1971 3 2 1 2 2216 2244 2245 2217
1972 3 2 1 2 2217 2245 2246 2218
1973 3 2 1 2 2218 2246 2247 2219
1974 3 2 1 2 2219 2247 2248 2220
1975 3 2 1 2 2220 2248 2249 2221
1976 3 2 1 2 2221 2249 2250 2222
1977 3 2 1 2 2222 2250 2251 2223
1978 3 2 1 2 2223 2251 2252 2224
1979 3 2 1 2 2224 2252 2253 2225
1980 3 2 1 2 2225 2253 2254 2226
1981 3 2 1 2 2226 2254 2255 2227
1982 3 2 1 2 2227 2255 2256 2228
1983 3 2 1 2 2228 2256 2257 2229
1984 3 2 1 2 2229 2257 2258 2230
1985 3 2 1 2 2230 2258 2259 2231
1986 3 2 1 2 2231 2259 2260 2232
1987 3 2 1 2 2232 2260 206 207
1988 3 2 1 2 147 148 2261 2233
1989 3 2 1 2 2233 2261 2262 2234
1990 3 2 1 2 2234 2262 2263 2235
1991 3 2 1 2 2235 2263 2264 2236
1992 3 2 1 2 2236 2264 2265 2237
1993 3 2 1 2 2237 2265 2266 2238
1994 3 2 1 2 2238 2266 2267 2239
1995 3 2 1 2 2239 2267 2268 2240
1996 3 2 1 2 2240 2268 2269 2241
1997 3 2 1 2 2241 2269 2270 2242
1998 3 2 1 2 2242 2270 2271 2243
1999 3 2 1 2 2243 2271 2272 2244
2000 3 2 1 2 2244 2272 2273 2245
2001 3 2 1 2 2245 2273 2274 2246
2002 3 2 1 2 2246 2274 2275 2247
2003 3 2 1 2 2247 2275 2276 2248
2004 3 2 1 2 2248 2276 2277 2249
2005 3 2 1 2 2249 2277 2278 2250
2006 3 2 1 2 2250 2278 2279 2251
2007 3 2 1 2 2251 2279 2280 2252
2008 3 2 1 2 2252 2280 2281 2253
2009 3 2 1 2 2253 2281 2282 2254
2010 3 2 1 2 2254 2282 2283 2255
2011 3 2 1 2 2255 2283 2284 2256
2012 3 2 1 2 2256 2284 2285 2257
2013 3 2 1 2 2257 2285 2286 2258
2014 3 2 1 2 2258 2286 2287 2259
2015 3 2 1 2 2259 2287 2288 2260
2016 3 2 1 2 2260 2288 205 206
2017 3 2 1 2 148 149 2289 2261
2018 3 2 1 2 2261 2289 2290 2262
2019 3 2 1 2 2262 2290 2291 2263
2020 3 2 1 2 2263 2291 2292 2264
2021 3 2 1 2 2264 2292 2293 2265
2022 3 2 1 2 2265 2293 2294 2266
2023 3 2 1 2 2266 2294 2295 2267
2024 3 2 1 2 2267 2295 2296 2268
2025 3 2 1 2 2268 2296 2297 2269
2026 3 2 1 2 2269 2297 2298 2270
2027 3 2 1 2 2270 2298 2299 2271
2028 3 2 1 2 2271 2299 2300 2272
2029 3 2 1 2 2272 2300 2301 2273
2030 3 2 1 2 2273 2301 2302 2274
2031 3 2 1 2 2274 2302 2303 2275
2032 3 2 1 2 2275 2303 2304 2276
2033 3 2 1 2 2276 2304 2305 2277
2034 3 2 1 2 2277 2305 2306 2278
2035 3 2 1 2 2278 2306 2307 2279
2036 3 2 1 2 2279 2307 2308 2280
2037 3 2 1 2 2280 2308 2309 2281
2038 3 2 1 2 2281 2309 2310 2282
2039 3 2 1 2 2282 2310 2311 2283
2040 3 2 1 2 2283 2311 2312 2284
2041 3 2 1 2 2284 2312 2313 2285
2042 3 2 1 2 2285 2313 2314 2286
2043 3 2 1 2 2286 2314 2315 2287
2044 3 2 1 2 2287 2315 2316 2288
2045 3 2 1 2 2288 2316 204 205
2046 3 2 1 2 149 150 2317 2289
2047 3 2 1 2 2289 2317 2318 2290
2048 3 2 1 2 2290 2318 2319 2291
2049 3 2 1 2 2291 2319 2320 2292
2050 3 2 1 2 2292 2320 2321 2293
2051 3 2 1 2 2293 2321 2322 2294
2052 3 2 1 2 2294 2322 2323 2295
2053 3 2 1 2 2295 2323 2324 2296
2054 3 2 1 2 2296 2324 2325 2297
2055 3 2 1 2 2297 2325 2326 2298
2056 3 2 1 2 2298 2326 2327 2299
2057 3 2 1 2 2299 2327 2328 2300
2058 3 2 1 2 2300 2328 2329 2301
2059 3 2 1 2 2301 2329 2330 2302
2060 3 2 1 2 2302 2330 2331 2303
2061 3 2 1 2 2303 2331 2332 2304
2062 3 2 1 2 2304 2332 2333 2305
2063 3 2 1 2 2305 2333 2334 2306
2064 3 2 1 2 2306 2334 2335 2307
2065 3 2 1 2 2307 2335 2336 2308
2066 3 2 1 2 2308 2336 2337 2309
2067 3 2 1 2 2309 2337 2338 2310
2068 3 2 1 2 2310 2338 2339 2311
2069 3 2 1 2 2311 2339 2340 2312
2070 3 2 1 2 2312 2340 2341 2313
2071 3 2 1 2 2313 2341 2342 2314
2072 3 2 1 2 2314 2342 2343 2315
2073 3 2 1 2 2315 2343 2344 2316
2074 3 2 1 2 2316 2344 203 204
2075 3 2 1 2 150 151 2345 2317
2076 3 2 1 2 2317 2345 2346 2318
2077 3 2 1 2 2318 2346 2347 2319
2078 3 2 1 2 2319 2347 2348 2320
2079 3 2 1 2 2320 2348 2349 2321
2080 3 2 1 2 2321 2349 2350 2322
2081 3 2 1 2 2322 2350 2351 2323
2082 3 2 1 2 2323 2351 2352 2324
2083 3 2 1 2 2324 2352 2353 2325
2084 3 2 1 2 2325 2353 2354 2326
2085 3 2 1 2 2326 2354 2355 2327
2086 3 2 1 2 2327 2355 2356 2328
2087 3 2 1 2 2328 2356 2357 2329
2088 3 2 1 2 2329 2357 2358 2330
2089 3 2 1 2 2330 2358 2359 2331
2090 3 2 1 2 2331 2359 2360 2332
2091 3 2 1 2 2332 2360 2361 2333
2092 3 2 1 2 2333 2361 2362 2334
2093 3 2 1 2 2334 2362 2363 2335
2094 3 2 1 2 2335 2363 2364 2336
2095 3 2 1 2 2336 2364 2365 2337
2096 3 2 1 2 2337 2365 2366 2338
2097 3 2 1 2 2338 2366 2367 2339
2098 3 2 1 2 2339 2367 2368 2340
2099 3 2 1 2 2340 2368 2369 2341
2100 3 2 1 2 2341 2369 2370 2342
2101 3 2 1 2 2342 2370 2371 2343
2102 3 2 1 2 2343 2371 2372 2344
2103 3 2 1 2 2344 2372 202 203
2104 3 2 1 2 151 152 2373 2345
2105 3 2 1 2 2345 2373 2374 2346
2106 3 2 1 2 2346 2374 2375 2347
2107 3 2 1 2 2347 2375 2376 2348
2108 3 2 1 2 2348 2376 2377 2349
2109 3 2 1 2 2349 2377 2378 2350
2110 3 2 1 2 2350 2378 2379 2351
2111 3 2 1 2 2351 2379 2380 2352
2112 3 2 1 2 2352 2380 2381 2353
2113 3 2 1 2 2353 2381 2382 2354
2114 3 2 1 2 2354 2382 2383 2355
2115 3 2 1 2 2355 2383 2384 2356
2116 3 2 1 2 2356 2384 2385 2357
2117 3 2 1 2 2357 2385 2386 2358
2118 3 2 1 2 2358 2386 2387 2359
2119 3 2 1 2 2359 2387 2388 2360
2120 3 2 1 2 2360 2388 2389 2361
2121 3 2 1 2 2361 2389 2390 2362
2122 3 2 1 2 2362 2390 2391 2363
2123 3 2 1 2 2363 2391 2392 2364
2124 3 2 1 2 2364 2392 2393 2365
2125 3 2 1 2 2365 2393 2394 2366
2126 3 2 1 2 2366 2394 2395 2367
2127 3 2 1 2 2367 2395 2396 2368
2128 3 2 1 2 2368 2396 2397 2369
2129 3 2 1 2 2369 2397 2398 2370
2130 3 2 1 2 2370 2398 2399 2371
2131 3 2 1 2 2371 2399 2400 2372
2132 3 2 1 2 2372 2400 201 202
2133 3 2 1 2 152 153 2401 2373
2134 3 2 1 2 2373 2401 2402 2374
2135 3 2 1 2 2374 2402 2403 2375
2136 3 2 1 2 2375 2403 2404 2376
2137 3 2 1 2 2376 2404 2405 2377
2138 3 2 1 2 2377 2405 2406 2378
2139 3 2 1 2 2378 2406 2407 2379
2140 3 2 1 2 2379 2407 2408 2380
2141 3 2 1 2 2380 2408 2409 2381
2142 3 2 1 2 2381 2409 2410 2382
2143 3 2 1 2 2382 2410 2411 2383
2144 3 2 1 2 2383 2411 2412 2384
2145 3 2 1 2 2384 2412 2413 2385
2146 3 2 1 2 2385 2413 2414 2386
2147 3 2 1 2 2386 2414 2415 2387
2148 3 2 1 2 2387 2415 2416 2388
2149 3 2 1 2 2388 2416 2417 2389
2150 3 2 1 2 2389 2417 2418 2390
2151 3 2 1 2 2390 2418 2419 2391
2152 3 2 1 2 2391 2419 2420 2392
2153 3 2 1 2 2392 2420 2421 2393
2154 3 2 1 2 2393 2421 2422 2394
2155 3 2 1 2 2394 2422 2423 2395
2156 3 2 1 2 2395 2423 2424 2396
2157 3 2 1 2 2396 2424 2425 2397
2158 3 2 1 2 2397 2425 2426 2398
2159 3 2 1 2 2398 2426 2427 2399
2160 3 2 1 2 2399 2427 2428 2400
2161 3 2 1 2 2400 2428 200 201
2162 3 2 1 2 153 154 2429 2401
2163 3 2 1 2 2401 2429 2430 2402
2164 3 2 1 2 2402 2430 2431 2403
2165 3 2 1 2 2403 2431 2432 2404
2166 3 2 1 2 2404 2432 2433 2405
2167 3 2 1 2 2405 2433 2434 2406
2168 3 2 1 2 2406 2434 2435 2407
2169 3 2 1 2 2407 2435 2436 2408
2170 3 2 1 2 2408 2436 2437 2409
2171 3 2 1 2 2409 2437 2438 2410
2172 3 2 1 2 2410 2438 2439 2411
2173 3 2 1 2 2411 2439 2440 2412
2174 3 2 1 2 2412 2440 2441 2413
2175 3 2 1 2 2413 2441 2442 2414
2176 3 2 1 2 2414 2442 2443 2415
2177 3 2 1 2 2415 2443 2444 2416
2178 3 2 1 2 2416 2444 2445 2417
2179 3 2 1 2 2417 2445 2446 2418
2180 3 2 1 2 2418 2446 2447 2419
2181 3 2 1 2 2419 2447 2448 2420
2182 3 2 1 2 2420 2448 2449 2421
2183 3 2 1 2 2421 2449 2450 2422
2184 3 2 1 2 2422 2450 2451 2423
2185 3 2 1 2 2423 2451 2452 2424
2186 3 2 1 2 2424 2452 2453 2425
2187 3 2 1 2 2425 2453 2454 2426
2188 3 2 1 2 2426 2454 2455 2427
2189 3 2 1 2 2427 2455 2456 2428
2190 3 2 1 2 2428 2456 199 200
2191 3 2 1 2 154 155 2457 2429
2192 3 2 1 2 2429 2457 2458 2430
2193 3 2 1 2 2430 2458 2459 2431
2194 3 2 1 2 2431 2459 2460 2432
2195 3 2 1 2 2432 2460 2461 2433
2196 3 2 1 2 2433 2461 2462 2434
2197 3 2 1 2 2434 2462 2463 2435
2198 3 2 1 2 2435 2463 2464 2436
2199 3 2 1 2 2436 2464 2465 2437
2200 3 2 1 2 2437 2465 2466 2438
2201 3 2 1 2 2438 2466 2467 2439
2202 3 2 1 2 2439 2467 2468 2440
2203 3 2 1 2 2440 2468 2469 2441
2204 3 2 1 2 2441 2469 2470 2442
2205 3 2 1 2 2442 2470 2471 2443
2206 3 2 1 2 2443 2471 2472 2444
2207 3 2 1 2 2444 2472 2473 2445
2208 3 2 1 2 2445 2473 2474 2446
2209 3 2 1 2 2446 2474 2475 2447
2210 3 2 1 2 2447 2475 2476 2448
2211 3 2 1 2 2448 2476 2477 2449
2212 3 2 1 2 2449 2477 2478 2450
2213 3 2 1 2 2450 2478 2479 2451
2214 3 2 1 2 2451 2479 2480 2452
2215 3 2 1 2 2452 2480 2481 2453
2216 3 2 1 2 2453 2481 2482 2454
2217 3 2 1 2 2454 2482 2483 2455
2218 3 2 1 2 2455 2483 2484 2456
2219 3 2 1 2 2456 2484 198 199
2220 3 2 1 2 155 156 2485 2457
2221 3 2 1 2 2457 2485 2486 2458
2222 3 2 1 2 2458 2486 2487 2459
2223 3 2 1 2 2459 2487 2488 2460
2224 3 2 1 2 2460 2488 2489 2461
2225 3 2 1 2 2461 2489 2490 2462
2226 3 2 1 2 2462 2490 2491 2463
2227 3 2 1 2 2463 2491 2492 2464
2228 3 2 1 2 2464 2492 2493 2465
2229 3 2 1 2 2465 2493 2494 2466
2230 3 2 1 2 2466 2494 2495 2467
2231 3 2 1 2 2467 2495 2496 2468
2232 3 2 1 2 2468 2496 2497 2469
2233 3 2 1 2 2469 2497 2498 2470
2234 3 2 1 2 2470 2498 2499 2471
2235 3 2 1 2 2471 2499 2500 2472
2236 3 2 1 2 2472 2500 2501 2473
2237 3 2 1 2 2473 2501 2502 2474
2238 3 2 1 2 2474 2502 2503 2475
2239 3 2 1 2 2475 2503 2504 2476
2240 3 2 1 2 2476 2504 2505 2477
2241 3 2 1 2 2477 2505 2506 2478
2242 3 2 1 2 2478 2506 2507 2479
2243 3 2 1 2 2479 2507 2508 2480
2244 3 2 1 2 2480 2508 2509 2481
2245 3 2 1 2 2481 2509 2510 2482
2246 3 2 1 2 2482 2510 2511 2483
2247 3 2 1 2 2483 2511 2512 2484
2248 3 2 1 2 2484 2512 197 198
2249 3 2 1 2 156 157 2513 2485
2250 3 2 1 2 2485 2513 2514 2486
2251 3 2 1 2 2486 2514 2515 2487
2252 3 2 1 2 2487 2515 2516 2488
2253 3 2 1 2 2488 2516 2517 2489
2254 3 2 1 2 2489 2517 2518 2490
2255 3 2 1 2 2490 2518 2519 2491
2256 3 2 1 2 2491 2519 2520 2492
2257 3 2 1 2 2492 2520 2521 2493
2258 3 2 1 2 2493 2521 2522 2494
2259 3 2 1 2 2494 2522 2523 2495
2260 3 2 1 2 2495 2523 2524 2496
2261 3 2 1 2 2496 2524 2525 2497
2262 3 2 1 2 2497 2525 2526 2498
2263 3 2 1 2 2498 2526 2527 2499
2264 3 2 1 2 2499 2527 2528 2500
2265 3 2 1 2 2500 2528 2529 2501
2266 3 2 1 2 2501 2529 2530 2502
2267 3 2 1 2 2502 2530 2531 2503
2268 3 2 1 2 2503 2531 2532 2504
2269 3 2 1 2 2504 2532 2533 2505
2270 3 2 1 2 2505 2533 2534 2506
2271 3 2 1 2 2506 2534 2535 2507
2272 3 2 1 2 2507 2535 2536 2508
2273 3 2 1 2 2508 2536 2537 2509
2274 3 2 1 2 2509 2537 2538 2510
2275 3 2 1 2 2510 2538 2539 2511
2276 3 2 1 2 2511 2539 2540 2512
2277 3 2 1 2 2512 2540 196 197
2278 3 2 1 2 157 158 2541 2513
2279 3 2 1 2 2513 2541 2542 2514
2280 3 2 1 2 2514 2542 2543 2515
2281 3 2 1 2 2515 2543 2544 2516
2282 3 2 1 2 2516 2544 2545 2517
2283 3 2 1 2 2517 2545 2546 2518
2284 3 2 1 2 2518 2546 2547 2519
2285 3 2 1 2 2519 2547 2548 2520
2286 3 2 1 2 2520 2548 2549 2521
2287 3 2 1 2 2521 2549 2550 2522
2288 3 2 1 2 2522 2550 2551 2523
2289 3 2 1 2 2523 2551 2552 2524
2290 3 2 1 2 2524 2552 2553 2525
2291 3 2 1 2 2525 2553 2554 2526
2292 3 2 1 2 2526 2554 2555 2527
2293 3 2 1 2 2527 2555 2556 2528
2294 3 2 1 2 2528 2556 2557 2529
2295 3 2 1 2 2529 2557 2558 2530
2296 3 2 1 2 2530 2558 2559 2531
2297 3 2 1 2 2531 2559 2560 2532
2298 3 2 1 2 2532 2560 2561 2533
2299 3 2 1 2 2533 2561 2562 2534
2300 3 2 1 2 2534 2562 2563 2535
2301 3 2 1 2 2535 2563 2564 2536
2302 3 2 1 2 2536 2564 2565 2537
2303 3 2 1 2 2537 2565 2566 2538
2304 3 2 1 2 2538 2566 2567 2539
2305 3 2 1 2 2539 2567 2568 2540
2306 3 2 1 2 2540 2568 195 196
2307 3 2 1 2 158 159 2569 2541
2308 3 2 1 2 2541 2569 2570 2542
2309 3 2 1 2 2542 2570 2571 2543
2310 3 2 1 2 2543 2571 2572 2544
2311 3 2 1 2 2544 2572 2573 2545
2312 3 2 1 2 2545 2573 2574 2546
2313 3 2 1 2 2546 2574 2575 2547
2314 3 2 1 2 2547 2575 2576 2548
2315 3 2 1 2 2548 2576 2577 2549
2316 3 2 1 2 2549 2577 2578 2550
2317 3 2 1 2 2550 2578 2579 2551
2318 3 2 1 2 2551 2579 2580 2552
2319 3 2 1 2 2552 2580 2581 2553
2320 3 2 1 2 2553 2581 2582 2554
2321 3 2 1 2 2554 2582 2583 2555
2322 3 2 1 2 2555 2583 2584 2556
2323 3 2 1 2 2556 2584 2585 2557
2324 3 2 1 2 2557 2585 2586 2558
2325 3 2 1 2 2558 2586 2587 2559
2326 3 2 1 2 2559 2587 2588 2560
2327 3 2 1 2 2560 2588 2589 2561
2328 3 2 1 2 2561 2589 2590 2562
2329 3 2 1 2 2562 2590 2591 2563
2330 3 2 1 2 2563 2591 2592 2564
2331 3 2 1 2 2564 2592 2593 2565
2332 3 2 1 2 2565 2593 2594 2566
2333 3 2 1 2 2566 2594 2595 2567
2334 3 2 1 2 2567 2595 2596 2568
2335 3 2 1 2 2568 2596 194 195
2336 3 2 1 2 159 160 2597 2569
2337 3 2 1 2 2569 2597 2598 2570
2338 3 2 1 2 2570 2598 2599 2571
2339 3 2 1 2 2571 2599 2600 2572
2340 3 2 1 2 2572 2600 2601 2573
2341 3 2 1 2 2573 2601 2602 2574
2342 3 2 1 2 2574 2602 2603 2575
2343 3 2 1 2 2575 2603 2604 2576
2344 3 2 1 2 2576 2604 2605 2577
2345 3 2 1 2 2577 2605 2606 2578
2346 3 2 1 2 2578 2606 2607 2579
2347 3 2 1 2 2579 2607 2608 2580
2348 3 2 1 2 2580 2608 2609 2581
2349 3 2 1 2 2581 2609 2610 2582
2350 3 2 1 2 2582 2610 2611 2583
2351 3 2 1 2 2583 2611 2612 2584
2352 3 2 1 2 2584 2612 2613 2585
2353 3 2 1 2 2585 2613 2614 2586
2354 3 2 1 2 2586 2614 2615 2587
2355 3 2 1 2 2587 2615 2616 2588
2356 3 2 1 2 2588 2616 2617 2589
2357 3 2 1 2 2589 2617 2618 2590
2358 3 2 1 2 2590 2618 2619 2591
2359 3 2 1 2 2591 2619 2620 2592
2360 3 2 1 2 2592 2620 2621 2593
2361 3 2 1 2 2593 2621 2622 2594
2362 3 2 1 2 2594 2622 2623 2595
2363 3 2 1 2 2595 2623 2624 2596
2364 3 2 1 2 2596 2624 193 194
2365 3 2 1 2 160 161 2625 2597
2366 3 2 1 2 2597 2625 2626 2598
2367 3 2 1 2 2598 2626 2627 2599
2368 3 2 1 2 2599 2627 2628 2600
2369 3 2 1 2 2600 2628 2629 2601
2370 3 2 1 2 2601 2629 2630 2602
2371 3 2 1 2 2602 2630 2631 2603
2372 3 2 1 2 2603 2631 2632 2604
2373 3 2 1 2 2604 2632 2633 2605
2374 3 2 1 2 2605 2633 2634 2606
2375 3 2 1 2 2606 2634 2635 2607
2376 3 2 1 2 2607 2635 2636 2608
2377 3 2 1 2 2608 2636 2637 2609
2378 3 2 1 2 2609 2637 2638 2610
2379 3 2 1 2 2610 2638 2639 2611
2380 3 2 1 2 2611 2639 2640 2612
2381 3 2 1 2 2612 2640 2641 2613
2382 3 2 1 2 2613 2641 2642 2614
2383 3 2 1 2 2614 2642 2643 2615
2384 3 2 1 2 2615 2643 2644 2616
2385 3 2 1 2 2616 2644 2645 2617
2386 3 2 1 2 2617 2645 2646 2618
2387 3 2 1 2 2618 2646 2647 2619
2388 3 2 1 2 2619 2647 2648 2620
2389 3 2 1 2 2620 2648 2649 2621
2390 3 2 1 2 2621 2649 2650 2622
2391 3 2 1 2 2622 2650 2651 2623
2392 3 2 1 2 2623 2651 2652 2624
2393 3 2 1 2 2624 2652 192 193
2394 3 2 1 2 161 162 2653 2625
2395 3 2 1 2 2625 2653 2654 2626
2396 3 2 1 2 2626 2654 2655 2627
2397 3 2 1 2 2627 2655 2656 2628
2398 3 2 1 2 2628 2656 2657 2629
2399 3 2 1 2 2629 2657 2658 2630
2400 3 2 1 2 2630 2658 2659 2631
2401 3 2 1 2 2631 2659 2660 2632
2402 3 2 1 2 2632 2660 2661 2633
2403 3 2 1 2 2633 2661 2662 2634
2404 3 2 1 2 2634 2662 2663 2635
2405 3 2 1 2 2635 2663 2664 2636
2406 3 2 1 2 2636 2664 2665 2637
2407 3 2 1 2 2637 2665 2666 2638
2408 3 2 1 2 2638 2666 2667 2639
2409 3 2 1 2 2639 2667 2668 2640
2410 3 2 1 2 2640 2668 2669 2641
2411 3 2 1 2 2641 2669 2670 2642
2412 3 2 1 2 2642 2670 2671 2643
2413 3 2 1 2 2643 2671 2672 2644
2414 3 2 1 2 2644 2672 2673 2645
2415 3 2 1 2 2645 2673 2674 2646
2416 3 2 1 2 2646 2674 2675 2647
2417 3 2 1 2 2647 2675 2676 2648
2418 3 2 1 2 2648 2676 2677 2649
2419 3 2 1 2 2649 2677 2678 2650
2420 3 2 1 2 2650 2678 2679 2651
2421 3 2 1 2 2651 2679 2680 2652
2422 3 2 1 2 2652 2680 191 192
2423 3 2 1 2 162 3 163 2653
2424 3 2 1 2 2653 163 164 2654
2425 3 2 1 2 2654 164 165 2655
2426 3 2 1 2 2655 165 166 2656
2427 3 2 1 2 2656 166 167 2657
2428 3 2 1 2 2657 167 168 2658
2429 3 2 1 2 2658 168 169 2659
2430 3 2 1 2 2659 169 170 2660
2431 3 2 1 2 2660 170 171 2661
2432 3 2 1 2 2661 171 172 2662
2433 3 2 1 2 2662 172 173 2663
2434 3 2 1 2 2663 173 174 2664
2435 3 2 1 2 2664 174 175 2665
2436 3 2 1 2 2665 175 176 2666
2437 3 2 1 2 2666 176 177 2667
2438 3 2 1 2 2667 177 178 2668
2439 3 2 1 2 2668 178 179 2669
2440 3 2 1 2 2669 179 180 2670
2441 3 2 1 2 2670 180 181 2671
2442 3 2 1 2 2671 181 182 2672
2443 3 2 1 2 2672 182 183 2673
2444 3 2 1 2 2673 183 184 2674
2445 3 2 1 2 2674 184 185 2675
2446 3 2 1 2 2675 185 186 2676
2447 3 2 1 2 2676 186 187 2677
2448 3 2 1 2 2677 187 188 2678
2449 3 2 1 2 2678 188 189 2679
2450 3 2 1 2 2679 189 190 2680
2451 3 2 1 2 2680 190 14 191
2452 3 2 1 3 3 249 2681 163
2453 3 2 1 3 163 2681 2682 164
2454 3 2 1 3 164 2682 2683 165
2455 3 2 1 3 165 2683 2684 166
2456 3 2 1 3 166 2684 2685 167
2457 3 2 1 3 167 2685 2686 168
2458 3 2 1 3 168 2686 2687 169
2459 3 2 1 3 169 2687 2688 170
2460 3 2 1 3 170 2688 2689 171
2461 3 2 1 3 171 2689 2690 172
2462 3 2 1 3 172 2690 2691 173
2463 3 2 1 3 173 2691 2692 174
2464 3 2 1 3 174 2692 2693 175
2465 3 2 1 3 175 2693 2694 176
2466 3 2 1 3 176 2694 2695 177
2467 3 2 1 3 177 2695 2696 178
2468 3 2 1 3 178 2696 2697 179
2469 3 2 1 3 179 2697 2698 180
2470 3 2 1 3 180 2698 2699 181
2471 3 2 1 3 181 2699 2700 182
2472 3 2 1 3 182 2700 2701 183
2473 3 2 1 3 183 2701 2702 184
2474 3 2 1 3 184 2702 2703 185
2475 3 2 1 3 185 2703 2704 186
2476 3 2 1 3 186 2704 2705 187
2477 3 2 1 3 187 2705 2706 188
2478 3 2 1 3 188 2706 2707 189
2479 3 2 1 3 189 2707 2708 190
2480 3 2 1 3 190 2708 308 14
2481 3 2 1 3 249 250 2709 2681
2482 3 2 1 3 2681 2709 2710 2682
2483 3 2 1 3 2682 2710 2711 2683
2484 3 2 1 3 2683 2711 2712 2684
2485 3 2 1 3 2684 2712 2713 2685
2486 3 2 1 3 2685 2713 2714 2686
2487 3 2 1 3 2686 2714 2715 2687
2488 3 2 1 3 2687 2715 2716 2688
2489 3 2 1 3 2688 2716 2717 2689
2490 3 2 1 3 2689 2717 2718 2690
2491 3 2 1 3 2690 2718 2719 2691
2492 3 2 1 3 2691 2719 2720 2692
2493 3 2 1 3 2692 2720 2721 2693
2494 3 2 1 3 2693 2721 2722 2694
2495 3 2 1 3 2694 2722 2723 2695
2496 3 2 1 3 2695 2723 2724 2696
2497 3 2 1 3 2696 2724 2725 2697
2498 3 2 1 3 2697 2725 2726 2698
2499 3 2 1 3 2698 2726 2727 2699
2500 3 2 1 3 2699 2727 2728 2700
2501 3 2 1 3 2700 2728 2729 2701
2502 3 2 1 3 2701 2729 2730 2702
2503 3 2 1 3 2702 2730 2731 2703
2504 3 2 1 3 2703 2731 2732 2704
2505 3 2 1 3 2704 2732 2733 2705
2506 3 2 1 3 2705 2733 2734 2706
2507 3 2 1 3 2706 2734 2735 2707
2508 3 2 1 3 2707 2735 2736 2708
2509 3 2 1 3 2708 2736 307 308
2510 3 2 1 3 250 251 2737 2709
2511 3 2 1 3 2709 2737 2738 2710
2512 3 2 1 3 2710 2738 2739 2711
2513 3 2 1 3 2711 2739 2740 2712
2514 3 2 1 3 2712 2740 2741 2713
2515 3 2 1 3 2713 2741 2742 2714
2516 3 2 1 3 2714 2742 2743 2715
2517 3 2 1 3 2715 2743 2744 2716
2518 3 2 1 3 2716 2744 2745 2717
2519 3 2 1 3 2717 2745 2746 2718
2520 3 2 1 3 2718 2746 2747 2719
2521 3 2 1 3 2719 2747 2748 2720
2522 3 2 1 3 2720 2748 2749 2721
2523 3 2 1 3 2721 2749 2750 2722
2524 3 2 1 3 2722 2750 2751 2723
2525 3 2 1 3 2723 2751 2752 2724
2526 3 2 1 3 2724 2752 2753 2725
2527 3 2 1 3 2725 2753 2754 2726
2528 3 2 1 3 2726 2754 2755 2727
2529 3 2 1 3 2727 2755 2756 2728
2530 3 2 1 3 2728 2756 2757 2729
2531 3 2 1 3 2729 2757 2758 2730
2532 3 2 1 3 2730 2758 2759 2731
2533 3 2 1 3 2731 2759 2760 2732
2534 3 2 1 3 2732 2760 2761 2733
2535 3 2 1 3 2733 2761 2762 2734
2536 3 2 1 3 2734 2762 2763 2735
2537 3 2 1 3 2735 2763 2764 2736
2538 3 2 1 3 2736 2764 306 307
2539 3 2 1 3 251 252 2765 2737
2540 3 2 1 3 2737 2765 2766 2738
2541 3 2 1 3 2738 2766 2767 2739
2542 3 2 1 3 2739 2767 2768 2740
2543 3 2 1 3 2740 2768 2769 2741
2544 3 2 1 3 2741 2769 2770 2742
2545 3 2 1 3 2742 2770 2771 2743
2546 3 2 1 3 2743 2771 2772 2744
2547 3 2 1 3 2744 2772 2773 2745
2548 3 2 1 3 2745 2773 2774 2746
2549 3 2 1 3 2746 2774 2775 2747
2550 3 2 1 3 2747 2775 2776 2748
2551 3 2 1 3 2748 2776 2777 2749
2552 3 2 1 3 2749 2777 2778 2750
2553 3 2 1 3 2750 2778 2779 2751
2554 3 2 1 3 2751 2779 2780 2752
2555 3 2 1 3 2752 2780 2781 2753
2556 3 2 1 3 2753 2781 2782 2754
2557 3 2 1 3 2754 2782 2783 2755
2558 3 2 1 3 2755 2783 2784 2756
2559 3 2 1 3 2756 2784 2785 2757
2560 3 2 1 3 2757 2785 2786 2758
2561 3 2 1 3 2758 2786 2787 2759
2562 3 2 1 3 2759 2787 2788 2760
2563 3 2 1 3 2760 2788 2789 2761
2564 3 2 1 3 2761 2789 2790 2762
2565 3 2 1 3 2762 2790 2791 2763
2566 3 2 1 3 2763 2791 2792 2764
2567 3 2 1 3 2764 2792 305 306
2568 3 2 1 3 252 253 2793 2765
2569 3 2 1 3 2765 2793 2794 2766
2570 3 2 1 3 2766 2794 2795 2767
2571 3 2 1 3 2767 2795 2796 2768
2572 3 2 1 3 2768 2796 2797 2769
2573 3 2 1 3 2769 2797 2798 2770
2574 3 2 1 3 2770 2798 2799 2771
2575 3 2 1 3 2771 2799 2800 2772
2576 3 2 1 3 2772 2800 2801 2773
2577 3 2 1 3 2773 2801 2802 2774
2578 3 2 1 3 2774 2802 2803 2775
2579 3 2 1 3 2775 2803 2804 2776
2580 3 2 1 3 2776 2804 2805 2777
2581 3 2 1 3 2777 2805 2806 2778
2582 3 2 1 3 2778 2806 2807 2779
2583 3 2 1 3 2779 2807 2808 2780
2584 3 2 1 3 2780 2808 2809 2781
2585 3 2 1 3 2781 2809 2810 2782
2586 3 2 1 3 2782 2810 2811 2783
2587 3 2 1 3 2783 2811 2812 2784
2588 3 2 1 3 2784 2812 2813 2785
2589 3 2 1 3 2785 2813 2814 2786
2590 3 2 1 3 2786 2814 2815 2787
2591 3 2 1 3 2787 2815 2816 2788
2592 3 2 1 3 2788 2816 2817 2789
2593 3 2 1 3 2789 2817 2818 2790
2594 3 2 1 3 2790 2818 2819 2791
2595 3 2 1 3 2791 2819 2820 2792
2596 3 2 1 3 2792 2820 304 305
2597 3 2 1 3 253 254 2821 2793
2598 3 2 1 3 2793 2821 2822 2794
2599 3 2 1 3 2794 2822 2823 2795
2600 3 2 1 3 2795 2823 2824 2796
2601 3 2 1 3 2796 2824 2825 2797
2602 3 2 1 3 2797 2825 2826 2798
2603 3 2 1 3 2798 2826 2827 2799
2604 3 2 1 3 2799 2827 2828 2800
2605 3 2 1 3 2800 2828 2829 2801
2606 3 2 1 3 2801 2829 2830 2802
2607 3 2 1 3 2802 2830 2831 2803
2608 3 2 1 3 2803 2831 2832 2804
2609 3 2 1 3 2804 2832 2833 2805
2610 3 2 1 3 2805 2833 2834 2806
2611 3 2 1 3 2806 2834 2835 2807
2612 3 2 1 3 2807 2835 2836 2808
2613 3 2 1 3 2808 2836 2837 2809
2614 3 2 1 3 2809 2837 2838 2810
2615 3 2 1 3 2810 2838 2839 2811
2616 3 2 1 3 2811 2839 2840 2812
2617 3 2 1 3 2812 2840 2841 2813
2618 3 2 1 3 2813 2841 2842 2814
2619 3 2 1 3 2814 2842 2843 2815
2620 3 2 1 3 2815 2843 2844 2816
2621 3 2 1 3 2816 2844 2845 2817
2622 3 2 1 3 2817 2845 2846 2818
2623 3 2 1 3 2818 2846 2847 2819
2624 3 2 1 3 2819 2847 2848 2820
2625 3 2 1 3 2820 2848 303 304
2626 3 2 1 3 254 255 2849 2821
2627 3 2 1 3 2821 2849 2850 2822
2628 3 2 1 3 2822 2850 2851 2823
2629 3 2 1 3 2823 2851 2852 2824
2630 3 2 1 3 2824 2852 2853 2825
2631 3 2 1 3 2825 2853 2854 2826
2632 3 2 1 3 2826 2854 2855 2827
2633 3 2 1 3 2827 2855 2856 2828
2634 3 2 1 3 2828 2856 2857 2829
2635 3 2 1 3 2829 2857 2858 2830
2636 3 2 1 3 2830 2858 2859 2831
2637 3 2 1 3 2831 2859 2860 2832
2638 3 2 1 3 2832 2860 2861 2833
2639 3 2 1 3 2833 2861 2862 2834
2640 3 2 1 3 2834 2862 2863 2835
2641 3 2 1 3 2835 2863 2864 2836
2642 3 2 1 3 2836 2864 2865 2837
2643 3 2 1 3 2837 2865 2866 2838
2644 3 2 1 3 2838 2866 2867 2839
2645 3 2 1 3 2839 2867 2868 2840
2646 3 2 1 3 2840 2868 2869 2841
2647 3 2 1 3 2841 2869 2870 2842
2648 3 2 1 3 2842 2870 2871 2843
2649 3 2 1 3 2843 2871 2872 2844
2650 3 2 1 3 2844 2872 2873 2845
2651 3 2 1 3 2845 2873 2874 2846
2652 3 2 1 3 2846 2874 2875 2847
2653 3 2 1 3 2847 2875 2876 2848
2654 3 2 1 3 2848 2876 302 303
2655 3 2 1 3 255 256 2877 2849
2656 3 2 1 3 2849 2877 2878 2850
2657 3 2 1 3 2850 2878 2879 2851
2658 3 2 1 3 2851 2879 2880 2852
2659 3 2 1 3 2852 2880 2881 2853
2660 3 2 1 3 2853 2881 2882 2854
2661 3 2 1 3 2854 2882 2883 2855
2662 3 2 1 3 2855 2883 2884 2856
2663 3 2 1 3 2856 2884 2885 2857
2664 3 2 1 3 2857 2885 2886 2858
2665 3 2 1 3 2858 2886 2887 2859
2666 3 2 1 3 2859 2887 2888 2860
2667 3 2 1 3 2860 2888 2889 2861
2668 3 2 1 3 2861 2889 2890 2862
2669 3 2 1 3 2862 2890 2891 2863
2670 3 2 1 3 2863 2891 2892 2864
2671 3 2 1 3 2864 2892 2893 2865
2672 3 2 1 3 2865 2893 2894 2866
2673 3 2 1 3 2866 2894 2895 2867
2674 3 2 1 3 2867 2895 2896 2868
2675 3 2 1 3 2868 2896 2897 2869
2676 3 2 1 3 2869 2897 2898 2870
2677 3 2 1 3 2870 2898 2899 2871
2678 3 2 1 3 2871 2899 2900 2872
2679 3 2 1 3 2872 2900 2901 2873
2680 3 2 1 3 2873 2901 2902 2874
2681 3 2 1 3 2874 2902 2903 2875
2682 3 2 1 3 2875 2903 2904 2876
2683 3 2 1 3 2876 2904 301 302
2684 3 2 1 3 256 257 2905 2877
2685 3 2 1 3 2877 2905 2906 2878
2686 3 2 1 3 2878 2906 2907 2879
2687 3 2 1 3 2879 2907 2908 2880
2688 3 2 1 3 2880 2908 2909 2881
2689 3 2 1 3 2881 2909 2910 2882
2690 3 2 1 3 2882 2910 2911 2883
2691 3 2 1 3 2883 2911 2912 2884
2692 3 2 1 3 2884 2912 2913 2885
2693 3 2 1 3 2885 2913 2914 2886
2694 3 2 1 3 2886 2914 2915 2887
2695 3 2 1 3 2887 2915 2916 2888
2696 3 2 1 3 2888 2916 2917 2889
2697 3 2 1 3 2889 2917 2918 2890
2698 3 2 1 3 2890 2918 2919 2891
2699 3 2 1 3 2891 2919 2920 2892
2700 3 2 1 3 2892 2920 2921 2893
2701 3 2 1 3 2893 2921 2922 2894
2702 3 2 1 3 2894 2922 2923 2895
2703 3 2 1 3 2895 2923 2924 2896
2704 3 2 1 3 2896 2924 2925 2897
2705 3 2 1 3 2897 2925 2926 2898
2706 3 2 1 3 2898 2926 2927 2899
2707 3 2 1 3 2899 2927 2928 2900
2708 3 2 1 3 2900 2928 2929 2901
2709 3 2 1 3 2901 2929 2930 2902
2710 3 2 1 3 2902 2930 2931 2903
2711 3 2 1 3 2903 2931 2932 2904
2712 3 2 1 3 2904 2932 300 301
2713 3 2 1 3 257 258 2933 2905
2714 3 2 1 3 2905 2933 2934 2906
2715 3 2 1 3 2906 2934 2935 2907
2716 3 2 1 3 2907 2935 2936 2908
2717 3 2 1 3 2908 2936 2937 2909
2718 3 2 1 3 2909 2937 2938 2910
2719 3 2 1 3 2910 2938 2939 2911
2720 3 2 1 3 2911 2939 2940 2912
2721 3 2 1 3 2912 2940 2941 2913
2722 3 2 1 3 2913 2941 2942 2914
2723 3 2 1 3 2914 2942 2943 2915
2724 3 2 1 3 2915 2943 2944 2916
2725 3 2 1 3 2916 2944 2945 2917
2726 3 2 1 3 2917 2945 2946 2918
2727 3 2 1 3 2918 2946 2947 2919
2728 3 2 1 3 2919 2947 2948 2920
2729 3 2 1 3 2920 2948 2949 2921
2730 3 2 1 3 2921 2949 2950 2922
2731 3 2 1 3 2922 2950 2951 2923
2732 3 2 1 3 2923 2951 2952 2924
2733 3 2 1 3 2924 2952 2953 2925
2734 3 2 1 3 2925 2953 2954 2926
2735 3 2 1 3 2926 2954 2955 2927
2736 3 2 1 3 2927 2955 2956 2928
2737 3 2 1 3 2928 2956 2957 2929
2738 3 2 1 3 2929 2957 2958 2930
2739 3 2 1 3 2930 2958 2959 2931
2740 3 2 1 3 2931 2959 2960 2932
2741 3 2 1 3 2932 2960 299 300
2742 3 2 1 3 258 259 2961 2933
2743 3 2 1 3 2933 2961 2962 2934
2744 3 2 1 3 2934 2962 2963 2935
2745 3 2 1 3 2935 2963 2964 2936
2746 3 2 1 3 2936 2964 2965 2937
2747 3 2 1 3 2937 2965 2966 2938
2748 3 2 1 3 2938 2966 2967 2939
2749 3 2 1 3 2939 2967 2968 2940
2750 3 2 1 3 2940 2968 2969 2941
2751 3 2 1 3 2941 2969 2970 2942
2752 3 2 1 3 2942 2970 2971 2943
2753 3 2 1 3 2943 2971 2972 2944
2754 3 2 1 3 2944 2972 2973 2945
2755 3 2 1 3 2945 2973 2974 2946
2756 3 2 1 3 2946 2974 2975 2947
2757 3 2 1 3 2947 2975 2976 2948
2758 3 2 1 3 2948 2976 2977 2949
2759 3 2 1 3 2949 2977 2978 2950
2760 3 2 1 3 2950 2978 2979 2951
2761 3 2 1 3 2951 2979 2980 2952
2762 3 2 1 3 2952 2980 2981 2953
2763 3 2 1 3 2953 2981 2982 2954
2764 3 2 1 3 2954 2982 2983 2955
2765 3 2 1 3 2955 2983 2984 2956
2766 3 2 1 3 2956 2984 2985 2957
2767 3 2 1 3 2957 2985 2986 2958
2768 3 2 1 3 2958 2986 2987 2959
2769 3 2 1 3 2959 2987 2988 2960
2770 3 2 1 3 2960 2988 298 299
2771 3 2 1 3 259 260 2989 2961
2772 3 2 1 3 2961 2989 2990 2962
2773 3 2 1 3 2962 2990 2991 2963
2774 3 2 1 3 2963 2991 2992 2964
2775 3 2 1 3 2964 2992 2993 2965
2776 3 2 1 3 2965 2993 2994 2966
2777 3 2 1 3 2966 2994 2995 2967
2778 3 2 1 3 2967 2995 2996 2968
2779 3 2 1 3 2968 2996 2997 2969
2780 3 2 1 3 2969 2997 2998 2970
2781 3 2 1 3 2970 2998 2999 2971
2782 3 2 1 3 2971 2999 3000 2972
2783 3 2 1 3 2972 3000 3001 2973
2784 3 2 1 3 2973 3001 3002 2974
2785 3 2 1 3 2974 3002 3003 2975
2786 3 2 1 3 2975 3003 3004 2976
2787 3 2 1 3 2976 3004 3005 2977
2788 3 2 1 3 2977 3005 3006 2978
2789 3 2 1 3 2978 3006 3007 2979
2790 3 2 1 3 2979 3007 3008 2980
2791 3 2 1 3 2980 3008 3009 2981
2792 3 2 1 3 2981 3009 3010 2982
2793 3 2 1 3 2982 3010 3011 2983
2794 3 2 1 3 2983 3011 3012 2984
2795 3 2 1 3 2984 3012 3013 2985
2796 3 2 1 3 2985 3013 3014 2986
2797 3 2 1 3 2986 3014 3015 2987
2798 3 2 1 3 2987 3015 3016 2988
2799 3 2 1 3 2988 3016 297 298
2800 3 2 1 3 260 261 3017 2989
2801 3 2 1 3 2989 3017 3018 2990
2802 3 2 1 3 2990 3018 3019 2991
2803 3 2 1 3 2991 3019 3020 2992
2804 3 2 1 3 2992 3020 3021 2993
2805 3 2 1 3 2993 3021 3022 2994
2806 3 2 1 3 2994 3022 3023 2995
2807 3 2 1 3 2995 3023 3024 2996
2808 3 2 1 3 2996 3024 3025 2997
2809 3 2 1 3 2997 3025 3026 2998
2810 3 2 1 3 2998 3026 3027 2999
2811 3 2 1 3 2999 3027 3028 3000
2812 3 2 1 3 3000 3028 3029 3001
2813 3 2 1 3 3001 3029 3030 3002
2814 3 2 1 3 3002 3030 3031 3003
2815 3 2 1 3 3003 3031 3032 3004
2816 3 2 1 3 3004 3032 3033 3005
2817 3 2 1 3 3005 3033 3034 3006
2818 3 2 1 3 3006 3034 3035 3007
2819 3 2 1 3 3007 3035 3036 3008
2820 3 2 1 3 3008 3036 3037 3009
2821 3 2 1 3 3009 3037 3038 3010
2822 3 2 1 3 3010 3038 3039 3011
2823 3 2 1 3 3011 3039 3040 3012
2824 3 2 1 3 3012 3040 3041 3013
2825 3 2 1 3 3013 3041 3042 3014
2826 3 2 1 3 3014 3042 3043 3015
2827 3 2 1 3 3015 3043 3044 3016
2828 3 2 1 3 3016 3044 296 297
2829 3 2 1 3 261 262 3045 3017
2830 3 2 1 3 3017 3045 3046 3018
2831 3 2 1 3 3018 3046 3047 3019
2832 3 2 1 3 3019 3047 3048 3020
2833 3 2 1 3 3020 3048 3049 3021
2834 3 2 1 3 3021 3049 3050 3022
2835 3 2 1 3 3022 3050 3051 3023
2836 3 2 1 3 3023 3051 3052 3024
2837 3 2 1 3 3024 3052 3053 3025
2838 3 2 1 3 3025 3053 3054 3026
2839 3 2 1 3 3026 3054 3055 3027
2840 3 2 1 3 3027 3055 3056 3028
2841 3 2 1 3 3028 3056 3057 3029
2842 3 2 1 3 3029 3057 3058 3030
2843 3 2 1 3 3030 3058 3059 3031
2844 3 2 1 3 3031 3059 3060 3032
2845 3 2 1 3 3032 3060 3061 3033
2846 3 2 1 3 3033 3061 3062 3034
2847 3 2 1 3 3034 3062 3063 3035
2848 3 2 1 3 3035 3063 3064 3036
2849 3 2 1 3 3036 3064 3065 3037
2850 3 2 1 3 3037 3065 3066 3038
2851 3 2 1 3 3038 3066 3067 3039
2852 3 2 1 3 3039 3067 3068 3040
2853 3 2 1 3 3040 3068 3069 3041
2854 3 2 1 3 3041 3069 3070 3042
2855 3 2 1 3 3042 3070 3071 3043
2856 3 2 1 3 3043 3071 3072 3044
2857 3 2 1 3 3044 3072 295 296
2858 3 2 1 3 262 263 3073 3045
2859 3 2 1 3 3045 3073 3074 3046
2860 3 2 1 3 3046 3074 3075 3047
2861 3 2 1 3 3047 3075 3076 3048
2862 3 2 1 3 3048 3076 3077 3049
2863 3 2 1 3 3049 3077 3078 3050
2864 3 2 1 3 3050 3078 3079 3051
2865 3 2 1 3 3051 3079 3080 3052
2866 3 2 1 3 3052 3080 3081 3053
2867 3 2 1 3 3053 3081 3082 3054
2868 3 2 1 3 3054 3082 3083 3055
2869 3 2 1 3 3055 3083 3084 3056
2870 3 2 1 3 3056 3084 3085 3057
2871 3 2 1 3 3057 3085 3086 3058
2872 3 2 1 3 3058 3086 3087 3059
2873 3 2 1 3 3059 3087 3088 3060
2874 3 2 1 3 3060 3088 3089 3061
2875 3 2 1 3 3061 3089 3090 3062
2876 3 2 1 3 3062 3090 3091 3063
2877 3 2 1 3 3063 3091 3092 3064
2878 3 2 1 3 3064 3092 3093 3065
2879 3 2 1 3 3065 3093 3094 3066
2880 3 2 1 3 3066 3094 3095 3067
2881 3 2 1 3 3067 3095 3096 3068
2882 3 2 1 3 3068 3096 3097 3069
2883 3 2 1 3 3069 3097 3098 3070
2884 3 2 1 3 3070 3098 3099 3071
2885 3 2 1 3 3071 3099 3100 3072
2886 3 2 1 3 3072 3100 294 295
2887 3 2 1 3 263 264 3101 3073
2888 3 2 1 3 3073 3101 3102 3074
2889 3 2 1 3 3074 3102 3103 3075
2890 3 2 1 3 3075 3103 3104 3076
2891 3 2 1 3 3076 3104 3105 3077
2892 3 2 1 3 3077 3105 3106 3078
2893 3 2 1 3 3078 3106 3107 3079
2894 3 2 1 3 3079 3107 3108 3080
2895 3 2 1 3 3080 3108 3109 3081
2896 3 2 1 3 3081 3109 3110 3082
2897 3 2 1 3 3082 3110 3111 3083
2898 3 2 1 3 3083 3111 3112 3084
2899 3 2 1 3 3084 3112 3113 3085
2900 3 2 1 3 3085 3113 3114 3086
2901 3 2 1 3 3086 3114 3115 3087
2902 3 2 1 3 3087 3115 3116 3088
2903 3 2 1 3 3088 3116 3117 3089
2904 3 2 1 3 3089 3117 3118 3090
2905 3 2 1 3 3090 3118 3119 3091
2906 3 2 1 3 3091 3119 3120 3092
2907 3 2 1 3 3092 3120 3121 3093
2908 3 2 1 3 3093 3121 3122 3094
2909 3 2 1 3 3094 3122 3123 3095
2910 3 2 1 3 3095 3123 3124 3096
2911 3 2 1 3 3096 3124 3125 3097
2912 3 2 1 3 3097 3125 3126 3098
2913 3 2 1 3 3098 3126 3127 3099
2914 3 2 1 3 3099 3127 3128 3100
2915 3 2 1 3 3100 3128 293 294
2916 3 2 1 3 264 4 265 3101
2917 3 2 1 3 3101 265 266 3102
2918 3 2 1 3 3102 266 267 3103
2919 3 2 1 3 3103 267 268 3104
2920 3 2 1 3 3104 268 269 3105
2921 3 2 1 3 3105 269 270 3106
2922 3 2 1 3 3106 270 271 3107
2923 3 2 1 3 3107 271 272 3108
2924 3 2 1 3 3108 272 273 3109
2925 3 2 1 3 3109 273 274 3110
2926 3 2 1 3 3110 274 275 3111
2927 3 2 1 3 3111 275 276 3112
2928 3 2 1 3 3112 276 277 3113
2929 3 2 1 3 3113 277 278 3114
2930 3 2 1 3 3114 278 279 3115
2931 3 2 1 3 3115 279 280 3116
2932 3 2 1 3 3116 280 281 3117
2933 3 2 1 3 3117 281 282 3118
2934 3 2 1 3 3118 282 283 3119
2935 3 2 1 3 3119 283 284 3120
2936 3 2 1 3 3120 284 285 3121
2937 3 2 1 3 3121 285 286 3122
2938 3 2 1 3 3122 286 287 3123
2939 3 2 1 3 3123 287 288 3124
2940 3 2 1 3 3124 288 289 3125
2941 3 2 1 3 3125 289 290 3126
2942 3 2 1 3 3126 290 291 3127
2943 3 2 1 3 3127 291 292 3128
2944 3 2 1 3 3128 292 5 293
2945 3 2 1 4 13 309 3129 61
2946 3 2 1 4 309 310 3130 3129
2947 3 2 1 4 310 16 311 3130
2948 3 2 1 4 61 3129 3131 62
2949 3 2 1 4 3129 3130 3132 3131
2950 3 2 1 4 3130 311 312 3132
2951 3 2 1 4 62 3131 3133 63
2952 3 2 1 4 3131 3132 3134 3133
2953 3 2 1 4 3132 312 313 3134
2954 3 2 1 4 63 3133 3135 64
2955 3 2 1 4 3133 3134 3136 3135
2956 3 2 1 4 3134 313 314 3136
2957 3 2 1 4 64 3135 3137 65
2958 3 2 1 4 3135 3136 3138 3137
2959 3 2 1 4 3136 314 315 3138
2960 3 2 1 4 65 3137 3139 66
2961 3 2 1 4 3137 3138 3140 3139
2962 3 2 1 4 3138 315 316 3140
2963 3 2 1 4 66 3139 3141 67
2964 3 2 1 4 3139 3140 3142 3141
2965 3 2 1 4 3140 316 317 3142
2966 3 2 1 4 67 3141 3143 68
2967 3 2 1 4 3141 3142 3144 3143
2968 3 2 1 4 3142 317 318 3144
2969 3 2 1 4 68 3143 3145 69
2970 3 2 1 4 3143 3144 3146 3145
2971 3 2 1 4 3144 318 319 3146
2972 3 2 1 4 69 3145 3147 70
2973 3 2 1 4 3145 3146 3148 3147
2974 3 2 1 4 3146 319 320 3148
2975 3 2 1 4 70 3147 3149 71
2976 3 2 1 4 3147 3148 3150 3149
2977 3 2 1 4 3148 320 321 3150
2978 3 2 1 4 71 3149 3151 72
2979 3 2 1 4 3149 3150 3152 3151
2980 3 2 1 4 3150 321 322 3152
2981 3 2 1 4 72 3151 3153 73
2982 3 2 1 4 3151 3152 3154 3153
2983 3 2 1 4 3152 322 323 3154
2984 3 2 1 4 73 3153 3155 74
2985 3 2 1 4 3153 3154 3156 3155
2986 3 2 1 4 3154 323 324 3156
2987 3 2 1 4 74 3155 3157 75
2988 3 2 1 4 3155 3156 3158 3157
2989 3 2 1 4 3156 324 325 3158
2990 3 2 1 4 75 3157 3159 76
2991 3 2 1 4 3157 3158 3160 3159
2992 3 2 1 4 3158 325 326 3160
2993 3 2 1 4 76 3159 328 12
2994 3 2 1 4 3159 3160 327 328
2995 3 2 1 4 3160 326 11 327
2996 3 2 2 5 14 329 3161 191
2997 3 2 2 5 329 330 3162 3161
2998 3 2 2 5 330 15 331 3162
2999 3 2 2 5 191 3161 3163 192
3000 3 2 2 5 3161 3162 3164 3163
3001 3 2 2 5 3162 331 332 3164
3002 3 2 2 5 192 3163 3165 193
3003 3 2 2 5 3163 3164 3166 3165
3004 3 2 2 5 3164 332 333 3166
3005 3 2 2 5 193 3165 3167 194
3006 3 2 2 5 3165 3166 3168 3167
3007 3 2 2 5 3166 333 334 3168
3008 3 2 2 5 194 3167 3169 195
3009 3 2 2 5 3167 3168 3170 3169
3010 3 2 2 5 3168 334 335 3170
3011 3 2 2 5 195 3169 3171 196
3012 3 2 2 5 3169 3170 3172 3171
3013 3 2 2 5 3170 335 336 3172
3014 3 2 2 5 196 3171 3173 197
3015 3 2 2 5 3171 3172 3174 3173
3016 3 2 2 5 3172 336 337 3174
3017 3 2 2 5 197 3173 3175 198
3018 3 2 2 5 3173 3174 3176 3175
3019 3 2 2 5 3174 337 338 3176
3020 3 2 2 5 198 3175 3177 199
3021 3 2 2 5 3175 3176 3178 3177
3022 3 2 2 5 3176 338 339 3178
3023 3 2 2 5 199 3177 3179 200
3024 3 2 2 5 3177 3178 3180 3179
3025 3 2 2 5 3178 339 340 3180
3026 3 2 2 5 200 3179 3181 201
3027 3 2 2 5 3179 3180 3182 3181
3028 3 2 2 5 3180 340 341 3182
3029 3 2 2 5 201 3181 3183 202
3030 3 2 2 5 3181 3182 3184 3183
3031 3 2 2 5 3182 341 342 3184
3032 3 2 2 5 202 3183 3185 203
3033 3 2 2 5 3183 3184 3186 3185
3034 3 2 2 5 3184 342 343 3186
3035 3 2 2 5 203 3185 3187 204
3036 3 2 2 5 3185 3186 3188 3187
3037 3 2 2 5 3186 343 344 3188
3038 3 2 2 5 204 3187 3189 205
3039 3 2 2 5 3187 3188 3190 3189
3040 3 2 2 5 3188 344 345 3190
3041 3 2 2 5 205 3189 3191 206
3042 3 2 2 5 3189 3190 3192 3191
3043 3 2 2 5 3190 345 346 3192
3044 3 2 2 5 206 3191 3193 207
3045 3 2 2 5 3191 3192 3194 3193
3046 3 2 2 5 3192 346 347 3194
3047 3 2 2 5 207 3193 3195 208
3048 3 2 2 5 3193 3194 3196 3195
3049 3 2 2 5 3194 347 348 3196
3050 3 2 2 5 208 3195 3197 209
3051 3 2 2 5 3195 3196 3198 3197
3052 3 2 2 5 3196 348 349 3198
3053 3 2 2 5 209 3197 3199 210
3054 3 2 2 5 3197 3198 3200 3199
3055 3 2 2 5 3198 349 350 3200
3056 3 2 2 5 210 3199 3201 211
3057 3 2 2 5 3199 3200 3202 3201
3058 3 2 2 5 3200 350 351 3202
3059 3 2 2 5 211 3201 3203 212
3060 3 2 2 5 3201 3202 3204 3203
3061 3 2 2 5 3202 351 352 3204
3062 3 2 2 5 212 3203 3205 213
3063 3 2 2 5 3203 3204 3206 3205
3064 3 2 2 5 3204 352 353 3206
3065 3 2 2 5 213 3205 3207 214
3066 3 2 2 5 3205 3206 3208 3207
3067 3 2 2 5 3206 353 354 3208
3068 3 2 2 5 214 3207 3209 215
3069 3 2 2 5 3207 3208 3210 3209
3070 3 2 2 5 3208 354 355 3210
3071 3 2 2 5 215 3209 3211 216
3072 3 2 2 5 3209 3210 3212 3211
3073 3 2 2 5 3210 355 356 3212
3074 3 2 2 5 216 3211 3213 217
3075 3 2 2 5 3211 3212 3214 3213
3076 3 2 2 5 3212 356 357 3214
3077 3 2 2 5 217 3213 3215 218
3078 3 2 2 5 3213 3214 3216 3215
3079 3 2 2 5 3214 357 358 3216
3080 3 2 2 5 218 3215 3217 219
3081 3 2 2 5 3215 3216 3218 3217
3082 3 2 2 5 3216 358 359 3218
3083 3 2 2 5 219 3217 3219 220
3084 3 2 2 5 3217 3218 3220 3219
3085 3 2 2 5 3218 359 360 3220
3086 3 2 2 5 220 3219 3221 221
3087 3 2 2 5 3219 3220 3222 3221
3088 3 2 2 5 3220 360 361 3222
3089 3 2 2 5 221 3221 3223 222
3090 3 2 2 5 3221 3222 3224 3223
3091 3 2 2 5 3222 361 362 3224
3092 3 2 2 5 222 3223 3225 223
3093 3 2 2 5 3223 3224 3226 3225
3094 3 2 2 5 3224 362 363 3226
3095 3 2 2 5 223 3225 3227 224
3096 3 2 2 5 3225 3226 3228 3227
3097 3 2 2 5 3226 363 364 3228
3098 3 2 2 5 224 3227 3229 225
3099 3 2 2 5 3227 3228 3230 3229
3100 3 2 2 5 3228 364 365 3230
3101 3 2 2 5 225 3229 3231 226
3102 3 2 2 5 3229 3230 3232 3231
3103 3 2 2 5 3230 365 366 3232
3104 3 2 2 5 226 3231 3233 227
3105 3 2 2 5 3231 3232 3234 3233
3106 3 2 2 5 3232 366 367 3234
3107 3 2 2 5 227 3233 3235 228
3108 3 2 2 5 3233 3234 3236 3235
3109 3 2 2 5 3234 367 368 3236
3110 3 2 2 5 228 3235 3237 229
3111 3 2 2 5 3235 3236 3238 3237
3112 3 2 2 5 3236 368 369 3238
3113 3 2 2 5 229 3237 3239 230
3114 3 2 2 5 3237 3238 3240 3239
3115 3 2 2 5 3238 369 370 3240
3116 3 2 2 5 230 3239 3241 231
3117 3 2 2 5 3239 3240 3242 3241
3118 3 2 2 5 3240 370 371 3242
3119 3 2 2 5 231 3241 3243 232
3120 3 2 2 5 3241 3242 3244 3243
3121 3 2 2 5 3242 371 372 3244
3122 3 2 2 5 232 3243 3245 233
3123 3 2 2 5 3243 3244 3246 3245
3124 3 2 2 5 3244 372 373 3246
3125 3 2 2 5 233 3245 3247 234
3126 3 2 2 5 3245 3246 3248 3247
3127 3 2 2 5 3246 373 374 3248
3128 3 2 2 5 234 3247 3249 235
3129 3 2 2 5 3247 3248 3250 3249
3130 3 2 2 5 3248 374 375 3250
3131 3 2 2 5 235 3249 3251 236
3132 3 2 2 5 3249 3250 3252 3251
3133 3 2 2 5 3250 375 376 3252
3134 3 2 2 5 236 3251 3253 237
3135 3 2 2 5 3251 3252 3254 3253
3136 3 2 2 5 3252 376 377 3254
3137 3 2 2 5 237 3253 3255 238
3138 3 2 2 5 3253 3254 3256 3255
3139 3 2 2 5 3254 377 378 3256
3140 3 2 2 5 238 3255 3257 239
3141 3 2 2 5 3255 3256 3258 3257
3142 3 2 2 5 3256 378 379 3258
3143 3 2 2 5 239 3257 3259 240
3144 3 2 2 5 3257 3258 3260 3259
3145 3 2 2 5 3258 379 380 3260
3146 3 2 2 5 240 3259 3261 241
3147 3 2 2 5 3259 3260 3262 3261
3148 3 2 2 5 3260 380 381 3262
3149 3 2 2 5 241 3261 3263 242
3150 3 2 2 5 3261 3262 3264 3263
3151 3 2 2 5 3262 381 382 3264
3152 3 2 2 5 242 3263 3265 243
3153 3 2 2 5 3263 3264 3266 3265
3154 3 2 2 5 3264 382 383 3266
3155 3 2 2 5 243 3265 3267 244
3156 3 2 2 5 3265 3266 3268 3267
3157 3 2 2 5 3266 383 384 3268
3158 3 2 2 5 244 3267 3269 245
3159 3 2 2 5 3267 3268 3270 3269
3160 3 2 2 5 3268 384 385 3270
3161 3 2 2 5 245 3269 3271 246
3162 3 2 2 5 3269 3270 3272 3271
3163 3 2 2 5 3270 385 386 3272
3164 3 2 2 5 246 3271 3273 247
3165 3 2 2 5 3271 3272 3274 3273
3166 3 2 2 5 3272 386 387 3274
3167 3 2 2 5 247 3273 3275 248
3168 3 2 2 5 3273 3274 3276 3275
3169 3 2 2 5 3274 387 388 3276
3170 3 2 2 5 248 3275 309 13
3171 3 2 2 5 3275 3276 310 309
3172 3 2 2 5 3276 388 16 310
3173 3 2 1 6 5 389 3277 293
3174 3 2 1 6 389 390 3278 3277
3175 3 2 1 6 390 6 391 3278
3176 3 2 1 6 293 3277 3279 294
3177 3 2 1 6 3277 3278 3280 3279
3178 3 2 1 6 3278 391 392 3280
3179 3 2 1 6 294 3279 3281 295
3180 3 2 1 6 3279 3280 3282 3281
3181 3 2 1 6 3280 392 393 3282
3182 3 2 1 6 295 3281 3283 296
3183 3 2 1 6 3281 3282 3284 3283
3184 3 2 1 6 3282 393 394 3284
3185 3 2 1 6 296 3283 3285 297
3186 3 2 1 6 3283 3284 3286 3285
3187 3 2 1 6 3284 394 395 3286
3188 3 2 1 6 297 3285 3287 298
3189 3 2 1 6 3285 3286 3288 3287
3190 3 2 1 6 3286 395 396 3288
3191 3 2 1 6 298 3287 3289 299
3192 3 2 1 6 3287 3288 3290 3289
3193 3 2 1 6 3288 396 397 3290
3194 3 2 1 6 299 3289 3291 300
3195 3 2 1 6 3289 3290 3292 3291
3196 3 2 1 6 3290 397 398 3292
3197 3 2 1 6 300 3291 3293 301
3198 3 2 1 6 3291 3292 3294 3293
3199 3 2 1 6 3292 398 399 3294
3200 3 2 1 6 301 3293 3295 302
3201 3 2 1 6 3293 3294 3296 3295
3202 3 2 1 6 3294 399 400 3296
3203 3 2 1 6 302 3295 3297 303
3204 3 2 1 6 3295 3296 3298 3297
3205 3 2 1 6 3296 400 401 3298
3206 3 2 1 6 303 3297 3299 304
3207 3 2 1 6 3297 3298 3300 3299
3208 3 2 1 6 3298 401 402 3300
3209 3 2 1 6 304 3299 3301 305
3210 3 2 1 6 3299 3300 3302 3301
3211 3 2 1 6 3300 402 403 3302
3212 3 2 1 6 305 3301 3303 306
3213 3 2 1 6 3301 3302 3304 3303
3214 3 2 1 6 3302 403 404 3304
3215 3 2 1 6 306 3303 3305 307
3216 3 2 1 6 3303 3304 3306 3305
3217 3 2 1 6 3304 404 405 3306
3218 3 2 1 6 307 3305 3307 308
3219 3 2 1 6 3305 3306 3308 3307
3220 3 2 1 6 3306 405 406 3308
3221 3 2 1 6 308 3307 329 14
3222 3 2 1 6 3307 3308 330 329
3223 3 2 1 6 3308 406 15 330
3224 3 2 1 7 16 407 3309 311
3225 3 2 1 7 407 408 3310 3309
3226 3 2 1 7 408 409 3311 3310
3227 3 2 1 7 409 410 3312 3311
3228 3 2 1 7 410 411 3313 3312
3229 3 2 1 7 411 412 3314 3313
3230 3 2 1 7 412 413 3315 3314
3231 3 2 1 7 413 414 3316 3315
3232 3 2 1 7 414 415 3317 3316
3233 3 2 1 7 415 416 3318 3317
3234 3 2 1 7 416 417 3319 3318
3235 3 2 1 7 417 418 3320 3319
3236 3 2 1 7 418 419 3321 3320
3237 3 2 1 7 419 420 3322 3321
3238 3 2 1 7 420 421 3323 3322
3239 3 2 1 7 421 422 3324 3323
3240 3 2 1 7 422 423 3325 3324
3241 3 2 1 7 423 424 3326 3325
3242 3 2 1 7 424 425 3327 3326
3243 3 2 1 7 425 426 3328 3327
3244 3 2 1 7 426 427 3329 3328
3245 3 2 1 7 427 428 3330 3329
3246 3 2 1 7 428 429 3331 3330
3247 3 2 1 7 429 430 3332 3331
3248 3 2 1 7 430 431 3333 3332
3249 3 2 1 7 431 432 3334 3333
3250 3 2 1 7 432 433 3335 3334
3251 3 2 1 7 433 434 3336 3335
3252 3 2 1 7 434 9 435 3336
3253 3 2 1 7 311 3309 3337 312
3254 3 2 1 7 3309 3310 3338 3337
3255 3 2 1 7 3310 3311 3339 3338
3256 3 2 1 7 3311 3312 3340 3339
3257 3 2 1 7 3312 3313 3341 3340
3258 3 2 1 7 3313 3314 3342 3341
3259 3 2 1 7 3314 3315 3343 3342
3260 3 2 1 7 3315 3316 3344 3343
3261 3 2 1 7 3316 3317 3345 3344
3262 3 2 1 7 3317 3318 3346 3345
3263 3 2 1 7 3318 3319 3347 3346
3264 3 2 1 7 3319 3320 3348 3347
3265 3 2 1 7 3320 3321 3349 3348
3266 3 2 1 7 3321 3322 3350 3349
3267 3 2 1 7 3322 3323 3351 3350
3268 3 2 1 7 3323 3324 3352 3351
3269 3 2 1 7 3324 3325 3353 3352
3270 3 2 1 7 3325 3326 3354 3353
3271 3 2 1 7 3326 3327 3355 3354
3272 3 2 1 7 3327 3328 3356 3355
3273 3 2 1 7 3328 3329 3357 3356
3274 3 2 1 7 3329 3330 3358 3357
3275 3 2 1 7 3330 3331 3359 3358
3276 3 2 1 7 3331 3332 3360 3359
3277 3 2 1 7 3332 3333 3361 3360
3278 3 2 1 7 3333 3334 3362 3361
3279 3 2 1 7 3334 3335 3363 3362
3280 3 2 1 7 3335 3336 3364 3363
3281 3 2 1 7 3336 435 436 3364
3282 3 2 1 7 312 3337 3365 313
3283 3 2 1 7 3337 3338 3366 3365
3284 3 2 1 7 3338 3339 3367 3366
3285 3 2 1 7 3339 3340 3368 3367
3286 3 2 1 7 3340 3341 3369 3368
3287 3 2 1 7 3341 3342 3370 3369
3288 3 2 1 7 3342 3343 3371 3370
3289 3 2 1 7 3343 3344 3372 3371
3290 3 2 1 7 3344 3345 3373 3372
3291 3 2 1 7 3345 3346 3374 3373
3292 3 2 1 7 3346 3347 3375 3374
3293 3 2 1 7 3347 3348 3376 3375
3294 3 2 1 7 3348 3349 3377 3376
3295 3 2 1 7 3349 3350 3378 3377
3296 3 2 1 7 3350 3351 3379 3378
3297 3 2 1 7 3351 3352 3380 3379
3298 3 2 1 7 3352 3353 3381 3380
3299 3 2 1 7 3353 3354 3382 3381
3300 3 2 1 7 3354 3355 3383 3382
3301 3 2 1 7 3355 3356 3384 3383
3302 3 2 1 7 3356 3357 3385 3384
3303 3 2 1 7 3357 3358 3386 3385
3304 3 2 1 7 3358 3359 3387 3386
3305 3 2 1 7 3359 3360 3388 3387
3306 3 2 1 7 3360 3361 3389 3388
3307 3 2 1 7 3361 3362 3390 3389
3308 3 2 1 7 3362 3363 3391 3390
3309 3 2 1 7 3363 3364 3392 3391
3310 3 2 1 7 3364 436 437 3392
3311 3 2 1 7 313 3365 3393 314
3312 3 2 1 7 3365 3366 3394 3393
3313 3 2 1 7 3366 3367 3395 3394
3314 3 2 1 7 3367 3368 3396 3395
3315 3 2 1 7 3368 3369 3397 3396
3316 3 2 1 7 3369 3370 3398 3397
3317 3 2 1 7 3370 3371 3399 3398
3318 3 2 1 7 3371 3372 3400 3399
3319 3 2 1 7 3372 3373 3401 3400
3320 3 2 1 7 3373 3374 3402 3401
3321 3 2 1 7 3374 3375 3403 3402
3322 3 2 1 7 3375 3376 3404 3403
3323 3 2 1 7 3376 3377 3405 3404
3324 3 2 1 7 3377 3378 3406 3405
3325 3 2 1 7 3378 3379 3407 3406
3326 3 2 1 7 3379 3380 3408 3407
3327 3 2 1 7 3380 3381 3409 3408
3328 3 2 1 7 3381 3382 3410 3409
3329 3 2 1 7 3382 3383 3411 3410
3330 3 2 1 7 3383 3384 3412 3411
3331 3 2 1 7 3384 3385 3413 3412
3332 3 2 1 7 3385 3386 3414 3413
3333 3 2 1 7 3386 3387 3415 3414
3334 3 2 1 7 3387 3388 3416 3415
3335 3 2 1 7 3388 3389 3417 3416
3336 3 2 1 7 3389 3390 3418 3417
3337 3 2 1 7 3390 3391 3419 3418
3338 3 2 1 7 3391 3392 3420 3419
3339 3 2 1 7 3392 437 438 3420
3340 3 2 1 7 314 3393 3421 315
3341 3 2 1 7 3393 3394 3422 3421
3342 3 2 1 7 3394 3395 3423 3422
3343 3 2 1 7 3395 3396 3424 3423
3344 3 2 1 7 3396 3397 3425 3424
3345 3 2 1 7 3397 3398 3426 3425
3346 3 2 1 7 3398 3399 3427 3426
3347 3 2 1 7 3399 3400 3428 3427
3348 3 2 1 7 3400 3401 3429 3428
3349 3 2 1 7 3401 3402 3430 3429
3350 3 2 1 7 3402 3403 3431 3430
3351 3 2 1 7 3403 3404 3432 3431
3352 3 2 1 7 3404 3405 3433 3432
3353 3 2 1 7 3405 3406 3434 3433
3354 3 2 1 7 3406 3407 3435 3434
3355 3 2 1 7 3407 3408 3436 3435
3356 3 2 1 7 3408 3409 3437 3436
3357 3 2 1 7 3409 3410 3438 3437
3358 3 2 1 7 3410 3411 3439 3438
3359 3 2 1 7 3411 3412 3440 3439
3360 3 2 1 7 3412 3413 3441 3440
3361 3 2 1 7 3413 3414 3442 3441
3362 3 2 1 7 3414 3415 3443 3442
3363 3 2 1 7 3415 3416 3444 3443
3364 3 2 1 7 3416 3417 3445 3444
3365 3 2 1 7 3417 3418 3446 3445
3366 3 2 1 7 3418 3419 3447 3446
3367 3 2 1 7 3419 3420 3448 3447
3368 3 2 1 7 3420 438 439 3448
3369 3 2 1 7 315 3421 3449 316
3370 3 2 1 7 3421 3422 3450 3449
3371 3 2 1 7 3422 3423 3451 3450
3372 3 2 1 7 3423 3424 3452 3451
3373 3 2 1 7 3424 3425 3453 3452
3374 3 2 1 7 3425 3426 3454 3453
3375 3 2 1 7 3426 3427 3455 3454
3376 3 2 1 7 3427 3428 3456 3455
3377 3 2 1 7 3428 3429 3457 3456
3378 3 2 1 7 3429 3430 3458 3457
3379 3 2 1 7 3430 3431 3459 3458
3380 3 2 1 7 3431 3432 3460 3459
3381 3 2 1 7 3432 3433 3461 3460
3382 3 2 1 7 3433 3434 3462 3461
3383 3 2 1 7 3434 3435 3463 3462
3384 3 2 1 7 3435 3436 3464 3463
3385 3 2 1 7 3436 3437 3465 3464
3386 3 2 1 7 3437 3438 3466 3465
3387 3 2 1 7 3438 3439 3467 3466
3388 3 2 1 7 3439 3440 3468 3467
3389 3 2 1 7 3440 3441 3469 3468
3390 3 2 1 7 3441 3442 3470 3469
3391 3 2 1 7 3442 3443 3471 3470
3392 3 2 1 7 3443 3444 3472 3471
3393 3 2 1 7 3444 3445 3473 3472
3394 3 2 1 7 3445 3446 3474 3473
3395 3 2 1 7 3446 3447 3475 3474
3396 3 2 1 7 3447 3448 3476 3475
3397 3 2 1 7 3448 439 440 3476
3398 3 2 1 7 316 3449 3477 317
3399 3 2 1 7 3449 3450 3478 3477
3400 3 2 1 7 3450 3451 3479 3478
3401 3 2 1 7 3451 3452 3480 3479
3402 3 2 1 7 3452 3453 3481 3480
3403 3 2 1 7 3453 3454 3482 3481
3404 3 2 1 7 3454 3455 3483 3482
3405 3 2 1 7 3455 3456 3484 3483
3406 3 2 1 7 3456 3457 3485 3484
3407 3 2 1 7 3457 3458 3486 3485
3408 3 2 1 7 3458 3459 3487 3486
3409 3 2 1 7 3459 3460 3488 3487
3410 3 2 1 7 3460 3461 3489 3488
3411 3 2 1 7 3461 3462 3490 3489
3412 3 2 1 7 3462 3463 3491 3490
3413 3 2 1 7 3463 3464 3492 3491
3414 3 2 1 7 3464 3465 3493 3492
3415 3 2 1 7 3465 3466 3494 3493
3416 3 2 1 7 3466 3467 3495 3494
3417 3 2 1 7 3467 3468 3496 3495
3418 3 2 1 7 3468 3469 3497 3496
3419 3 2 1 7 3469 3470 3498 3497
3420 3 2 1 7 3470 3471 3499 3498
3421 3 2 1 7 3471 3472 3500 3499
3422 3 2 1 7 3472 3473 3501 3500
3423 3 2 1 7 3473 3474 3502 3501
3424 3 2 1 7 3474 3475 3503 3502
3425 3 2 1 7 3475 3476 3504 3503
3426 3 2 1 7 3476 440 441 3504
3427 3 2 1 7 317 3477 3505 318
3428 3 2 1 7 3477 3478 3506 3505
3429 3 2 1 7 3478 3479 3507 3506
3430 3 2 1 7 3479 3480 3508 3507
3431 3 2 1 7 3480 3481 3509 3508
3432 3 2 1 7 3481 3482 3510 3509
3433 3 2 1 7 3482 3483 3511 3510
3434 3 2 1 7 3483 3484 3512 3511
3435 3 2 1 7 3484 3485 3513 3512
3436 3 2 1 7 3485 3486 3514 3513
3437 3 2 1 7 3486 3487 3515 3514
3438 3 2 1 7 3487 3488 3516 3515
3439 3 2 1 7 3488 3489 3517 3516
3440 3 2 1 7 3489 3490 3518 3517
3441 3 2 1 7 3490 3491 3519 3518
3442 3 2 1 7 3491 3492 3520 3519
3443 3 2 1 7 3492 3493 3521 3520
3444 3 2 1 7 3493 3494 3522 3521
3445 3 2 1 7 3494 3495 3523 3522
3446 3 2 1 7 3495 3496 3524 3523
3447 3 2 1 7 3496 3497 3525 3524
3448 3 2 1 7 3497 3498 3526 3525
3449 3 2 1 7 3498 3499 3527 3526
3450 3 2 1 7 3499 3500 3528 3527
3451 3 2 1 7 3500 3501 3529 3528
3452 3 2 1 7 3501 3502 3530 3529
3453 3 2 1 7 3502 3503 3531 3530
3454 3 2 1 7 3503 3504 3532 3531
3455 3 2 1 7 3504 441 442 3532
3456 3 2 1 7 318 3505 3533 319
3457 3 2 1 7 3505 3506 3534 3533
3458 3 2 1 7 3506 3507 3535 3534
3459 3 2 1 7 3507 3508 3536 3535
3460 3 2 1 7 3508 3509 3537 3536
3461 3 2 1 7 3509 3510 3538 3537
3462 3 2 1 7 3510 3511 3539 3538
3463 3 2 1 7 3511 3512 3540 3539
3464 3 2 1 7 3512 3513 3541 3540
3465 3 2 1 7 3513 3514 3542 3541
3466 3 2 1 7 3514 3515 3543 3542
3467 3 2 1 7 3515 3516 3544 3543
3468 3 2 1 7 3516 3517 3545 3544
3469 3 2 1 7 3517 3518 3546 3545
3470 3 2 1 7 3518 3519 3547 3546
3471 3 2 1 7 3519 3520 3548 3547
3472 3 2 1 7 3520 3521 3549 3548
3473 3 2 1 7 3521 3522 3550 3549
3474 3 2 1 7 3522 3523 3551 3550
3475 3 2 1 7 3523 3524 3552 3551
3476 3 2 1 7 3524 3525 3553 3552
3477 3 2 1 7 3525 3526 3554 3553
3478 3 2 1 7 3526 3527 3555 3554
3479 3 2 1 7 3527 3528 3556 3555
3480 3 2 1 7 3528 3529 3557 3556
3481 3 2 1 7 3529 3530 3558 3557
3482 3 2 1 7 3530 3531 3559 3558
3483 3 2 1 7 3531 3532 3560 3559
3484 3 2 1 7 3532 442 443 3560
3485 3 2 1 7 319 3533 3561 320
3486 3 2 1 7 3533 3534 3562 3561
3487 3 2 1 7 3534 3535 3563 3562
3488 3 2 1 7 3535 3536 3564 3563
3489 3 2 1 7 3536 3537 3565 3564
3490 3 2 1 7 3537 3538 3566 3565
3491 3 2 1 7 3538 3539 3567 3566
3492 3 2 1 7 3539 3540 3568 3567
3493 3 2 1 7 3540 3541 3569 3568
3494 3 2 1 7 3541 3542 3570 3569
3495 3 2 1 7 3542 3543 3571 3570
3496 3 2 1 7 3543 3544 3572 3571
3497 3 2 1 7 3544 3545 3573 3572
3498 3 2 1 7 3545 3546 3574 3573
3499 3 2 1 7 3546 3547 3575 3574
3500 3 2 1 7 3547 3548 3576 3575
3501 3 2 1 7 3548 3549 3577 3576
3502 3 2 1 7 3549 3550 3578 3577
3503 3 2 1 7 3550 3551 3579 3578
3504 3 2 1 7 3551 3552 3580 3579
3505 3 2 1 7 3552 3553 3581 3580
3506 3 2 1 7 3553 3554 3582 3581
3507 3 2 1 7 3554 3555 3583 3582
3508 3 2 1 7 3555 3556 3584 3583
3509 3 2 1 7 3556 3557 3585 3584
3510 3 2 1 7 3557 3558 3586 3585
3511 3 2 1 7 3558 3559 3587 3586
3512 3 2 1 7 3559 3560 3588 3587
3513 3 2 1 7 3560 443 444 3588
3514 3 2 1 7 320 3561 3589 321
3515 3 2 1 7 3561 3562 3590 3589
3516 3 2 1 7 3562 3563 3591 3590
3517 3 2 1 7 3563 3564 3592 3591
3518 3 2 1 7 3564 3565 3593 3592
3519 3 2 1 7 3565 3566 3594 3593
3520 3 2 1 7 3566 3567 3595 3594
3521 3 2 1 7 3567 3568 3596 3595
3522 3 2 1 7 3568 3569 3597 3596
3523 3 2 1 7 3569 3570 3598 3597
3524 3 2 1 7 3570 3571 3599 3598
3525 3 2 1 7 3571 3572 3600 3599
3526 3 2 1 7 3572 3573 3601 3600
3527 3 2 1 7 3573 3574 3602 3601
3528 3 2 1 7 3574 3575 3603 3602
3529 3 2 1 7 3575 3576 3604 3603
3530 3 2 1 7 3576 3577 3605 3604
3531 3 2 1 7 3577 3578 3606 3605
3532 3 2 1 7 3578 3579 3607 3606
3533 3 2 1 7 3579 3580 3608 3607
3534 3 2 1 7 3580 3581 3609 3608
3535 3 2 1 7 3581 3582 3610 3609
3536 3 2 1 7 3582 3583 3611 3610
3537 3 2 1 7 3583 3584 3612 3611
3538 3 2 1 7 3584 3585 3613 3612
3539 3 2 1 7 3585 3586 3614 3613
3540 3 2 1 7 3586 3587 3615 3614
3541 3 2 1 7 3587 3588 3616 3615
3542 3 2 1 7 3588 444 445 3616
3543 3 2 1 7 321 3589 3617 322
3544 3 2 1 7 3589 3590 3618 3617
3545 3 2 1 7 3590 3591 3619 3618
3546 3 2 1 7 3591 3592 3620 3619
3547 3 2 1 7 3592 3593 3621 3620
3548 3 2 1 7 3593 3594 3622 3621
3549 3 2 1 7 3594 3595 3623 3622
3550 3 2 1 7 3595 3596 3624 3623
3551 3 2 1 7 3596 3597 3625 3624
3552 3 2 1 7 3597 3598 3626 3625
3553 3 2 1 7 3598 3599 3627 3626
3554 3 2 1 7 3599 3600 3628 3627
3555 3 2 1 7 3600 3601 3629 3628
3556 3 2 1 7 3601 3602 3630 3629
3557 3 2 1 7 3602 3603 3631 3630
3558 3 2 1 7 3603 3604 3632 3631
3559 3 2 1 7 3604 3605 3633 3632
3560 3 2 1 7 3605 3606 3634 3633
3561 3 2 1 7 3606 3607 3635 3634
3562 3 2 1 7 3607 3608 3636 3635
3563 3 2 1 7 3608 3609 3637 3636
3564 3 2 1 7 3609 3610 3638 3637
3565 3 2 1 7 3610 3611 3639 3638
3566 3 2 1 7 3611 3612 3640 3639
3567 3 2 1 7 3612 3613 3641 3640
3568 3 2 1 7 3613 3614 3642 3641
3569 3 2 1 7 3614 3615 3643 3642
3570 3 2 1 7 3615 3616 3644 3643
3571 3 2 1 7 3616 445 446 3644
3572 3 2 1 7 322 3617 3645 323
3573 3 2 1 7 3617 3618 3646 3645
3574 3 2 1 7 3618 3619 3647 3646
3575 3 2 1 7 3619 3620 3648 3647
3576 3 2 1 7 3620 3621 3649 3648
3577 3 2 1 7 3621 3622 3650 3649
3578 3 2 1 7 3622 3623 3651 3650
3579 3 2 1 7 3623 3624 3652 3651
3580 3 2 1 7 3624 3625 3653 3652
3581 3 2 1 7 3625 3626 3654 3653
3582 3 2 1 7 3626 3627 3655 3654
3583 3 2 1 7 3627 3628 3656 3655
3584 3 2 1 7 3628 3629 3657 3656
3585 3 2 1 7 3629 3630 3658 3657
3586 3 2 1 7 3630 3631 3659 3658
3587 3 2 1 7 3631 3632 3660 3659
3588 3 2 1 7 3632 3633 3661 3660
3589 3 2 1 7 3633 3634 3662 3661
3590 3 2 1 7 3634 3635 3663 3662
3591 3 2 1 7 3635 3636 3664 3663
3592 3 2 1 7 3636 3637 3665 3664
3593 3 2 1 7 3637 3638 3666 3665
3594 3 2 1 7 3638 3639 3667 3666
3595 3 2 1 7 3639 3640 3668 3667
3596 3 2 1 7 3640 3641 3669 3668
3597 3 2 1 7 3641 3642 3670 3669
3598 3 2 1 7 3642 3643 3671 3670
3599 3 2 1 7 3643 3644 3672 3671
3600 3 2 1 7 3644 446 447 3672
3601 3 2 1 7 323 3645 3673 324
3602 3 2 1 7 3645 3646 3674 3673
3603 3 2 1 7 3646 3647 3675 3674
3604 3 2 1 7 3647 3648 3676 3675
3605 3 2 1 7 3648 3649 3677 3676
3606 3 2 1 7 3649 3650 3678 3677
3607 3 2 1 7 3650 3651 3679 3678
3608 3 2 1 7 3651 3652 3680 3679
3609 3 2 1 7 3652 3653 3681 3680
3610 3 2 1 7 3653 3654 3682 3681
3611 3 2 1 7 3654 3655 3683 3682
3612 3 2 1 7 3655 3656 3684 3683
3613 3 2 1 7 3656 3657 3685 3684
3614 3 2 1 7 3657 3658 3686 3685
3615 3 2 1 7 3658 3659 3687 3686
3616 3 2 1 7 3659 3660 3688 3687
3617 3 2 1 7 3660 3661 3689 3688
3618 3 2 1 7 3661 3662 3690 3689
3619 3 2 1 7 3662 3663 3691 3690
3620 3 2 1 7 3663 3664 3692 3691
3621 3 2 1 7 3664 3665 3693 3692
3622 3 2 1 7 3665 3666 3694 3693
3623 3 2 1 7 3666 3667 3695 3694
3624 3 2 1 7 3667 3668 3696 3695
3625 3 2 1 7 3668 3669 3697 3696
3626 3 2 1 7 3669 3670 3698 3697
3627 3 2 1 7 3670 3671 3699 3698
3628 3 2 1 7 3671 3672 3700 3699
3629 3 2 1 7 3672 447 448 3700
3630 3 2 1 7 324 3673 3701 325
3631 3 2 1 7 3673 3674 3702 3701
3632 3 2 1 7 3674 3675 3703 3702
3633 3 2 1 7 3675 3676 3704 3703
3634 3 2 1 7 3676 3677 3705 3704
3635 3 2 1 7 3677 3678 3706 3705
3636 3 2 1 7 3678 3679 3707 3706
3637 3 2 1 7 3679 3680 3708 3707
3638 3 2 1 7 3680 3681 3709 3708
3639 3 2 1 7 3681 3682 3710 3709
3640 3 2 1 7 3682 3683 3711 3710
3641 3 2 1 7 3683 3684 3712 3711
3642 3 2 1 7 3684 3685 3713 3712
3643 3 2 1 7 3685 3686 3714 3713
3644 3 2 1 7 3686 3687 3715 3714
3645 3 2 1 7 3687 3688 3716 3715
3646 3 2 1 7 3688 3689 3717 3716
3647 3 2 1 7 3689 3690 3718 3717
3648 3 2 1 7 3690 3691 3719 3718
3649 3 2 1 7 3691 3692 3720 3719
3650 3 2 1 7 3692 3693 3721 3720
3651 3 2 1 7 3693 3694 3722 3721
3652 3 2 1 7 3694 3695 3723 3722
3653 3 2 1 7 3695 3696 3724 3723
3654 3 2 1 7 3696 3697 3725 3724
3655 3 2 1 7 3697 3698 3726 3725
3656 3 2 1 7 3698 3699 3727 3726
3657 3 2 1 7 3699 3700 3728 3727
3658 3 2 1 7 3700 448 449 3728
3659 3 2 1 7 325 3701 3729 326
3660 3 2 1 7 3701 3702 3730 3729
3661 3 2 1 7 3702 3703 3731 3730
3662 3 2 1 7 3703 3704 3732 3731
3663 3 2 1 7 3704 3705 3733 3732
3664 3 2 1 7 3705 3706 3734 3733
3665 3 2 1 7 3706 3707 3735 3734
3666 3 2 1 7 3707 3708 3736 3735
3667 3 2 1 7 3708 3709 3737 3736
3668 3 2 1 7 3709 3710 3738 3737
3669 3 2 1 7 3710 3711 3739 3738
3670 3 2 1 7 3711 3712 3740 3739
3671 3 2 1 7 3712 3713 3741 3740
3672 3 2 1 7 3713 3714 3742 3741
3673 3 2 1 7 3714 3715 3743 3742
3674 3 2 1 7 3715 3716 3744 3743
3675 3 2 1 7 3716 3717 3745 3744
3676 3 2 1 7 3717 3718 3746 3745
3677 3 2 1 7 3718 3719 3747 3746
3678 3 2 1 7 3719 3720 3748 3747
3679 3 2 1 7 3720 3721 3749 3748
3680 3 2 1 7 3721 3722 3750 3749
3681 3 2 1 7 3722 3723 3751 3750
3682 3 2 1 7 3723 3724 3752 3751
3683 3 2 1 7 3724 3725 3753 3752
3684 3 2 1 7 3725 3726 3754 3753
3685 3 2 1 7 3726 3727 3755 3754
3686 3 2 1 7 3727 3728 3756 3755
3687 3 2 1 7 3728 449 450 3756
3688 3 2 1 7 326 3729 478 11
3689 3 2 1 7 3729 3730 477 478
3690 3 2 1 7 3730 3731 476 477
3691 3 2 1 7 3731 3732 475 476
3692 3 2 1 7 3732 3733 474 475
3693 3 2 1 7 3733 3734 473 474
3694 3 2 1 7 3734 3735 472 473
3695 3 2 1 7 3735 3736 471 472
3696 3 2 1 7 3736 3737 470 471
3697 3 2 1 7 3737 3738 469 470
3698 3 2 1 7 3738 3739 468 469
3699 3 2 1 7 3739 3740 467 468
3700 3 2 1 7 3740 3741 466 467
3701 3 2 1 7 3741 3742 465 466
3702 3 2 1 7 3742 3743 464 465
3703 3 2 1 7 3743 3744 463 464
3704 3 2 1 7 3744 3745 462 463
3705 3 2 1 7 3745 3746 461 462
3706 3 2 1 7 3746 3747 460 461
3707 3 2 1 7 3747 3748 459 460
3708 3 2 1 7 3748 3749 458 459
3709 3 2 1 7 3749 3750 457 458
3710 3 2 1 7 3750 3751 456 457
3711 3 2 1 7 3751 3752 455 456
3712 3 2 1 7 3752 3753 454 455
3713 3 2 1 7 3753 3754 453 454
3714 3 2 1 7 3754 3755 452 453
3715 3 2 1 7 3755 3756 451 452
3716 3 2 1 7 3756 450 10 451
3717 3 2 1 8 15 479 3757 331
3718 3 2 1 8 479 480 3758 3757
3719 3 2 1 8 480 481 3759 3758
3720 3 2 1 8 481 482 3760 3759
3721 3 2 1 8 482 483 3761 3760
3722 3 2 1 8 483 484 3762 3761
3723 3 2 1 8 484 485 3763 3762
3724 3 2 1 8 485 486 3764 3763
3725 3 2 1 8 486 487 3765 3764
3726 3 2 1 8 487 488 3766 3765
3727 3 2 1 8 488 489 3767 3766
3728 3 2 1 8 489 490 3768 3767
3729 3 2 1 8 490 491 3769 3768
3730 3 2 1 8 491 492 3770 3769
3731 3 2 1 8 492 493 3771 3770
3732 3 2 1 8 493 494 3772 3771
3733 3 2 1 8 494 495 3773 3772
3734 3 2 1 8 495 496 3774 3773
3735 3 2 1 8 496 497 3775 3774
3736 3 2 1 8 497 498 3776 3775
3737 3 2 1 8 498 499 3777 3776
3738 3 2 1 8 499 500 3778 3777
3739 3 2 1 8 500 501 3779 3778
3740 3 2 1 8 501 502 3780 3779
3741 3 2 1 8 502 503 3781 3780
3742 3 2 1 8 503 504 3782 3781
3743 3 2 1 8 504 505 3783 3782
3744 3 2 1 8 505 506 3784 3783
3745 3 2 1 8 506 8 507 3784
3746 3 2 1 8 331 3757 3785 332
3747 3 2 1 8 3757 3758 3786 3785
3748 3 2 1 8 3758 3759 3787 3786
3749 3 2 1 8 3759 3760 3788 3787
3750 3 2 1 8 3760 3761 3789 3788
3751 3 2 1 8 3761 3762 3790 3789
3752 3 2 1 8 3762 3763 3791 3790
3753 3 2 1 8 3763 3764 3792 3791
3754 3 2 1 8 3764 3765 3793 3792
3755 3 2 1 8 3765 3766 3794 3793
3756 3 2 1 8 3766 3767 3795 3794
3757 3 2 1 8 3767 3768 3796 3795
3758 3 2 1 8 3768 3769 3797 3796
3759 3 2 1 8 3769 3770 3798 3797
3760 3 2 1 8 3770 3771 3799 3798
3761 3 2 1 8 3771 3772 3800 3799
3762 3 2 1 8 3772 3773 3801 3800
3763 3 2 1 8 3773 3774 3802 3801
3764 3 2 1 8 3774 3775 3803 3802
3765 3 2 1 8 3775 3776 3804 3803
3766 3 2 1 8 3776 3777 3805 3804
3767 3 2 1 8 3777 3778 3806 3805
3768 3 2 1 8 3778 3779 3807 3806
3769 3 2 1 8 3779 3780 3808 3807
3770 3 2 1 8 3780 3781 3809 3808
3771 3 2 1 8 3781 3782 3810 3809
3772 3 2 1 8 3782 3783 3811 3810
3773 3 2 1 8 3783 3784 3812 3811
3774 3 2 1 8 3784 507 508 3812
3775 3 2 1 8 332 3785 3813 333
3776 3 2 1 8 3785 3786 3814 3813
3777 3 2 1 8 3786 3787 3815 3814
3778 3 2 1 8 3787 3788 3816 3815
3779 3 2 1 8 3788 3789 3817 3816
3780 3 2 1 8 3789 3790 3818 3817
3781 3 2 1 8 3790 3791 3819 3818
3782 3 2 1 8 3791 3792 3820 3819
3783 3 2 1 8 3792 3793 3821 3820
3784 3 2 1 8 3793 3794 3822 3821
3785 3 2 1 8 3794 3795 3823 3822
3786 3 2 1 8 3795 3796 3824 3823
3787 3 2 1 8 3796 3797 3825 3824
3788 3 2 1 8 3797 3798 3826 3825
3789 3 2 1 8 3798 3799 3827 3826
3790 3 2 1 8 3799 3800 3828 3827
3791 3 2 1 8 3800 3801 3829 3828
3792 3 2 1 8 3801 3802 3830 3829
3793 3 2 1 8 3802 3803 3831 3830
3794 3 2 1 8 3803 3804 3832 3831
3795 3 2 1 8 3804 3805 3833 3832
3796 3 2 1 8 3805 3806 3834 3833
3797 3 2 1 8 3806 3807 3835 3834
3798 3 2 1 8 3807 3808 3836 3835
3799 3 2 1 8 3808 3809 3837 3836
3800 3 2 1 8 3809 3810 3838 3837
3801 3 2 1 8 3810 3811 3839 3838
3802 3 2 1 8 3811 3812 3840 3839
3803 3 2 1 8 3812 508 509 3840
3804 3 2 1 8 333 3813 3841 334
3805 3 2 1 8 3813 3814 3842 3841
3806 3 2 1 8 3814 3815 3843 3842
3807 3 2 1 8 3815 3816 3844 3843
3808 3 2 1 8 3816 3817 3845 3844
3809 3 2 1 8 3817 3818 3846 3845
3810 3 2 1 8 3818 3819 3847 3846
3811 3 2 1 8 3819 3820 3848 3847
3812 3 2 1 8 3820 3821 3849 3848
3813 3 2 1 8 3821 3822 3850 3849
3814 3 2 1 8 3822 3823 3851 3850
3815 3 2 1 8 3823 3824 3852 3851
3816 3 2 1 8 3824 3825 3853 3852
3817 3 2 1 8 3825 3826 3854 3853
3818 3 2 1 8 3826 3827 3855 3854
3819 3 2 1 8 3827 3828 3856 3855
3820 3 2 1 8 3828 3829 3857 3856
3821 3 2 1 8 3829 3830 3858 3857
3822 3 2 1 8 3830 3831 3859 3858
3823 3 2 1 8 3831 3832 3860 3859
3824 3 2 1 8 3832 3833 3861 3860
3825 3 2 1 8 3833 3834 3862 3861
3826 3 2 1 8 3834 3835 3863 3862
3827 3 2 1 8 3835 3836 3864 3863
3828 3 2 1 8 3836 3837 3865 3864
3829 3 2 1 8 3837 3838 3866 3865
3830 3 2 1 8 3838 3839 3867 3866
3831 3 2 1 8 3839 3840 3868 3867
3832 3 2 1 8 3840 509 510 3868
3833 3 2 1 8 334 3841 3869 335
3834 3 2 1 8 3841 3842 3870 3869
3835 3 2 1 8 3842 3843 3871 3870
3836 3 2 1 8 3843 3844 3872 3871
3837 3 2 1 8 3844 3845 3873 3872
3838 3 2 1 8 3845 3846 3874 3873
3839 3 2 1 8 3846 3847 3875 3874
3840 3 2 1 8 3847 3848 3876 3875
3841 3 2 1 8 3848 3849 3877 3876
3842 3 2 1 8 3849 3850 3878 3877
3843 3 2 1 8 3850 3851 3879 3878
3844 3 2 1 8 3851 3852 3880 3879
3845 3 2 1 8 3852 3853 3881 3880
3846 3 2 1 8 3853 3854 3882 3881
3847 3 2 1 8 3854 3855 3883 3882
3848 3 2 1 8 3855 3856 3884 3883
3849 3 2 1 8 3856 3857 3885 3884
3850 3 2 1 8 3857 3858 3886 3885
3851 3 2 1 8 3858 3859 3887 3886
3852 3 2 1 8 3859 3860 3888 3887
3853 3 2 1 8 3860 3861 3889 3888
3854 3 2 1 8 3861 3862 3890 3889
3855 3 2 1 8 3862 3863 3891 3890
3856 3 2 1 8 3863 3864 3892 3891
3857 3 2 1 8 3864 3865 3893 3892
3858 3 2 1 8 3865 3866 3894 3893
3859 3 2 1 8 3866 3867 3895 3894
3860 3 2 1 8 3867 3868 3896 3895
3861 3 2 1 8 3868 510 511 3896
3862 3 2 1 8 335 3869 3897 336
3863 3 2 1 8 3869 3870 3898 3897
3864 3 2 1 8 3870 3871 3899 3898
3865 3 2 1 8 3871 3872 3900 3899
3866 3 2 1 8 3872 3873 3901 3900
3867 3 2 1 8 3873 3874 3902 3901
3868 3 2 1 8 3874 3875 3903 3902
3869 3 2 1 8 3875 3876 3904 3903
3870 3 2 1 8 3876 3877 3905 3904
3871 3 2 1 8 3877 3878 3906 3905
3872 3 2 1 8 3878 3879 3907 3906
3873 3 2 1 8 3879 3880 3908 3907
3874 3 2 1 8 3880 3881 3909 3908
3875 3 2 1 8 3881 3882 3910 3909
3876 3 2 1 8 3882 3883 3911 3910
3877 3 2 1 8 3883 3884 3912 3911
3878 3 2 1 8 3884 3885 3913 3912
3879 3 2 1 8 3885 3886 3914 3913
3880 3 2 1 8 3886 3887 3915 3914
3881 3 2 1 8 3887 3888 3916 3915
3882 3 2 1 8 3888 3889 3917 3916
3883 3 2 1 8 3889 3890 3918 3917
3884 3 2 1 8 3890 3891 3919 3918
3885 3 2 1 8 3891 3892 3920 3919
3886 3 2 1 8 3892 3893 3921 3920
3887 3 2 1 8 3893 3894 3922 3921
3888 3 2 1 8 3894 3895 3923 3922
3889 3 2 1 8 3895 3896 3924 3923
3890 3 2 1 8 3896 511 512 3924
3891 3 2 1 8 336 3897 3925 337
3892 3 2 1 8 3897 3898 3926 3925
3893 3 2 1 8 3898 3899 3927 3926
3894 3 2 1 8 3899 3900 3928 3927
3895 3 2 1 8 3900 3901 3929 3928
3896 3 2 1 8 3901 3902 3930 3929
3897 3 2 1 8 3902 3903 3931 3930
3898 3 2 1 8 3903 3904 3932 3931
3899 3 2 1 8 3904 3905 3933 3932
3900 3 2 1 8 3905 3906 3934 3933
3901 3 2 1 8 3906 3907 3935 3934
3902 3 2 1 8 3907 3908 3936 3935
3903 3 2 1 8 3908 3909 3937 3936
3904 3 2 1 8 3909 3910 3938 3937
3905 3 2 1 8 3910 3911 3939 3938
3906 3 2 1 8 3911 3912 3940 3939
3907 3 2 1 8 3912 3913 3941 3940
3908 3 2 1 8 3913 3914 3942 3941
3909 3 2 1 8 3914 3915 3943 3942
3910 3 2 1 8 3915 3916 3944 3943
3911 3 2 1 8 3916 3917 3945 3944
3912 3 2 1 8 3917 3918 3946 3945
3913 3 2 1 8 3918 3919 3947 3946
3914 3 2 1 8 3919 3920 3948 3947
3915 3 2 1 8 3920 3921 3949 3948
3916 3 2 1 8 3921 3922 3950 3949
3917 3 2 1 8 3922 3923 3951 3950
3918 3 2 1 8 3923 3924 3952 3951
3919 3 2 1 8 3924 512 513 3952
3920 3 2 1 8 337 3925 3953 338
3921 3 2 1 8 3925 3926 3954 3953
3922 3 2 1 8 3926 3927 3955 3954
3923 3 2 1 8 3927 3928 3956 3955
3924 3 2 1 8 3928 3929 3957 3956
3925 3 2 1 8 3929 3930 3958 3957
3926 3 2 1 8 3930 3931 3959 3958
3927 3 2 1 8 3931 3932 3960 3959
3928 3 2 1 8 3932 3933 3961 3960
3929 3 2 1 8 3933 3934 3962 3961
3930 3 2 1 8 3934 3935 3963 3962
3931 3 2 1 8 3935 3936 3964 3963
3932 3 2 1 8 3936 3937 3965 3964
3933 3 2 1 8 3937 3938 3966 3965
3934 3 2 1 8 3938 3939 3967 3966
3935 3 2 1 8 3939 3940 3968 3967
3936 3 2 1 8 3940 3941 3969 3968
3937 3 2 1 8 3941 3942 3970 3969
3938 3 2 1 8 3942 3943 3971 3970
3939 3 2 1 8 3943 3944 3972 3971
3940 3 2 1 8 3944 3945 3973 3972
3941 3 2 1 8 3945 3946 3974 3973
3942 3 2 1 8 3946 3947 3975 3974
3943 3 2 1 8 3947 3948 3976 3975
3944 3 2 1 8 3948 3949 3977 3976
3945 3 2 1 8 3949 3950 3978 3977
3946 3 2 1 8 3950 3951 3979 3978
3947 3 2 1 8 3951 3952 3980 3979
3948 3 2 1 8 3952 513 514 3980
3949 3 2 1 8 338 3953 3981 339
3950 3 2 1 8 3953 3954 3982 3981
3951 3 2 1 8 3954 3955 3983 3982
3952 3 2 1 8 3955 3956 3984 3983
3953 3 2 1 8 3956 3957 3985 3984
3954 3 2 1 8 3957 3958 3986 3985
3955 3 2 1 8 3958 3959 3987 3986
3956 3 2 1 8 3959 3960 3988 3987
3957 3 2 1 8 3960 3961 3989 3988
3958 3 2 1 8 3961 3962 3990 3989
3959 3 2 1 8 3962 3963 3991 3990
3960 3 2 1 8 3963 3964 3992 3991
3961 3 2 1 8 3964 3965 3993 3992
3962 3 2 1 8 3965 3966 3994 3993
3963 3 2 1 8 3966 3967 3995 3994
3964 3 2 1 8 3967 3968 3996 3995
3965 3 2 1 8 3968 3969 3997 3996
3966 3 2 1 8 3969 3970 3998 3997
3967 3 2 1 8 3970 3971 3999 3998
3968 3 2 1 8 3971 3972 4000 3999
3969 3 2 1 8 3972 3973 4001 4000
3970 3 2 1 8 3973 3974 4002 4001
3971 3 2 1 8 3974 3975 4003 4002
3972 3 2 1 8 3975 3976 4004 4003
3973 3 2 1 8 3976 3977 4005 4004
3974 3 2 1 8 3977 3978 4006 4005
3975 3 2 1 8 3978 3979 4007 4006
3976 3 2 1 8 3979 3980 4008 4007
3977 3 2 1 8 3980 514 515 4008
3978 3 2 1 8 339 3981 4009 340
3979 3 2 1 8 3981 3982 4010 4009
3980 3 2 1 8 3982 3983 4011 4010
3981 3 2 1 8 3983 3984 4012 4011
3982 3 2 1 8 3984 3985 4013 4012
3983 3 2 1 8 3985 3986 4014 4013
3984 3 2 1 8 3986 3987 4015 4014
3985 3 2 1 8 3987 3988 4016 4015
3986 3 2 1 8 3988 3989 4017 4016
3987 3 2 1 8 3989 3990 4018 4017
3988 3 2 1 8 3990 3991 4019 4018
3989 3 2 1 8 3991 3992 4020 4019
3990 3 2 1 8 3992 3993 4021 4020
3991 3 2 1 8 3993 3994 4022 4021
3992 3 2 1 8 3994 3995 4023 4022
3993 3 2 1 8 3995 3996 4024 4023
3994 3 2 1 8 3996 3997 4025 4024
3995 3 2 1 8 3997 3998 4026 4025
3996 3 2 1 8 3998 3999 4027 4026
3997 3 2 1 8 3999 4000 4028 4027
3998 3 2 1 8 4000 4001 4029 4028
3999 3 2 1 8 4001 4002 4030 4029
4000 3 2 1 8 4002 4003 4031 4030
4001 3 2 1 8 4003 4004 4032 4031
4002 3 2 1 8 4004 4005 4033 4032
4003 3 2 1 8 4005 4006 4034 4033
4004 3 2 1 8 4006 4007 4035 4034
4005 3 2 1 8 4007 4008 4036 4035
4006 3 2 1 8 4008 515 516 4036
4007 3 2 1 8 340 4009 4037 341
4008 3 2 1 8 4009 4010 4038 4037
4009 3 2 1 8 4010 4011 4039 4038
4010 3 2 1 8 4011 4012 4040 4039
4011 3 2 1 8 4012 4013 4041 4040
4012 3 2 1 8 4013 4014 4042 4041
4013 3 2 1 8 4014 4015 4043 4042
4014 3 2 1 8 4015 4016 4044 4043
4015 3 2 1 8 4016 4017 4045 4044
4016 3 2 1 8 4017 4018 4046 4045
4017 3 2 1 8 4018 4019 4047 4046
4018 3 2 1 8 4019 4020 4048 4047
4019 3 2 1 8 4020 4021 4049 4048
4020 3 2 1 8 4021 4022 4050 4049
4021 3 2 1 8 4022 4023 4051 4050
4022 3 2 1 8 4023 4024 4052 4051
4023 3 2 1 8 4024 4025 4053 4052
4024 3 2 1 8 4025 4026 4054 4053
4025 3 2 1 8 4026 4027 4055 4054
4026 3 2 1 8 4027 4028 4056 4055
4027 3 2 1 8 4028 4029 4057 4056
4028 3 2 1 8 4029 4030 4058 4057
4029 3 2 1 8 4030 4031 4059 4058
4030 3 2 1 8 4031 4032 4060 4059
4031 3 2 1 8 4032 4033 4061 4060
4032 3 2 1 8 4033 4034 4062 4061
4033 3 2 1 8 4034 4035 4063 4062
4034 3 2 1 8 4035 4036 4064 4063
4035 3 2 1 8 4036 516 517 4064
4036 3 2 1 8 341 4037 4065 342
4037 3 2 1 8 4037 4038 4066 4065
4038 3 2 1 8 4038 4039 4067 4066
4039 3 2 1 8 4039 4040 4068 4067
4040 3 2 1 8 4040 4041 4069 4068
4041 3 2 1 8 4041 4042 4070 4069
4042 3 2 1 8 4042 4043 4071 4070
4043 3 2 1 8 4043 4044 4072 4071
4044 3 2 1 8 4044 4045 4073 4072
4045 3 2 1 8 4045 4046 4074 4073
4046 3 2 1 8 4046 4047 4075 4074
4047 3 2 1 8 4047 4048 4076 4075
4048 3 2 1 8 4048 4049 4077 4076
4049 3 2 1 8 4049 4050 4078 4077
4050 3 2 1 8 4050 4051 4079 4078
4051 3 2 1 8 4051 4052 4080 4079
4052 3 2 1 8 4052 4053 4081 4080
4053 3 2 1 8 4053 4054 4082 4081
4054 3 2 1 8 4054 4055 4083 4082
4055 3 2 1 8 4055 4056 4084 4083
4056 3 2 1 8 4056 4057 4085 4084
4057 3 2 1 8 4057 4058 4086 4085
4058 3 2 1 8 4058 4059 4087 4086
4059 3 2 1 8 4059 4060 4088 4087
4060 3 2 1 8 4060 4061 4089 4088
4061 3 2 1 8 4061 4062 4090 4089
4062 3 2 1 8 4062 4063 4091 4090
4063 3 2 1 8 4063 4064 4092 4091
4064 3 2 1 8 4064 517 518 4092
4065 3 2 1 8 342 4065 4093 343
4066 3 2 1 8 4065 4066 4094 4093
4067 3 2 1 8 4066 4067 4095 4094
4068 3 2 1 8 4067 4068 4096 4095
4069 3 2 1 8 4068 4069 4097 4096
4070 3 2 1 8 4069 4070 4098 4097
4071 3 2 1 8 4070 4071 4099 4098
4072 3 2 1 8 4071 4072 4100 4099
4073 3 2 1 8 4072 4073 4101 4100
4074 3 2 1 8 4073 4074 4102 4101
4075 3 2 1 8 4074 4075 4103 4102
4076 3 2 1 8 4075 4076 4104 4103
4077 3 2 1 8 4076 4077 4105 4104
4078 3 2 1 8 4077 4078 4106 4105
4079 3 2 1 8 4078 4079 4107 4106
4080 3 2 1 8 4079 4080 4108 4107
4081 3 2 1 8 4080 4081 4109 4108
4082 3 2 1 8 4081 4082 4110 4109
4083 3 2 1 8 4082 4083 4111 4110
4084 3 2 1 8 4083 4084 4112 4111
4085 3 2 1 8 4084 4085 4113 4112
4086 3 2 1 8 4085 4086 4114 4113
4087 3 2 1 8 4086 4087 4115 4114
4088 3 2 1 8 4087 4088 4116 4115
4089 3 2 1 8 4088 4089 4117 4116
4090 3 2 1 8 4089 4090 4118 4117
4091 3 2 1 8 4090 4091 4119 4118
4092 3 2 1 8 4091 4092 4120 4119
4093 3 2 1 8 4092 518 519 4120
4094 3 2 1 8 343 4093 4121 344
4095 3 2 1 8 4093 4094 4122 4121
4096 3 2 1 8 4094 4095 4123 4122
4097 3 2 1 8 4095 4096 4124 4123
4098 3 2 1 8 4096 4097 4125 4124
4099 3 2 1 8 4097 4098 4126 4125
4100 3 2 1 8 4098 4099 4127 4126
4101 3 2 1 8 4099 4100 4128 4127
4102 3 2 1 8 4100 4101 4129 4128
4103 3 2 1 8 4101 4102 4130 4129
4104 3 2 1 8 4102 4103 4131 4130
4105 3 2 1 8 4103 4104 4132 4131
4106 3 2 1 8 4104 4105 4133 4132
4107 3 2 1 8 4105 4106 4134 4133
4108 3 2 1 8 4106 4107 4135 4134
4109 3 2 1 8 4107 4108 4136 4135
4110 3 2 1 8 4108 4109 4137 4136
4111 3 2 1 8 4109 4110 4138 4137
4112 3 2 1 8 4110 4111 4139 4138
4113 3 2 1 8 4111 4112 4140 4139
4114 3 2 1 8 4112 4113 4141 4140
4115 3 2 1 8 4113 4114 4142 4141
4116 3 2 1 8 4114 4115 4143 4142
4117 3 2 1 8 4115 4116 4144 4143
4118 3 2 1 8 4116 4117 4145 4144
4119 3 2 1 8 4117 4118 4146 4145
4120 3 2 1 8 4118 4119 4147 4146
4121 3 2 1 8 4119 4120 4148 4147
4122 3 2 1 8 4120 519 520 4148
4123 3 2 1 8 344 4121 4149 345
4124 3 2 1 8 4121 4122 4150 4149
4125 3 2 1 8 4122 4123 4151 4150
4126 3 2 1 8 4123 4124 4152 4151
4127 3 2 1 8 4124 4125 4153 4152
4128 3 2 1 8 4125 4126 4154 4153
4129 3 2 1 8 4126 4127 4155 4154
4130 3 2 1 8 4127 4128 4156 4155
4131 3 2 1 8 4128 4129 4157 4156
4132 3 2 1 8 4129 4130 4158 4157
4133 3 2 1 8 4130 4131 4159 4158
4134 3 2 1 8 4131 4132 4160 4159
4135 3 2 1 8 4132 4133 4161 4160
4136 3 2 1 8 4133 4134 4162 4161
4137 3 2 1 8 4134 4135 4163 4162
4138 3 2 1 8 4135 4136 4164 4163
4139 3 2 1 8 4136 4137 4165 4164
4140 3 2 1 8 4137 4138 4166 4165
4141 3 2 1 8 4138 4139 4167 4166
4142 3 2 1 8 4139 4140 4168 4167
4143 3 2 1 8 4140 4141 4169 4168
4144 3 2 1 8 4141 4142 4170 4169
4145 3 2 1 8 4142 4143 4171 4170
4146 3 2 1 8 4143 4144 4172 4171
4147 3 2 1 8 4144 4145 4173 4172
4148 3 2 1 8 4145 4146 4174 4173
4149 3 2 1 8 4146 4147 4175 4174
4150 3 2 1 8 4147 4148 4176 4175
4151 3 2 1 8 4148 520 521 4176
4152 3 2 1 8 345 4149 4177 346
4153 3 2 1 8 4149 4150 4178 4177
4154 3 2 1 8 4150 4151 4179 4178
4155 3 2 1 8 4151 4152 4180 4179
4156 3 2 1 8 4152 4153 4181 4180
4157 3 2 1 8 4153 4154 4182 4181
4158 3 2 1 8 4154 4155 4183 4182
4159 3 2 1 8 4155 4156 4184 4183
4160 3 2 1 8 4156 4157 4185 4184
4161 3 2 1 8 4157 4158 4186 4185
4162 3 2 1 8 4158 4159 4187 4186
4163 3 2 1 8 4159 4160 4188 4187
4164 3 2 1 8 4160 4161 4189 4188
4165 3 2 1 8 4161 4162 4190 4189
4166 3 2 1 8 4162 4163 4191 4190
4167 3 2 1 8 4163 4164 4192 4191
4168 3 2 1 8 4164 4165 4193 4192
4169 3 2 1 8 4165 4166 4194 4193
4170 3 2 1 8 4166 4167 4195 4194
4171 3 2 1 8 4167 4168 4196 4195
4172 3 2 1 8 4168 4169 4197 4196
4173 3 2 1 8 4169 4170 4198 4197
4174 3 2 1 8 4170 4171 4199 4198
4175 3 2 1 8 4171 4172 4200 4199
4176 3 2 1 8 4172 4173 4201 4200
4177 3 2 1 8 4173 4174 4202 4201
4178 3 2 1 8 4174 4175 4203 4202
4179 3 2 1 8 4175 4176 4204 4203
4180 3 2 1 8 4176 521 522 4204
4181 3 2 1 8 346 4177 4205 347
4182 3 2 1 8 4177 4178 4206 4205
4183 3 2 1 8 4178 4179 4207 4206
4184 3 2 1 8 4179 4180 4208 4207
4185 3 2 1 8 4180 4181 4209 4208
4186 3 2 1 8 4181 4182 4210 4209
4187 3 2 1 8 4182 4183 4211 4210
4188 3 2 1 8 4183 4184 4212 4211
4189 3 2 1 8 4184 4185 4213 4212
4190 3 2 1 8 4185 4186 4214 4213
4191 3 2 1 8 4186 4187 4215 4214
4192 3 2 1 8 4187 4188 4216 4215
4193 3 2 1 8 4188 4189 4217 4216
4194 3 2 1 8 4189 4190 4218 4217
4195 3 2 1 8 4190 4191 4219 4218
4196 3 2 1 8 4191 4192 4220 4219
4197 3 2 1 8 4192 4193 4221 4220
4198 3 2 1 8 4193 4194 4222 4221
4199 3 2 1 8 4194 4195 4223 4222
4200 3 2 1 8 4195 4196 4224 4223
4201 3 2 1 8 4196 4197 4225 4224
4202 3 2 1 8 4197 4198 4226 4225
4203 3 2 1 8 4198 4199 4227 4226
4204 3 2 1 8 4199 4200 4228 4227
4205 3 2 1 8 4200 4201 4229 4228
4206 3 2 1 8 4201 4202 4230 4229
4207 3 2 1 8 4202 4203 4231 4230
4208 3 2 1 8 4203 4204 4232 4231
4209 3 2 1 8 4204 522 523 4232
4210 3 2 1 8 347 4205 4233 348
4211 3 2 1 8 4205 4206 4234 4233
4212 3 2 1 8 4206 4207 4235 4234
4213 3 2 1 8 4207 4208 4236 4235
4214 3 2 1 8 4208 4209 4237 4236
4215 3 2 1 8 4209 4210 4238 4237
4216 3 2 1 8 4210 4211 4239 4238
4217 3 2 1 8 4211 4212 4240 4239
4218 3 2 1 8 4212 4213 4241 4240
4219 3 2 1 8 4213 4214 4242 4241
4220 3 2 1 8 4214 4215 4243 4242
4221 3 2 1 8 4215 4216 4244 4243
4222 3 2 1 8 4216 4217 4245 4244
4223 3 2 1 8 4217 4218 4246 4245
4224 3 2 1 8 4218 4219 4247 4246
4225 3 2 1 8 4219 4220 4248 4247
4226 3 2 1 8 4220 4221 4249 4248
4227 3 2 1 8 4221 4222 4250 4249
4228 3 2 1 8 4222 4223 4251 4250
4229 3 2 1 8 4223 4224 4252 4251
4230 3 2 1 8 4224 4225 4253 4252
4231 3 2 1 8 4225 4226 4254 4253
4232 3 2 1 8 4226 4227 4255 4254
4233 3 2 1 8 4227 4228 4256 4255
4234 3 2 1 8 4228 4229 4257 4256
4235 3 2 1 8 4229 4230 4258 4257
4236 3 2 1 8 4230 4231 4259 4258
4237 3 2 1 8 4231 4232 4260 4259
4238 3 2 1 8 4232 523 524 4260
4239 3 2 1 8 348 4233 4261 349
4240 3 2 1 8 4233 4234 4262 4261
4241 3 2 1 8 4234 4235 4263 4262
4242 3 2 1 8 4235 4236 4264 4263
4243 3 2 1 8 4236 4237 4265 4264
4244 3 2 1 8 4237 4238 4266 4265
4245 3 2 1 8 4238 4239 4267 4266
4246 3 2 1 8 4239 4240 4268 4267
4247 3 2 1 8 4240 4241 4269 4268
4248 3 2 1 8 4241 4242 4270 4269
4249 3 2 1 8 4242 4243 4271 4270
4250 3 2 1 8 4243 4244 4272 4271
4251 3 2 1 8 4244 4245 4273 4272
4252 3 2 1 8 4245 4246 4274 4273
4253 3 2 1 8 4246 4247 4275 4274
4254 3 2 1 8 4247 4248 4276 4275
4255 3 2 1 8 4248 4249 4277 4276
4256 3 2 1 8 4249 4250 4278 4277
4257 3 2 1 8 4250 4251 4279 4278
4258 3 2 1 8 4251 4252 4280 4279
4259 3 2 1 8 4252 4253 4281 4280
4260 3 2 1 8 4253 4254 4282 4281
4261 3 2 1 8 4254 4255 4283 4282
4262 3 2 1 8 4255 4256 4284 4283
4263 3 2 1 8 4256 4257 4285 4284
4264 3 2 1 8 4257 4258 4286 4285
4265 3 2 1 8 4258 4259 4287 4286
4266 3 2 1 8 4259 4260 4288 4287
4267 3 2 1 8 4260 524 525 4288
4268 3 2 1 8 349 4261 4289 350
4269 3 2 1 8 4261 4262 4290 4289
4270 3 2 1 8 4262 4263 4291 4290
4271 3 2 1 8 4263 4264 4292 4291
4272 3 2 1 8 4264 4265 4293 4292
4273 3 2 1 8 4265 4266 4294 4293
4274 3 2 1 8 4266 4267 4295 4294
4275 3 2 1 8 4267 4268 4296 4295
4276 3 2 1 8 4268 4269 4297 4296
4277 3 2 1 8 4269 4270 4298 4297
4278 3 2 1 8 4270 4271 4299 4298
4279 3 2 1 8 4271 4272 4300 4299
4280 3 2 1 8 4272 4273 4301 4300
4281 3 2 1 8 4273 4274 4302 4301
4282 3 2 1 8 4274 4275 4303 4302
4283 3 2 1 8 4275 4276 4304 4303
4284 3 2 1 8 4276 4277 4305 4304
4285 3 2 1 8 4277 4278 4306 4305
4286 3 2 1 8 4278 4279 4307 4306
4287 3 2 1 8 4279 4280 4308 4307
4288 3 2 1 8 4280 4281 4309 4308
4289 3 2 1 8 4281 4282 4310 4309
4290 3 2 1 8 4282 4283 4311 4310
4291 3 2 1 8 4283 4284 4312 4311
4292 3 2 1 8 4284 4285 4313 4312
4293 3 2 1 8 4285 4286 4314 4313
4294 3 2 1 8 4286 4287 4315 4314
4295 3 2 1 8 4287 4288 4316 4315
4296 3 2 1 8 4288 525 526 4316
4297 3 2 1 8 350 4289 4317 351
4298 3 2 1 8 4289 4290 4318 4317
4299 3 2 1 8 4290 4291 4319 4318
4300 3 2 1 8 4291 4292 4320 4319
4301 3 2 1 8 4292 4293 4321 4320
4302 3 2 1 8 4293 4294 4322 4321
4303 3 2 1 8 4294 4295 4323 4322
4304 3 2 1 8 4295 4296 4324 4323
4305 3 2 1 8 4296 4297 4325 4324
4306 3 2 1 8 4297 4298 4326 4325
4307 3 2 1 8 4298 4299 4327 4326
4308 3 2 1 8 4299 4300 4328 4327
4309 3 2 1 8 4300 4301 4329 4328
4310 3 2 1 8 4301 4302 4330 4329
4311 3 2 1 8 4302 4303 4331 4330
4312 3 2 1 8 4303 4304 4332 4331
4313 3 2 1 8 4304 4305 4333 4332
4314 3 2 1 8 4305 4306 4334 4333
4315 3 2 1 8 4306 4307 4335 4334
4316 3 2 1 8 4307 4308 4336 4335
4317 3 2 1 8 4308 4309 4337 4336
4318 3 2 1 8 4309 4310 4338 4337
4319 3 2 1 8 4310 4311 4339 4338
4320 3 2 1 8 4311 4312 4340 4339
4321 3 2 1 8 4312 4313 4341 4340
4322 3 2 1 8 4313 4314 4342 4341
4323 3 2 1 8 4314 4315 4343 4342
4324 3 2 1 8 4315 4316 4344 4343
4325 3 2 1 8 4316 526 527 4344
4326 3 2 1 8 351 4317 4345 352
4327 3 2 1 8 4317 4318 4346 4345
4328 3 2 1 8 4318 4319 4347 4346
4329 3 2 1 8 4319 4320 4348 4347
4330 3 2 1 8 4320 4321 4349 4348
4331 3 2 1 8 4321 4322 4350 4349
4332 3 2 1 8 4322 4323 4351 4350
4333 3 2 1 8 4323 4324 4352 4351
4334 3 2 1 8 4324 4325 4353 4352
4335 3 2 1 8 4325 4326 4354 4353
4336 3 2 1 8 4326 4327 4355 4354
4337 3 2 1 8 4327 4328 4356 4355
4338 3 2 1 8 4328 4329 4357 4356
4339 3 2 1 8 4329 4330 4358 4357
4340 3 2 1 8 4330 4331 4359 4358
4341 3 2 1 8 4331 4332 4360 4359
4342 3 2 1 8 4332 4333 4361 4360
4343 3 2 1 8 4333 4334 4362 4361
4344 3 2 1 8 4334 4335 4363 4362
4345 3 2 1 8 4335 4336 4364 4363
4346 3 2 1 8 4336 4337 4365 4364
4347 3 2 1 8 4337 4338 4366 4365
4348 3 2 1 8 4338 4339 4367 4366
4349 3 2 1 8 4339 4340 4368 4367
4350 3 2 1 8 4340 4341 4369 4368
4351 3 2 1 8 4341 4342 4370 4369
4352 3 2 1 8 4342 4343 4371 4370
4353 3 2 1 8 4343 4344 4372 4371
4354 3 2 1 8 4344 527 528 4372
4355 3 2 1 8 352 4345 4373 353
4356 3 2 1 8 4345 4346 4374 4373
4357 3 2 1 8 4346 4347 4375 4374
4358 3 2 1 8 4347 4348 4376 4375
4359 3 2 1 8 4348 4349 4377 4376
4360 3 2 1 8 4349 4350 4378 4377
4361 3 2 1 8 4350 4351 4379 4378
4362 3 2 1 8 4351 4352 4380 4379
4363 3 2 1 8 4352 4353 4381 4380
4364 3 2 1 8 4353 4354 4382 4381
4365 3 2 1 8 4354 4355 4383 4382
4366 3 2 1 8 4355 4356 4384 4383
4367 3 2 1 8 4356 4357 4385 4384
4368 3 2 1 8 4357 4358 4386 4385
4369 3 2 1 8 4358 4359 4387 4386
4370 3 2 1 8 4359 4360 4388 4387
4371 3 2 1 8 4360 4361 4389 4388
4372 3 2 1 8 4361 4362 4390 4389
4373 3 2 1 8 4362 4363 4391 4390
4374 3 2 1 8 4363 4364 4392 4391
4375 3 2 1 8 4364 4365 4393 4392
4376 3 2 1 8 4365 4366 4394 4393
4377 3 2 1 8 4366 4367 4395 4394
4378 3 2 1 8 4367 4368 4396 4395
4379 3 2 1 8 4368 4369 4397 4396
4380 3 2 1 8 4369 4370 4398 4397
4381 3 2 1 8 4370 4371 4399 4398
4382 3 2 1 8 4371 4372 4400 4399
4383 3 2 1 8 4372 528 529 4400
4384 3 2 1 8 353 4373 4401 354
4385 3 2 1 8 4373 4374 4402 4401
4386 3 2 1 8 4374 4375 4403 4402
4387 3 2 1 8 4375 4376 4404 4403
4388 3 2 1 8 4376 4377 4405 4404
4389 3 2 1 8 4377 4378 4406 4405
4390 3 2 1 8 4378 4379 4407 4406
4391 3 2 1 8 4379 4380 4408 4407
4392 3 2 1 8 4380 4381 4409 4408
4393 3 2 1 8 4381 4382 4410 4409
4394 3 2 1 8 4382 4383 4411 4410
4395 3 2 1 8 4383 4384 4412 4411
4396 3 2 1 8 4384 4385 4413 4412
4397 3 2 1 8 4385 4386 4414 4413
4398 3 2 1 8 4386 4387 4415 4414
4399 3 2 1 8 4387 4388 4416 4415
4400 3 2 1 8 4388 4389 4417 4416
4401 3 2 1 8 4389 4390 4418 4417
4402 3 2 1 8 4390 4391 4419 4418
4403 3 2 1 8 4391 4392 4420 4419
4404 3 2 1 8 4392 4393 4421 4420
4405 3 2 1 8 4393 4394 4422 4421
4406 3 2 1 8 4394 4395 4423 4422
4407 3 2 1 8 4395 4396 4424 4423
4408 3 2 1 8 4396 4397 4425 4424
4409 3 2 1 8 4397 4398 4426 4425
4410 3 2 1 8 4398 4399 4427 4426
4411 3 2 1 8 4399 4400 4428 4427
4412 3 2 1 8 4400 529 530 4428
4413 3 2 1 8 354 4401 4429 355
4414 3 2 1 8 4401 4402 4430 4429
4415 3 2 1 8 4402 4403 4431 4430
4416 3 2 1 8 4403 4404 4432 4431
4417 3 2 1 8 4404 4405 4433 4432
4418 3 2 1 8 4405 4406 4434 4433
4419 3 2 1 8 4406 4407 4435 4434
4420 3 2 1 8 4407 4408 4436 4435
4421 3 2 1 8 4408 4409 4437 4436
4422 3 2 1 8 4409 4410 4438 4437
4423 3 2 1 8 4410 4411 4439 4438
4424 3 2 1 8 4411 4412 4440 4439
4425 3 2 1 8 4412 4413 4441 4440
4426 3 2 1 8 4413 4414 4442 4441
4427 3 2 1 8 4414 4415 4443 4442
4428 3 2 1 8 4415 4416 4444 4443
4429 3 2 1 8 4416 4417 4445 4444
4430 3 2 1 8 4417 4418 4446 4445
4431 3 2 1 8 4418 4419 4447 4446
4432 3 2 1 8 4419 4420 4448 4447
4433 3 2 1 8 4420 4421 4449 4448
4434 3 2 1 8 4421 4422 4450 4449
4435 3 2 1 8 4422 4423 4451 4450
4436 3 2 1 8 4423 4424 4452 4451
4437 3 2 1 8 4424 4425 4453 4452
4438 3 2 1 8 4425 4426 4454 4453
4439 3 2 1 8 4426 4427 4455 4454
4440 3 2 1 8 4427 4428 4456 4455
4441 3 2 1 8 4428 530 531 4456
4442 3 2 1 8 355 4429 4457 356
4443 3 2 1 8 4429 4430 4458 4457
4444 3 2 1 8 4430 4431 4459 4458
4445 3 2 1 8 4431 4432 4460 4459
4446 3 2 1 8 4432 4433 4461 4460
4447 3 2 1 8 4433 4434 4462 4461
4448 3 2 1 8 4434 4435 4463 4462
4449 3 2 1 8 4435 4436 4464 4463
4450 3 2 1 8 4436 4437 4465 4464
4451 3 2 1 8 4437 4438 4466 4465
4452 3 2 1 8 4438 4439 4467 4466
4453 3 2 1 8 4439 4440 4468 4467
4454 3 2 1 8 4440 4441 4469 4468
4455 3 2 1 8 4441 4442 4470 4469
4456 3 2 1 8 4442 4443 4471 4470
4457 3 2 1 8 4443 4444 4472 4471
4458 3 2 1 8 4444 4445 4473 4472
4459 3 2 1 8 4445 4446 4474 4473
4460 3 2 1 8 4446 4447 4475 4474
4461 3 2 1 8 4447 4448 4476 4475
4462 3 2 1 8 4448 4449 4477 4476
4463 3 2 1 8 4449 4450 4478 4477
4464 3 2 1 8 4450 4451 4479 4478
4465 3 2 1 8 4451 4452 4480 4479
4466 3 2 1 8 4452 4453 4481 4480
4467 3 2 1 8 4453 4454 4482 4481
4468 3 2 1 8 4454 4455 4483 4482
4469 3 2 1 8 4455 4456 4484 4483
4470 3 2 1 8 4456 531 532 4484
4471 3 2 1 8 356 4457 4485 357
4472 3 2 1 8 4457 4458 4486 4485
4473 3 2 1 8 4458 4459 4487 4486
4474 3 2 1 8 4459 4460 4488 4487
4475 3 2 1 8 4460 4461 4489 4488
4476 3 2 1 8 4461 4462 4490 4489
4477 3 2 1 8 4462 4463 4491 4490
4478 3 2 1 8 4463 4464 4492 4491
4479 3 2 1 8 4464 4465 4493 4492
4480 3 2 1 8 4465 4466 4494 4493
4481 3 2 1 8 4466 4467 4495 4494
4482 3 2 1 8 4467 4468 4496 4495
4483 3 2 1 8 4468 4469 4497 4496
4484 3 2 1 8 4469 4470 4498 4497
4485 3 2 1 8 4470 4471 4499 4498
4486 3 2 1 8 4471 4472 4500 4499
4487 3 2 1 8 4472 4473 4501 4500
4488 3 2 1 8 4473 4474 4502 4501
4489 3 2 1 8 4474 4475 4503 4502
4490 3 2 1 8 4475 4476 4504 4503
4491 3 2 1 8 4476 4477 4505 4504
4492 3 2 1 8 4477 4478 4506 4505
4493 3 2 1 8 4478 4479 4507 4506
4494 3 2 1 8 4479 4480 4508 4507
4495 3 2 1 8 4480 4481 4509 4508
4496 3 2 1 8 4481 4482 4510 4509
4497 3 2 1 8 4482 4483 4511 4510
4498 3 2 1 8 4483 4484 4512 4511
4499 3 2 1 8 4484 532 533 4512
4500 3 2 1 8 357 4485 4513 358
4501 3 2 1 8 4485 4486 4514 4513
4502 3 2 1 8 4486 4487 4515 4514
4503 3 2 1 8 4487 4488 4516 4515
4504 3 2 1 8 4488 4489 4517 4516
4505 3 2 1 8 4489 4490 4518 4517
4506 3 2 1 8 4490 4491 4519 4518
4507 3 2 1 8 4491 4492 4520 4519
4508 3 2 1 8 4492 4493 4521 4520
4509 3 2 1 8 4493 4494 4522 4521
4510 3 2 1 8 4494 4495 4523 4522
4511 3 2 1 8 4495 4496 4524 4523
4512 3 2 1 8 4496 4497 4525 4524
4513 3 2 1 8 4497 4498 4526 4525
4514 3 2 1 8 4498 4499 4527 4526
4515 3 2 1 8 4499 4500 4528 4527
4516 3 2 1 8 4500 4501 4529 4528
4517 3 2 1 8 4501 4502 4530 4529
4518 3 2 1 8 4502 4503 4531 4530
4519 3 2 1 8 4503 4504 4532 4531
4520 3 2 1 8 4504 4505 4533 4532
4521 3 2 1 8 4505 4506 4534 4533
4522 3 2 1 8 4506 4507 4535 4534
4523 3 2 1 8 4507 4508 4536 4535
4524 3 2 1 8 4508 4509 4537 4536
4525 3 2 1 8 4509 4510 4538 4537
4526 3 2 1 8 4510 4511 4539 4538
4527 3 2 1 8 4511 4512 4540 4539
4528 3 2 1 8 4512 533 534 4540
4529 3 2 1 8 358 4513 4541 359
4530 3 2 1 8 4513 4514 4542 4541
4531 3 2 1 8 4514 4515 4543 4542
4532 3 2 1 8 4515 4516 4544 4543
4533 3 2 1 8 4516 4517 4545 4544
4534 3 2 1 8 4517 4518 4546 4545
4535 3 2 1 8 4518 4519 4547 4546
4536 3 2 1 8 4519 4520 4548 4547
4537 3 2 1 8 4520 4521 4549 4548
4538 3 2 1 8 4521 4522 4550 4549
4539 3 2 1 8 4522 4523 4551 4550
4540 3 2 1 8 4523 4524 4552 4551
4541 3 2 1 8 4524 4525 4553 4552
4542 3 2 1 8 4525 4526 4554 4553
4543 3 2 1 8 4526 4527 4555 4554
4544 3 2 1 8 4527 4528 4556 4555
4545 3 2 1 8 4528 4529 4557 4556
4546 3 2 1 8 4529 4530 4558 4557
4547 3 2 1 8 4530 4531 4559 4558
4548 3 2 1 8 4531 4532 4560 4559
4549 3 2 1 8 4532 4533 4561 4560
4550 3 2 1 8 4533 4534 4562 4561
4551 3 2 1 8 4534 4535 4563 4562
4552 3 2 1 8 4535 4536 4564 4563
4553 3 2 1 8 4536 4537 4565 4564
4554 3 2 1 8 4537 4538 4566 4565
4555 3 2 1 8 4538 4539 4567 4566
4556 3 2 1 8 4539 4540 4568 4567
4557 3 2 1 8 4540 534 535 4568
4558 3 2 1 8 359 4541 4569 360
4559 3 2 1 8 4541 4542 4570 4569
4560 3 2 1 8 4542 4543 4571 4570
4561 3 2 1 8 4543 4544 4572 4571
4562 3 2 1 8 4544 4545 4573 4572
4563 3 2 1 8 4545 4546 4574 4573
4564 3 2 1 8 4546 4547 4575 4574
4565 3 2 1 8 4547 4548 4576 4575
4566 3 2 1 8 4548 4549 4577 4576
4567 3 2 1 8 4549 4550 4578 4577
4568 3 2 1 8 4550 4551 4579 4578
4569 3 2 1 8 4551 4552 4580 4579
4570 3 2 1 8 4552 4553 4581 4580
4571 3 2 1 8 4553 4554 4582 4581
4572 3 2 1 8 4554 4555 4583 4582
4573 3 2 1 8 4555 4556 4584 4583
4574 3 2 1 8 4556 4557 4585 4584
4575 3 2 1 8 4557 4558 4586 4585
4576 3 2 1 8 4558 4559 4587 4586
4577 3 2 1 8 4559 4560 4588 4587
4578 3 2 1 8 4560 4561 4589 4588
4579 3 2 1 8 4561 4562 4590 4589
4580 3 2 1 8 4562 4563 4591 4590
4581 3 2 1 8 4563 4564 4592 4591
4582 3 2 1 8 4564 4565 4593 4592
4583 3 2 1 8 4565 4566 4594 4593
4584 3 2 1 8 4566 4567 4595 4594
4585 3 2 1 8 4567 4568 4596 4595
4586 3 2 1 8 4568 535 536 4596
4587 3 2 1 8 360 4569 4597 361
4588 3 2 1 8 4569 4570 4598 4597
4589 3 2 1 8 4570 4571 4599 4598
4590 3 2 1 8 4571 4572 4600 4599
4591 3 2 1 8 4572 4573 4601 4600
4592 3 2 1 8 4573 4574 4602 4601
4593 3 2 1 8 4574 4575 4603 4602
4594 3 2 1 8 4575 4576 4604 4603
4595 3 2 1 8 4576 4577 4605 4604
4596 3 2 1 8 4577 4578 4606 4605
4597 3 2 1 8 4578 4579 4607 4606
4598 3 2 1 8 4579 4580 4608 4607
4599 3 2 1 8 4580 4581 4609 4608
4600 3 2 1 8 4581 4582 4610 4609
4601 3 2 1 8 4582 4583 4611 4610
4602 3 2 1 8 4583 4584 4612 4611
4603 3 2 1 8 4584 4585 4613 4612
4604 3 2 1 8 4585 4586 4614 4613
4605 3 2 1 8 4586 4587 4615 4614
4606 3 2 1 8 4587 4588 4616 4615
4607 3 2 1 8 4588 4589 4617 4616
4608 3 2 1 8 4589 4590 4618 4617
4609 3 2 1 8 4590 4591 4619 4618
4610 3 2 1 8 4591 4592 4620 4619
4611 3 2 1 8 4592 4593 4621 4620
4612 3 2 1 8 4593 4594 4622 4621
4613 3 2 1 8 4594 4595 4623 4622
4614 3 2 1 8 4595 4596 4624 4623
4615 3 2 1 8 4596 536 537 4624
4616 3 2 1 8 361 4597 4625 362
4617 3 2 1 8 4597 4598 4626 4625
4618 3 2 1 8 4598 4599 4627 4626
4619 3 2 1 8 4599 4600 4628 4627
4620 3 2 1 8 4600 4601 4629 4628
4621 3 2 1 8 4601 4602 4630 4629
4622 3 2 1 8 4602 4603 4631 4630
4623 3 2 1 8 4603 4604 4632 4631
4624 3 2 1 8 4604 4605 4633 4632
4625 3 2 1 8 4605 4606 4634 4633
4626 3 2 1 8 4606 4607 4635 4634
4627 3 2 1 8 4607 4608 4636 4635
4628 3 2 1 8 4608 4609 4637 4636
4629 3 2 1 8 4609 4610 4638 4637
4630 3 2 1 8 4610 4611 4639 4638
4631 3 2 1 8 4611 4612 4640 4639
4632 3 2 1 8 4612 4613 4641 4640
4633 3 2 1 8 4613 4614 4642 4641
4634 3 2 1 8 4614 4615 4643 4642
4635 3 2 1 8 4615 4616 4644 4643
4636 3 2 1 8 4616 4617 4645 4644
4637 3 2 1 8 4617 4618 4646 4645
4638 3 2 1 8 4618 4619 4647 4646
4639 3 2 1 8 4619 4620 4648 4647
4640 3 2 1 8 4620 4621 4649 4648
4641 3 2 1 8 4621 4622 4650 4649
4642 3 2 1 8 4622 4623 4651 4650
4643 3 2 1 8 4623 4624 4652 4651
4644 3 2 1 8 4624 537 538 4652
4645 3 2 1 8 362 4625 4653 363
4646 3 2 1 8 4625 4626 4654 4653
4647 3 2 1 8 4626 4627 4655 4654
4648 3 2 1 8 4627 4628 4656 4655
4649 3 2 1 8 4628 4629 4657 4656
4650 3 2 1 8 4629 4630 4658 4657
4651 3 2 1 8 4630 4631 4659 4658
4652 3 2 1 8 4631 4632 4660 4659
4653 3 2 1 8 4632 4633 4661 4660
4654 3 2 1 8 4633 4634 4662 4661
4655 3 2 1 8 4634 4635 4663 4662
4656 3 2 1 8 4635 4636 4664 4663
4657 3 2 1 8 4636 4637 4665 4664
4658 3 2 1 8 4637 4638 4666 4665
4659 3 2 1 8 4638 4639 4667 4666
4660 3 2 1 8 4639 4640 4668 4667
4661 3 2 1 8 4640 4641 4669 4668
4662 3 2 1 8 4641 4642 4670 4669
4663 3 2 1 8 4642 4643 4671 4670
4664 3 2 1 8 4643 4644 4672 4671
4665 3 2 1 8 4644 4645 4673 4672
4666 3 2 1 8 4645 4646 4674 4673
4667 3 2 1 8 4646 4647 4675 4674
4668 3 2 1 8 4647 4648 4676 4675
4669 3 2 1 8 4648 4649 4677 4676
4670 3 2 1 8 4649 4650 4678 4677
4671 3 2 1 8 4650 4651 4679 4678
4672 3 2 1 8 4651 4652 4680 4679
4673 3 2 1 8 4652 538 539 4680
4674 3 2 1 8 363 4653 4681 364
4675 3 2 1 8 4653 4654 4682 4681
4676 3 2 1 8 4654 4655 4683 4682
4677 3 2 1 8 4655 4656 4684 4683
4678 3 2 1 8 4656 4657 4685 4684
4679 3 2 1 8 4657 4658 4686 4685
4680 3 2 1 8 4658 4659 4687 4686
4681 3 2 1 8 4659 4660 4688 4687
4682 3 2 1 8 4660 4661 4689 4688
4683 3 2 1 8 4661 4662 4690 4689
4684 3 2 1 8 4662 4663 4691 4690
4685 3 2 1 8 4663 4664 4692 4691
4686 3 2 1 8 4664 4665 4693 4692
4687 3 2 1 8 4665 4666 4694 4693
4688 3 2 1 8 4666 4667 4695 4694
4689 3 2 1 8 4667 4668 4696 4695
4690 3 2 1 8 4668 4669 4697 4696
4691 3 2 1 8 4669 4670 4698 4697
4692 3 2 1 8 4670 4671 4699 4698
4693 3 2 1 8 4671 4672 4700 4699
4694 3 2 1 8 4672 4673 4701 4700
4695 3 2 1 8 4673 4674 4702 4701
4696 3 2 1 8 4674 4675 4703 4702
4697 3 2 1 8 4675 4676 4704 4703
4698 3 2 1 8 4676 4677 4705 4704
4699 3 2 1 8 4677 4678 4706 4705
4700 3 2 1 8 4678 4679 4707 4706
4701 3 2 1 8 4679 4680 4708 4707
4702 3 2 1 8 4680 539 540 4708
4703 3 2 1 8 364 4681 4709 365
4704 3 2 1 8 4681 4682 4710 4709
4705 3 2 1 8 4682 4683 4711 4710
4706 3 2 1 8 4683 4684 4712 4711
4707 3 2 1 8 4684 4685 4713 4712
4708 3 2 1 8 4685 4686 4714 4713
4709 3 2 1 8 4686 4687 4715 4714
4710 3 2 1 8 4687 4688 4716 4715
4711 3 2 1 8 4688 4689 4717 4716
4712 3 2 1 8 4689 4690 4718 4717
4713 3 2 1 8 4690 4691 4719 4718
4714 3 2 1 8 4691 4692 4720 4719
4715 3 2 1 8 4692 4693 4721 4720
4716 3 2 1 8 4693 4694 4722 4721
4717 3 2 1 8 4694 4695 4723 4722
4718 3 2 1 8 4695 4696 4724 4723
4719 3 2 1 8 4696 4697 4725 4724
4720 3 2 1 8 4697 4698 4726 4725
4721 3 2 1 8 4698 4699 4727 4726
4722 3 2 1 8 4699 4700 4728 4727
4723 3 2 1 8 4700 4701 4729 4728
4724 3 2 1 8 4701 4702 4730 4729
4725 3 2 1 8 4702 4703 4731 4730
4726 3 2 1 8 4703 4704 4732 4731
4727 3 2 1 8 4704 4705 4733 4732
4728 3 2 1 8 4705 4706 4734 4733
4729 3 2 1 8 4706 4707 4735 4734
4730 3 2 1 8 4707 4708 4736 4735
4731 3 2 1 8 4708 540 541 4736
4732 3 2 1 8 365 4709 4737 366
4733 3 2 1 8 4709 4710 4738 4737
4734 3 2 1 8 4710 4711 4739 4738
4735 3 2 1 8 4711 4712 4740 4739
4736 3 2 1 8 4712 4713 4741 4740
4737 3 2 1 8 4713 4714 4742 4741
4738 3 2 1 8 4714 4715 4743 4742
4739 3 2 1 8 4715 4716 4744 4743
4740 3 2 1 8 4716 4717 4745 4744
4741 3 2 1 8 4717 4718 4746 4745
4742 3 2 1 8 4718 4719 4747 4746
4743 3 2 1 8 4719 4720 4748 4747
4744 3 2 1 8 4720 4721 4749 4748
4745 3 2 1 8 4721 4722 4750 4749
4746 3 2 1 8 4722 4723 4751 4750
4747 3 2 1 8 4723 4724 4752 4751
4748 3 2 1 8 4724 4725 4753 4752
4749 3 2 1 8 4725 4726 4754 4753
4750 3 2 1 8 4726 4727 4755 4754
4751 3 2 1 8 4727 4728 4756 4755
4752 3 2 1 8 4728 4729 4757 4756
4753 3 2 1 8 4729 4730 4758 4757
4754 3 2 1 8 4730 4731 4759 4758
4755 3 2 1 8 4731 4732 4760 4759
4756 3 2 1 8 4732 4733 4761 4760
4757 3 2 1 8 4733 4734 4762 4761
4758 3 2 1 8 4734 4735 4763 4762
4759 3 2 1 8 4735 4736 4764 4763
4760 3 2 1 8 4736 541 542 4764
4761 3 2 1 8 366 4737 4765 367
4762 3 2 1 8 4737 4738 4766 4765
4763 3 2 1 8 4738 4739 4767 4766
4764 3 2 1 8 4739 4740 4768 4767
4765 3 2 1 8 4740 4741 4769 4768
4766 3 2 1 8 4741 4742 4770 4769
4767 3 2 1 8 4742 4743 4771 4770
4768 3 2 1 8 4743 4744 4772 4771
4769 3 2 1 8 4744 4745 4773 4772
4770 3 2 1 8 4745 4746 4774 4773
4771 3 2 1 8 4746 4747 4775 4774
4772 3 2 1 8 4747 4748 4776 4775
4773 3 2 1 8 4748 4749 4777 4776
4774 3 2 1 8 4749 4750 4778 4777
4775 3 2 1 8 4750 4751 4779 4778
4776 3 2 1 8 4751 4752 4780 4779
4777 3 2 1 8 4752 4753 4781 4780
4778 3 2 1 8 4753 4754 4782 4781
4779 3 2 1 8 4754 4755 4783 4782
4780 3 2 1 8 4755 4756 4784 4783
4781 3 2 1 8 4756 4757 4785 4784
4782 3 2 1 8 4757 4758 4786 4785
4783 3 2 1 8 4758 4759 4787 4786
4784 3 2 1 8 4759 4760 4788 4787
4785 3 2 1 8 4760 4761 4789 4788
4786 3 2 1 8 4761 4762 4790 4789
4787 3 2 1 8 4762 4763 4791 4790
4788 3 2 1 8 4763 4764 4792 4791
4789 3 2 1 8 4764 542 543 4792
4790 3 2 1 8 367 4765 4793 368
4791 3 2 1 8 4765 4766 4794 4793
4792 3 2 1 8 4766 4767 4795 4794
4793 3 2 1 8 4767 4768 4796 4795
4794 3 2 1 8 4768 4769 4797 4796
4795 3 2 1 8 4769 4770 4798 4797
4796 3 2 1 8 4770 4771 4799 4798
4797 3 2 1 8 4771 4772 4800 4799
4798 3 2 1 8 4772 4773 4801 4800
4799 3 2 1 8 4773 4774 4802 4801
4800 3 2 1 8 4774 4775 4803 4802
4801 3 2 1 8 4775 4776 4804 4803
4802 3 2 1 8 4776 4777 4805 4804
4803 3 2 1 8 4777 4778 4806 4805
4804 3 2 1 8 4778 4779 4807 4806
4805 3 2 1 8 4779 4780 4808 4807
4806 3 2 1 8 4780 4781 4809 4808
4807 3 2 1 8 4781 4782 4810 4809
4808 3 2 1 8 4782 4783 4811 4810
4809 3 2 1 8 4783 4784 4812 4811
4810 3 2 1 8 4784 4785 4813 4812
4811 3 2 1 8 4785 4786 4814 4813
4812 3 2 1 8 4786 4787 4815 4814
4813 3 2 1 8 4787 4788 4816 4815
4814 3 2 1 8 4788 4789 4817 4816
4815 3 2 1 8 4789 4790 4818 4817
4816 3 2 1 8 4790 4791 4819 4818
4817 3 2 1 8 4791 4792 4820 4819
4818 3 2 1 8 4792 543 544 4820
4819 3 2 1 8 368 4793 4821 369
4820 3 2 1 8 4793 4794 4822 4821
4821 3 2 1 8 4794 4795 4823 4822
4822 3 2 1 8 4795 4796 4824 4823
4823 3 2 1 8 4796 4797 4825 4824
4824 3 2 1 8 4797 4798 4826 4825
4825 3 2 1 8 4798 4799 4827 4826
4826 3 2 1 8 4799 4800 4828 4827
4827 3 2 1 8 4800 4801 4829 4828
4828 3 2 1 8 4801 4802 4830 4829
4829 3 2 1 8 4802 4803 4831 4830
4830 3 2 1 8 4803 4804 4832 4831
4831 3 2 1 8 4804 4805 4833 4832
4832 3 2 1 8 4805 4806 4834 4833
4833 3 2 1 8 4806 4807 4835 4834
4834 3 2 1 8 4807 4808 4836 4835
4835 3 2 1 8 4808 4809 4837 4836
4836 3 2 1 8 4809 4810 4838 4837
4837 3 2 1 8 4810 4811 4839 4838
4838 3 2 1 8 4811 4812 4840 4839
4839 3 2 1 8 4812 4813 4841 4840
4840 3 2 1 8 4813 4814 4842 4841
4841 3 2 1 8 4814 4815 4843 4842
4842 3 2 1 8 4815 4816 4844 4843
4843 3 2 1 8 4816 4817 4845 4844
4844 3 2 1 8 4817 4818 4846 4845
4845 3 2 1 8 4818 4819 4847 4846
4846 3 2 1 8 4819 4820 4848 4847
4847 3 2 1 8 4820 544 545 4848
4848 3 2 1 8 369 4821 4849 370
4849 3 2 1 8 4821 4822 4850 4849
4850 3 2 1 8 4822 4823 4851 4850
4851 3 2 1 8 4823 4824 4852 4851
4852 3 2 1 8 4824 4825 4853 4852
4853 3 2 1 8 4825 4826 4854 4853
4854 3 2 1 8 4826 4827 4855 4854
4855 3 2 1 8 4827 4828 4856 4855
4856 3 2 1 8 4828 4829 4857 4856
4857 3 2 1 8 4829 4830 4858 4857
4858 3 2 1 8 4830 4831 4859 4858
4859 3 2 1 8 4831 4832 4860 4859
4860 3 2 1 8 4832 4833 4861 4860
4861 3 2 1 8 4833 4834 4862 4861
4862 3 2 1 8 4834 4835 4863 4862
4863 3 2 1 8 4835 4836 4864 4863
4864 3 2 1 8 4836 4837 4865 4864
4865 3 2 1 8 4837 4838 4866 4865
4866 3 2 1 8 4838 4839 4867 4866
4867 3 2 1 8 4839 4840 4868 4867
4868 3 2 1 8 4840 4841 4869 4868
4869 3 2 1 8 4841 4842 4870 4869
4870 3 2 1 8 4842 4843 4871 4870
4871 3 2 1 8 4843 4844 4872 4871
4872 3 2 1 8 4844 4845 4873 4872
4873 3 2 1 8 4845 4846 4874 4873
4874 3 2 1 8 4846 4847 4875 4874
4875 3 2 1 8 4847 4848 4876 4875
4876 3 2 1 8 4848 545 546 4876
4877 3 2 1 8 370 4849 4877 371
4878 3 2 1 8 4849 4850 4878 4877
4879 3 2 1 8 4850 4851 4879 4878
4880 3 2 1 8 4851 4852 4880 4879
4881 3 2 1 8 4852 4853 4881 4880
4882 3 2 1 8 4853 4854 4882 4881
4883 3 2 1 8 4854 4855 4883 4882
4884 3 2 1 8 4855 4856 4884 4883
4885 3 2 1 8 4856 4857 4885 4884
4886 3 2 1 8 4857 4858 4886 4885
4887 3 2 1 8 4858 4859 4887 4886
4888 3 2 1 8 4859 4860 4888 4887
4889 3 2 1 8 4860 4861 4889 4888
4890 3 2 1 8 4861 4862 4890 4889
4891 3 2 1 8 4862 4863 4891 4890
4892 3 2 1 8 4863 4864 4892 4891
4893 3 2 1 8 4864 4865 4893 4892
4894 3 2 1 8 4865 4866 4894 4893
4895 3 2 1 8 4866 4867 4895 4894
4896 3 2 1 8 4867 4868 4896 4895
4897 3 2 1 8 4868 4869 4897 4896
4898 3 2 1 8 4869 4870 4898 4897
4899 3 2 1 8 4870 4871 4899 4898
4900 3 2 1 8 4871 4872 4900 4899
4901 3 2 1 8 4872 4873 4901 4900
4902 3 2 1 8 4873 4874 4902 4901
4903 3 2 1 8 4874 4875 4903 4902
4904 3 2 1 8 4875 4876 4904 4903
4905 3 2 1 8 4876 546 547 4904
4906 3 2 1 8 371 4877 4905 372
4907 3 2 1 8 4877 4878 4906 4905
4908 3 2 1 8 4878 4879 4907 4906
4909 3 2 1 8 4879 4880 4908 4907
4910 3 2 1 8 4880 4881 4909 4908
4911 3 2 1 8 4881 4882 4910 4909
4912 3 2 1 8 4882 4883 4911 4910
4913 3 2 1 8 4883 4884 4912 4911
4914 3 2 1 8 4884 4885 4913 4912
4915 3 2 1 8 4885 4886 4914 4913
4916 3 2 1 8 4886 4887 4915 4914
4917 3 2 1 8 4887 4888 4916 4915
4918 3 2 1 8 4888 4889 4917 4916
4919 3 2 1 8 4889 4890 4918 4917
4920 3 2 1 8 4890 4891 4919 4918
4921 3 2 1 8 4891 4892 4920 4919
4922 3 2 1 8 4892 4893 4921 4920
4923 3 2 1 8 4893 4894 4922 4921
4924 3 2 1 8 4894 4895 4923 4922
4925 3 2 1 8 4895 4896 4924 4923
4926 3 2 1 8 4896 4897 4925 4924
4927 3 2 1 8 4897 4898 4926 4925
4928 3 2 1 8 4898 4899 4927 4926
4929 3 2 1 8 4899 4900 4928 4927
4930 3 2 1 8 4900 4901 4929 4928
4931 3 2 1 8 4901 4902 4930 4929
4932 3 2 1 8 4902 4903 4931 4930
4933 3 2 1 8 4903 4904 4932 4931
4934 3 2 1 8 4904 547 548 4932
4935 3 2 1 8 372 4905 4933 373
4936 3 2 1 8 4905 4906 4934 4933
4937 3 2 1 8 4906 4907 4935 4934
4938 3 2 1 8 4907 4908 4936 4935
4939 3 2 1 8 4908 4909 4937 4936
4940 3 2 1 8 4909 4910 4938 4937
4941 3 2 1 8 4910 4911 4939 4938
4942 3 2 1 8 4911 4912 4940 4939
4943 3 2 1 8 4912 4913 4941 4940
4944 3 2 1 8 4913 4914 4942 4941
4945 3 2 1 8 4914 4915 4943 4942
4946 3 2 1 8 4915 4916 4944 4943
4947 3 2 1 8 4916 4917 4945 4944
4948 3 2 1 8 4917 4918 4946 4945
4949 3 2 1 8 4918 4919 4947 4946
4950 3 2 1 8 4919 4920 4948 4947
4951 3 2 1 8 4920 4921 4949 4948
4952 3 2 1 8 4921 4922 4950 4949
4953 3 2 1 8 4922 4923 4951 4950
4954 3 2 1 8 4923 4924 4952 4951
4955 3 2 1 8 4924 4925 4953 4952
4956 3 2 1 8 4925 4926 4954 4953
4957 3 2 1 8 4926 4927 4955 4954
4958 3 2 1 8 4927 4928 4956 4955
4959 3 2 1 8 4928 4929 4957 4956
4960 3 2 1 8 4929 4930 4958 4957
4961 3 2 1 8 4930 4931 4959 4958
4962 3 2 1 8 4931 4932 4960 4959
4963 3 2 1 8 4932 548 549 4960
4964 3 2 1 8 373 4933 4961 374
4965 3 2 1 8 4933 4934 4962 4961
4966 3 2 1 8 4934 4935 4963 4962
4967 3 2 1 8 4935 4936 4964 4963
4968 3 2 1 8 4936 4937 4965 4964
4969 3 2 1 8 4937 4938 4966 4965
4970 3 2 1 8 4938 4939 4967 4966
4971 3 2 1 8 4939 4940 4968 4967
4972 3 2 1 8 4940 4941 4969 4968
4973 3 2 1 8 4941 4942 4970 4969
4974 3 2 1 8 4942 4943 4971 4970
4975 3 2 1 8 4943 4944 4972 4971
4976 3 2 1 8 4944 4945 4973 4972
4977 3 2 1 8 4945 4946 4974 4973
4978 3 2 1 8 4946 4947 4975 4974
4979 3 2 1 8 4947 4948 4976 4975
4980 3 2 1 8 4948 4949 4977 4976
4981 3 2 1 8 4949 4950 4978 4977
4982 3 2 1 8 4950 4951 4979 4978
4983 3 2 1 8 4951 4952 4980 4979
4984 3 2 1 8 4952 4953 4981 4980
4985 3 2 1 8 4953 4954 4982 4981
4986 3 2 1 8 4954 4955 4983 4982
4987 3 2 1 8 4955 4956 4984 4983
4988 3 2 1 8 4956 4957 4985 4984
4989 3 2 1 8 4957 4958 4986 4985
4990 3 2 1 8 4958 4959 4987 4986
4991 3 2 1 8 4959 4960 4988 4987
4992 3 2 1 8 4960 549 550 4988
4993 3 2 1 8 374 4961 4989 375
4994 3 2 1 8 4961 4962 4990 4989
4995 3 2 1 8 4962 4963 4991 4990
4996 3 2 1 8 4963 4964 4992 4991
4997 3 2 1 8 4964 4965 4993 4992
4998 3 2 1 8 4965 4966 4994 4993
4999 3 2 1 8 4966 4967 4995 4994
5000 3 2 1 8 4967 4968 4996 4995
5001 3 2 1 8 4968 4969 4997 4996
5002 3 2 1 8 4969 4970 4998 4997
5003 3 2 1 8 4970 4971 4999 4998
5004 3 2 1 8 4971 4972 5000 4999
5005 3 2 1 8 4972 4973 5001 5000
5006 3 2 1 8 4973 4974 5002 5001
5007 3 2 1 8 4974 4975 5003 5002
5008 3 2 1 8 4975 4976 5004 5003
5009 3 2 1 8 4976 4977 5005 5004
5010 3 2 1 8 4977 4978 5006 5005
5011 3 2 1 8 4978 4979 5007 5006
5012 3 2 1 8 4979 4980 5008 5007
5013 3 2 1 8 4980 4981 5009 5008
5014 3 2 1 8 4981 4982 5010 5009
5015 3 2 1 8 4982 4983 5011 5010
5016 3 2 1 8 4983 4984 5012 5011
5017 3 2 1 8 4984 4985 5013 5012
5018 3 2 1 8 4985 4986 5014 5013
5019 3 2 1 8 4986 4987 5015 5014
5020 3 2 1 8 4987 4988 5016 5015
5021 3 2 1 8 4988 550 551 5016
5022 3 2 1 8 375 4989 5017 376
5023 3 2 1 8 4989 4990 5018 5017
5024 3 2 1 8 4990 4991 5019 5018
5025 3 2 1 8 4991 4992 5020 5019
5026 3 2 1 8 4992 4993 5021 5020
5027 3 2 1 8 4993 4994 5022 5021
5028 3 2 1 8 4994 4995 5023 5022
5029 3 2 1 8 4995 4996 5024 5023
5030 3 2 1 8 4996 4997 5025 5024
5031 3 2 1 8 4997 4998 5026 5025
5032 3 2 1 8 4998 4999 5027 5026
5033 3 2 1 8 4999 5000 5028 5027
5034 3 2 1 8 5000 5001 5029 5028
5035 3 2 1 8 5001 5002 5030 5029
5036 3 2 1 8 5002 5003 5031 5030
5037 3 2 1 8 5003 5004 5032 5031
5038 3 2 1 8 5004 5005 5033 5032
5039 3 2 1 8 5005 5006 5034 5033
5040 3 2 1 8 5006 5007 5035 5034
5041 3 2 1 8 5007 5008 5036 5035
5042 3 2 1 8 5008 5009 5037 5036
5043 3 2 1 8 5009 5010 5038 5037
5044 3 2 1 8 5010 5011 5039 5038
5045 3 2 1 8 5011 5012 5040 5039
5046 3 2 1 8 5012 5013 5041 5040
5047 3 2 1 8 5013 5014 5042 5041
5048 3 2 1 8 5014 5015 5043 5042
5049 3 2 1 8 5015 5016 5044 5043
5050 3 2 1 8 5016 551 552 5044
5051 3 2 1 8 376 5017 5045 377
5052 3 2 1 8 5017 5018 5046 5045
5053 3 2 1 8 5018 5019 5047 5046
5054 3 2 1 8 5019 5020 5048 5047
5055 3 2 1 8 5020 5021 5049 5048
5056 3 2 1 8 5021 5022 5050 5049
5057 3 2 1 8 5022 5023 5051 5050
5058 3 2 1 8 5023 5024 5052 5051
5059 3 2 1 8 5024 5025 5053 5052
5060 3 2 1 8 5025 5026 5054 5053
5061 3 2 1 8 5026 5027 5055 5054
5062 3 2 1 8 5027 5028 5056 5055
5063 3 2 1 8 5028 5029 5057 5056
5064 3 2 1 8 5029 5030 5058 5057
5065 3 2 1 8 5030 5031 5059 5058
5066 3 2 1 8 5031 5032 5060 5059
5067 3 2 1 8 5032 5033 5061 5060
5068 3 2 1 8 5033 5034 5062 5061
5069 3 2 1 8 5034 5035 5063 5062
5070 3 2 1 8 5035 5036 5064 5063
5071 3 2 1 8 5036 5037 5065 5064
5072 3 2 1 8 5037 5038 5066 5065
5073 3 2 1 8 5038 5039 5067 5066
5074 3 2 1 8 5039 5040 5068 5067
5075 3 2 1 8 5040 5041 5069 5068
5076 3 2 1 8 5041 5042 5070 5069
5077 3 2 1 8 5042 5043 5071 5070
5078 3 2 1 8 5043 5044 5072 5071
5079 3 2 1 8 5044 552 553 5072
5080 3 2 1 8 377 5045 5073 378
5081 3 2 1 8 5045 5046 5074 5073
5082 3 2 1 8 5046 5047 5075 5074
5083 3 2 1 8 5047 5048 5076 5075
5084 3 2 1 8 5048 5049 5077 5076
5085 3 2 1 8 5049 5050 5078 5077
5086 3 2 1 8 5050 5051 5079 5078
5087 3 2 1 8 5051 5052 5080 5079
5088 3 2 1 8 5052 5053 5081 5080
5089 3 2 1 8 5053 5054 5082 5081
5090 3 2 1 8 5054 5055 5083 5082
5091 3 2 1 8 5055 5056 5084 5083
5092 3 2 1 8 5056 5057 5085 5084
5093 3 2 1 8 5057 5058 5086 5085
5094 3 2 1 8 5058 5059 5087 5086
5095 3 2 1 8 5059 5060 5088 5087
5096 3 2 1 8 5060 5061 5089 5088
5097 3 2 1 8 5061 5062 5090 5089
5098 3 2 1 8 5062 5063 5091 5090
5099 3 2 1 8 5063 5064 5092 5091
5100 3 2 1 8 5064 5065 5093 5092
5101 3 2 1 8 5065 5066 5094 5093
5102 3 2 1 8 5066 5067 5095 5094
5103 3 2 1 8 5067 5068 5096 5095
5104 3 2 1 8 5068 5069 5097 5096
5105 3 2 1 8 5069 5070 5098 5097
5106 3 2 1 8 5070 5071 5099 5098
5107 3 2 1 8 5071 5072 5100 5099
5108 3 2 1 8 5072 553 554 5100
5109 3 2 1 8 378 5073 5101 379
5110 3 2 1 8 5073 5074 5102 5101
5111 3 2 1 8 5074 5075 5103 5102
5112 3 2 1 8 5075 5076 5104 5103
5113 3 2 1 8 5076 5077 5105 5104
5114 3 2 1 8 5077 5078 5106 5105
5115 3 2 1 8 5078 5079 5107 5106
5116 3 2 1 8 5079 5080 5108 5107
5117 3 2 1 8 5080 5081 5109 5108
5118 3 2 1 8 5081 5082 5110 5109
5119 3 2 1 8 5082 5083 5111 5110
5120 3 2 1 8 5083 5084 5112 5111
5121 3 2 1 8 5084 5085 5113 5112
5122 3 2 1 8 5085 5086 5114 5113
5123 3 2 1 8 5086 5087 5115 5114
5124 3 2 1 8 5087 5088 5116 5115
5125 3 2 1 8 5088 5089 5117 5116
5126 3 2 1 8 5089 5090 5118 5117
5127 3 2 1 8 5090 5091 5119 5118
5128 3 2 1 8 5091 5092 5120 5119
5129 3 2 1 8 5092 5093 5121 5120
5130 3 2 1 8 5093 5094 5122 5121
5131 3 2 1 8 5094 5095 5123 5122
5132 3 2 1 8 5095 5096 5124 5123
5133 3 2 1 8 5096 5097 5125 5124
5134 3 2 1 8 5097 5098 5126 5125
5135 3 2 1 8 5098 5099 5127 5126
5136 3 2 1 8 5099 5100 5128 5127
5137 3 2 1 8 5100 554 555 5128
5138 3 2 1 8 379 5101 5129 380
5139 3 2 1 8 5101 5102 5130 5129
5140 3 2 1 8 5102 5103 5131 5130
5141 3 2 1 8 5103 5104 5132 5131
5142 3 2 1 8 5104 5105 5133 5132
5143 3 2 1 8 5105 5106 5134 5133
5144 3 2 1 8 5106 5107 5135 5134
5145 3 2 1 8 5107 5108 5136 5135
5146 3 2 1 8 5108 5109 5137 5136
5147 3 2 1 8 5109 5110 5138 5137
5148 3 2 1 8 5110 5111 5139 5138
5149 3 2 1 8 5111 5112 5140 5139
5150 3 2 1 8 5112 5113 5141 5140
5151 3 2 1 8 5113 5114 5142 5141
5152 3 2 1 8 5114 5115 5143 5142
5153 3 2 1 8 5115 5116 5144 5143
5154 3 2 1 8 5116 5117 5145 5144
5155 3 2 1 8 5117 5118 5146 5145
5156 3 2 1 8 5118 5119 5147 5146
5157 3 2 1 8 5119 5120 5148 5147
5158 3 2 1 8 5120 5121 5149 5148
5159 3 2 1 8 5121 5122 5150 5149
5160 3 2 1 8 5122 5123 5151 5150
5161 3 2 1 8 5123 5124 5152 5151
5162 3 2 1 8 5124 5125 5153 5152
5163 3 2 1 8 5125 5126 5154 5153
5164 3 2 1 8 5126 5127 5155 5154
5165 3 2 1 8 5127 5128 5156 5155
5166 3 2 1 8 5128 555 556 5156
5167 3 2 1 8 380 5129 5157 381
5168 3 2 1 8 5129 5130 5158 5157
5169 3 2 1 8 5130 5131 5159 5158
5170 3 2 1 8 5131 5132 5160 5159
5171 3 2 1 8 5132 5133 5161 5160
5172 3 2 1 8 5133 5134 5162 5161
5173 3 2 1 8 5134 5135 5163 5162
5174 3 2 1 8 5135 5136 5164 5163
5175 3 2 1 8 5136 5137 5165 5164
5176 3 2 1 8 5137 5138 5166 5165
5177 3 2 1 8 5138 5139 5167 5166
5178 3 2 1 8 5139 5140 5168 5167
5179 3 2 1 8 5140 5141 5169 5168
5180 3 2 1 8 5141 5142 5170 5169
5181 3 2 1 8 5142 5143 5171 5170
5182 3 2 1 8 5143 5144 5172 5171
5183 3 2 1 8 5144 5145 5173 5172
5184 3 2 1 8 5145 5146 5174 5173
5185 3 2 1 8 5146 5147 5175 5174
5186 3 2 1 8 5147 5148 5176 5175
5187 3 2 1 8 5148 5149 5177 5176
5188 3 2 1 8 5149 5150 5178 5177
5189 3 2 1 8 5150 5151 5179 5178
5190 3 2 1 8 5151 5152 5180 5179
5191 3 2 1 8 5152 5153 5181 5180
5192 3 2 1 8 5153 5154 5182 5181
5193 3 2 1 8 5154 5155 5183 5182
5194 3 2 1 8 5155 5156 5184 5183
5195 3 2 1 8 5156 556 557 5184
5196 3 2 1 8 381 5157 5185 382
5197 3 2 1 8 5157 5158 5186 5185
5198 3 2 1 8 5158 5159 5187 5186
5199 3 2 1 8 5159 5160 5188 5187
5200 3 2 1 8 5160 5161 5189 5188
5201 3 2 1 8 5161 5162 5190 5189
5202 3 2 1 8 5162 5163 5191 5190
5203 3 2 1 8 5163 5164 5192 5191
5204 3 2 1 8 5164 5165 5193 5192
5205 3 2 1 8 5165 5166 5194 5193
5206 3 2 1 8 5166 5167 5195 5194
5207 3 2 1 8 5167 5168 5196 5195
5208 3 2 1 8 5168 5169 5197 5196
5209 3 2 1 8 5169 5170 5198 5197
5210 3 2 1 8 5170 5171 5199 5198
5211 3 2 1 8 5171 5172 5200 5199
5212 3 2 1 8 5172 5173 5201 5200
5213 3 2 1 8 5173 5174 5202 5201
5214 3 2 1 8 5174 5175 5203 5202
5215 3 2 1 8 5175 5176 5204 5203
5216 3 2 1 8 5176 5177 5205 5204
5217 3 2 1 8 5177 5178 5206 5205
5218 3 2 1 8 5178 5179 5207 5206
5219 3 2 1 8 5179 5180 5208 5207
5220 3 2 1 8 5180 5181 5209 5208
5221 3 2 1 8 5181 5182 5210 5209
5222 3 2 1 8 5182 5183 5211 5210
5223 3 2 1 8 5183 5184 5212 5211
5224 3 2 1 8 5184 557 558 5212
5225 3 2 1 8 382 5185 5213 383
5226 3 2 1 8 5185 5186 5214 5213
5227 3 2 1 8 5186 5187 5215 5214
5228 3 2 1 8 5187 5188 5216 5215
5229 3 2 1 8 5188 5189 5217 5216
5230 3 2 1 8 5189 5190 5218 5217
5231 3 2 1 8 5190 5191 5219 5218
5232 3 2 1 8 5191 5192 5220 5219
5233 3 2 1 8 5192 5193 5221 5220
5234 3 2 1 8 5193 5194 5222 5221
5235 3 2 1 8 5194 5195 5223 5222
5236 3 2 1 8 5195 5196 5224 5223
5237 3 2 1 8 5196 5197 5225 5224
5238 3 2 1 8 5197 5198 5226 5225
5239 3 2 1 8 5198 5199 5227 5226
5240 3 2 1 8 5199 5200 5228 5227
5241 3 2 1 8 5200 5201 5229 5228
5242 3 2 1 8 5201 5202 5230 5229
5243 3 2 1 8 5202 5203 5231 5230
5244 3 2 1 8 5203 5204 5232 5231
5245 3 2 1 8 5204 5205 5233 5232
5246 3 2 1 8 5205 5206 5234 5233
5247 3 2 1 8 5206 5207 5235 5234
5248 3 2 1 8 5207 5208 5236 5235
5249 3 2 1 8 5208 5209 5237 5236
5250 3 2 1 8 5209 5210 5238 5237
5251 3 2 1 8 5210 5211 5239 5238
5252 3 2 1 8 5211 5212 5240 5239
5253 3 2 1 8 5212 558 559 5240
5254 3 2 1 8 383 5213 5241 384
5255 3 2 1 8 5213 5214 5242 5241
5256 3 2 1 8 5214 5215 5243 5242
5257 3 2 1 8 5215 5216 5244 5243
5258 3 2 1 8 5216 5217 5245 5244
5259 3 2 1 8 5217 5218 5246 5245
5260 3 2 1 8 5218 5219 5247 5246
5261 3 2 1 8 5219 5220 5248 5247
5262 3 2 1 8 5220 5221 5249 5248
5263 3 2 1 8 5221 5222 5250 5249
5264 3 2 1 8 5222 5223 5251 5250
5265 3 2 1 8 5223 5224 5252 5251
5266 3 2 1 8 5224 5225 5253 5252
5267 3 2 1 8 5225 5226 5254 5253
5268 3 2 1 8 5226 5227 5255 5254
5269 3 2 1 8 5227 5228 5256 5255
5270 3 2 1 8 5228 5229 5257 5256
5271 3 2 1 8 5229 5230 5258 5257
5272 3 2 1 8 5230 5231 5259 5258
5273 3 2 1 8 5231 5232 5260 5259
5274 3 2 1 8 5232 5233 5261 5260
5275 3 2 1 8 5233 5234 5262 5261
5276 3 2 1 8 5234 5235 5263 5262
5277 3 2 1 8 5235 5236 5264 5263
5278 3 2 1 8 5236 5237 5265 5264
5279 3 2 1 8 5237 5238 5266 5265
5280 3 2 1 8 5238 5239 5267 5266
5281 3 2 1 8 5239 5240 5268 5267
5282 3 2 1 8 5240 559 560 5268
5283 3 2 1 8 384 5241 5269 385
5284 3 2 1 8 5241 5242 5270 5269
5285 3 2 1 8 5242 5243 5271 5270
5286 3 2 1 8 5243 5244 5272 5271
5287 3 2 1 8 5244 5245 5273 5272
5288 3 2 1 8 5245 5246 5274 5273
5289 3 2 1 8 5246 5247 5275 5274
5290 3 2 1 8 5247 5248 5276 5275
5291 3 2 1 8 5248 5249 5277 5276
5292 3 2 1 8 5249 5250 5278 5277
5293 3 2 1 8 5250 5251 5279 5278
5294 3 2 1 8 5251 5252 5280 5279
5295 3 2 1 8 5252 5253 5281 5280
5296 3 2 1 8 5253 5254 5282 5281
5297 3 2 1 8 5254 5255 5283 5282
5298 3 2 1 8 5255 5256 5284 5283
5299 3 2 1 8 5256 5257 5285 5284
5300 3 2 1 8 5257 5258 5286 5285
5301 3 2 1 8 5258 5259 5287 5286
5302 3 2 1 8 5259 5260 5288 5287
5303 3 2 1 8 5260 5261 5289 5288
5304 3 2 1 8 5261 5262 5290 5289
5305 3 2 1 8 5262 5263 5291 5290
5306 3 2 1 8 5263 5264 5292 5291
5307 3 2 1 8 5264 5265 5293 5292
5308 3 2 1 8 5265 5266 5294 5293
5309 3 2 1 8 5266 5267 5295 5294
5310 3 2 1 8 5267 5268 5296 5295
5311 3 2 1 8 5268 560 561 5296
5312 3 2 1 8 385 5269 5297 386
5313 3 2 1 8 5269 5270 5298 5297
5314 3 2 1 8 5270 5271 5299 5298
5315 3 2 1 8 5271 5272 5300 5299
5316 3 2 1 8 5272 5273 5301 5300
5317 3 2 1 8 5273 5274 5302 5301
5318 3 2 1 8 5274 5275 5303 5302
5319 3 2 1 8 5275 5276 5304 5303
5320 3 2 1 8 5276 5277 5305 5304
5321 3 2 1 8 5277 5278 5306 5305
5322 3 2 1 8 5278 5279 5307 5306
5323 3 2 1 8 5279 5280 5308 5307
5324 3 2 1 8 5280 5281 5309 5308
5325 3 2 1 8 5281 5282 5310 5309
5326 3 2 1 8 5282 5283 5311 5310
5327 3 2 1 8 5283 5284 5312 5311
5328 3 2 1 8 5284 5285 5313 5312
5329 3 2 1 8 5285 5286 5314 5313
5330 3 2 1 8 5286 5287 5315 5314
5331 3 2 1 8 5287 5288 5316 5315
5332 3 2 1 8 5288 5289 5317 5316
5333 3 2 1 8 5289 5290 5318 5317
5334 3 2 1 8 5290 5291 5319 5318
5335 3 2 1 8 5291 5292 5320 5319
5336 3 2 1 8 5292 5293 5321 5320
5337 3 2 1 8 5293 5294 5322 5321
5338 3 2 1 8 5294 5295 5323 5322
5339 3 2 1 8 5295 5296 5324 5323
5340 3 2 1 8 5296 561 562 5324
5341 3 2 1 8 386 5297 5325 387
5342 3 2 1 8 5297 5298 5326 5325
5343 3 2 1 8 5298 5299 5327 5326
5344 3 2 1 8 5299 5300 5328 5327
5345 3 2 1 8 5300 5301 5329 5328
5346 3 2 1 8 5301 5302 5330 5329
5347 3 2 1 8 5302 5303 5331 5330
5348 3 2 1 8 5303 5304 5332 5331
5349 3 2 1 8 5304 5305 5333 5332
5350 3 2 1 8 5305 5306 5334 5333
5351 3 2 1 8 5306 5307 5335 5334
5352 3 2 1 8 5307 5308 5336 5335
5353 3 2 1 8 5308 5309 5337 5336
5354 3 2 1 8 5309 5310 5338 5337
5355 3 2 1 8 5310 5311 5339 5338
5356 3 2 1 8 5311 5312 5340 5339
5357 3 2 1 8 5312 5313 5341 5340
5358 3 2 1 8 5313 5314 5342 5341
5359 3 2 1 8 5314 5315 5343 5342
5360 3 2 1 8 5315 5316 5344 5343
5361 3 2 1 8 5316 5317 5345 5344
5362 3 2 1 8 5317 5318 5346 5345
5363 3 2 1 8 5318 5319 5347 5346
5364 3 2 1 8 5319 5320 5348 5347
5365 3 2 1 8 5320 5321 5349 5348
5366 3 2 1 8 5321 5322 5350 5349
5367 3 2 1 8 5322 5323 5351 5350
5368 3 2 1 8 5323 5324 5352 5351
5369 3 2 1 8 5324 562 563 5352
5370 3 2 1 8 387 5325 5353 388
5371 3 2 1 8 5325 5326 5354 5353
5372 3 2 1 8 5326 5327 5355 5354
5373 3 2 1 8 5327 5328 5356 5355
5374 3 2 1 8 5328 5329 5357 5356
5375 3 2 1 8 5329 5330 5358 5357
5376 3 2 1 8 5330 5331 5359 5358
5377 3 2 1 8 5331 5332 5360 5359
5378 3 2 1 8 5332 5333 5361 5360
5379 3 2 1 8 5333 5334 5362 5361
5380 3 2 1 8 5334 5335 5363 5362
5381 3 2 1 8 5335 5336 5364 5363
5382 3 2 1 8 5336 5337 5365 5364
5383 3 2 1 8 5337 5338 5366 5365
5384 3 2 1 8 5338 5339 5367 5366
5385 3 2 1 8 5339 5340 5368 5367
5386 3 2 1 8 5340 5341 5369 5368
5387 3 2 1 8 5341 5342 5370 5369
5388 3 2 1 8 5342 5343 5371 5370
5389 3 2 1 8 5343 5344 5372 5371
5390 3 2 1 8 5344 5345 5373 5372
5391 3 2 1 8 5345 5346 5374 5373
5392 3 2 1 8 5346 5347 5375 5374
5393 3 2 1 8 5347 5348 5376 5375
5394 3 2 1 8 5348 5349 5377 5376
5395 3 2 1 8 5349 5350 5378 5377
5396 3 2 1 8 5350 5351 5379 5378
5397 3 2 1 8 5351 5352 5380 5379
5398 3 2 1 8 5352 563 564 5380
5399 3 2 1 8 388 5353 407 16
5400 3 2 1 8 5353 5354 408 407
5401 3 2 1 8 5354 5355 409 408
5402 3 2 1 8 5355 5356 410 409
5403 3 2 1 8 5356 5357 411 410
5404 3 2 1 8 5357 5358 412 411
5405 3 2 1 8 5358 5359 413 412
5406 3 2 1 8 5359 5360 414 413
5407 3 2 1 8 5360 5361 415 414
5408 3 2 1 8 5361 5362 416 415
5409 3 2 1 8 5362 5363 417 416
5410 3 2 1 8 5363 5364 418 417
5411 3 2 1 8 5364 5365 419 418
5412 3 2 1 8 5365 5366 420 419
5413 3 2 1 8 5366 5367 421 420
5414 3 2 1 8 5367 5368 422 421
5415 3 2 1 8 5368 5369 423 422
5416 3 2 1 8 5369 5370 424 423
5417 3 2 1 8 5370 5371 425 424
5418 3 2 1 8 5371 5372 426 425
5419 3 2 1 8 5372 5373 427 426
5420 3 2 1 8 5373 5374 428 427
5421 3 2 1 8 5374 5375 429 428
5422 3 2 1 8 5375 5376 430 429
5423 3 2 1 8 5376 5377 431 430
5424 3 2 1 8 5377 5378 432 431
5425 3 2 1 8 5378 5379 433 432
5426 3 2 1 8 5379 5380 434 433
5427 3 2 1 8 5380 564 9 434
5428 3 2 1 9 6 565 5381 391
5429 3 2 1 9 565 566 5382 5381
5430 3 2 1 9 566 567 5383 5382
5431 3 2 1 9 567 568 5384 5383
5432 3 2 1 9 568 569 5385 5384
5433 3 2 1 9 569 570 5386 5385
5434 3 2 1 9 570 571 5387 5386
5435 3 2 1 9 571 572 5388 5387
5436 3 2 1 9 572 573 5389 5388
5437 3 2 1 9 573 574 5390 5389
5438 3 2 1 9 574 575 5391 5390
5439 3 2 1 9 575 576 5392 5391
5440 3 2 1 9 576 577 5393 5392
5441 3 2 1 9 577 578 5394 5393
5442 3 2 1 9 578 579 5395 5394
5443 3 2 1 9 579 580 5396 5395
5444 3 2 1 9 580 581 5397 5396
5445 3 2 1 9 581 582 5398 5397
5446 3 2 1 9 582 583 5399 5398
5447 3 2 1 9 583 584 5400 5399
5448 3 2 1 9 584 585 5401 5400
5449 3 2 1 9 585 586 5402 5401
5450 3 2 1 9 586 587 5403 5402
5451 3 2 1 9 587 588 5404 5403
5452 3 2 1 9 588 589 5405 5404
5453 3 2 1 9 589 590 5406 5405
5454 3 2 1 9 590 591 5407 5406
5455 3 2 1 9 591 592 5408 5407
5456 3 2 1 9 592 7 593 5408
5457 3 2 1 9 391 5381 5409 392
5458 3 2 1 9 5381 5382 5410 5409
5459 3 2 1 9 5382 5383 5411 5410
5460 3 2 1 9 5383 5384 5412 5411
5461 3 2 1 9 5384 5385 5413 5412
5462 3 2 1 9 5385 5386 5414 5413
5463 3 2 1 9 5386 5387 5415 5414
5464 3 2 1 9 5387 5388 5416 5415
5465 3 2 1 9 5388 5389 5417 5416
5466 3 2 1 9 5389 5390 5418 5417
5467 3 2 1 9 5390 5391 5419 5418
5468 3 2 1 9 5391 5392 5420 5419
5469 3 2 1 9 5392 5393 5421 5420
5470 3 2 1 9 5393 5394 5422 5421
5471 3 2 1 9 5394 5395 5423 5422
5472 3 2 1 9 5395 5396 5424 5423
5473 3 2 1 9 5396 5397 5425 5424
5474 3 2 1 9 5397 5398 5426 5425
5475 3 2 1 9 5398 5399 5427 5426
5476 3 2 1 9 5399 5400 5428 5427
5477 3 2 1 9 5400 5401 5429 5428
5478 3 2 1 9 5401 5402 5430 5429
5479 3 2 1 9 5402 5403 5431 5430
5480 3 2 1 9 5403 5404 5432 5431
5481 3 2 1 9 5404 5405 5433 5432
5482 3 2 1 9 5405 5406 5434 5433
5483 3 2 1 9 5406 5407 5435 5434
5484 3 2 1 9 5407 5408 5436 5435
5485 3 2 1 9 5408 593 594 5436
5486 3 2 1 9 392 5409 5437 393
5487 3 2 1 9 5409 5410 5438 5437
5488 3 2 1 9 5410 5411 5439 5438
5489 3 2 1 9 5411 5412 5440 5439
5490 3 2 1 9 5412 5413 5441 5440
5491 3 2 1 9 5413 5414 5442 5441
5492 3 2 1 9 5414 5415 5443 5442
5493 3 2 1 9 5415 5416 5444 5443
5494 3 2 1 9 5416 5417 5445 5444
5495 3 2 1 9 5417 5418 5446 5445
5496 3 2 1 9 5418 5419 5447 5446
5497 3 2 1 9 5419 5420 5448 5447
5498 3 2 1 9 5420 5421 5449 5448
5499 3 2 1 9 5421 5422 5450 5449
5500 3 2 1 9 5422 5423 5451 5450
5501 3 2 1 9 5423 5424 5452 5451
5502 3 2 1 9 5424 5425 5453 5452
5503 3 2 1 9 5425 5426 5454 5453
5504 3 2 1 9 5426 5427 5455 5454
5505 3 2 1 9 5427 5428 5456 5455
5506 3 2 1 9 5428 5429 5457 5456
5507 3 2 1 9 5429 5430 5458 5457
5508 3 2 1 9 5430 5431 5459 5458
5509 3 2 1 9 5431 5432 5460 5459
5510 3 2 1 9 5432 5433 5461 5460
5511 3 2 1 9 5433 5434 5462 5461
5512 3 2 1 9 5434 5435 5463 5462
5513 3 2 1 9 5435 5436 5464 5463
5514 3 2 1 9 5436 594 595 5464
5515 3 2 1 9 393 5437 5465 394
5516 3 2 1 9 5437 5438 5466 5465
5517 3 2 1 9 5438 5439 5467 5466
5518 3 2 1 9 5439 5440 5468 5467
5519 3 2 1 9 5440 5441 5469 5468
5520 3 2 1 9 5441 5442 5470 5469
5521 3 2 1 9 5442 5443 5471 5470
5522 3 2 1 9 5443 5444 5472 5471
5523 3 2 1 9 5444 5445 5473 5472
5524 3 2 1 9 5445 5446 5474 5473
5525 3 2 1 9 5446 5447 5475 5474
5526 3 2 1 9 5447 5448 5476 5475
5527 3 2 1 9 5448 5449 5477 5476
5528 3 2 1 9 5449 5450 5478 5477
5529 3 2 1 9 5450 5451 5479 5478
5530 3 2 1 9 5451 5452 5480 5479
5531 3 2 1 9 5452 5453 5481 5480
5532 3 2 1 9 5453 5454 5482 5481
5533 3 2 1 9 5454 5455 5483 5482
5534 3 2 1 9 5455 5456 5484 5483
5535 3 2 1 9 5456 5457 5485 5484
5536 3 2 1 9 5457 5458 5486 5485
5537 3 2 1 9 5458 5459 5487 5486
5538 3 2 1 9 5459 5460 5488 5487
5539 3 2 1 9 5460 5461 5489 5488
5540 3 2 1 9 5461 5462 5490 5489
5541 3 2 1 9 5462 5463 5491 5490
5542 3 2 1 9 5463 5464 5492 5491
5543 3 2 1 9 5464 595 596 5492
5544 3 2 1 9 394 5465 5493 395
5545 3 2 1 9 5465 5466 5494 5493
5546 3 2 1 9 5466 5467 5495 5494
5547 3 2 1 9 5467 5468 5496 5495
5548 3 2 1 9 5468 5469 5497 5496
5549 3 2 1 9 5469 5470 5498 5497
5550 3 2 1 9 5470 5471 5499 5498
5551 3 2 1 9 5471 5472 5500 5499
5552 3 2 1 9 5472 5473 5501 5500
5553 3 2 1 9 5473 5474 5502 5501
5554 3 2 1 9 5474 5475 5503 5502
5555 3 2 1 9 5475 5476 5504 5503
5556 3 2 1 9 5476 5477 5505 5504
5557 3 2 1 9 5477 5478 5506 5505
5558 3 2 1 9 5478 5479 5507 5506
5559 3 2 1 9 5479 5480 5508 5507
5560 3 2 1 9 5480 5481 5509 5508
5561 3 2 1 9 5481 5482 5510 5509
5562 3 2 1 9 5482 5483 5511 5510
5563 3 2 1 9 5483 5484 5512 5511
5564 3 2 1 9 5484 5485 5513 5512
5565 3 2 1 9 5485 5486 5514 5513
5566 3 2 1 9 5486 5487 5515 5514
5567 3 2 1 9 5487 5488 5516 5515
5568 3 2 1 9 5488 5489 5517 5516
5569 3 2 1 9 5489 5490 5518 5517
5570 3 2 1 9 5490 5491 5519 5518
5571 3 2 1 9 5491 5492 5520 5519
5572 3 2 1 9 5492 596 597 5520
5573 3 2 1 9 395 5493 5521 396
5574 3 2 1 9 5493 5494 5522 5521
5575 3 2 1 9 5494 5495 5523 5522
5576 3 2 1 9 5495 5496 5524 5523
5577 3 2 1 9 5496 5497 5525 5524
5578 3 2 1 9 5497 5498 5526 5525
5579 3 2 1 9 5498 5499 5527 5526
5580 3 2 1 9 5499 5500 5528 5527
5581 3 2 1 9 5500 5501 5529 5528
5582 3 2 1 9 5501 5502 5530 5529
5583 3 2 1 9 5502 5503 5531 5530
5584 3 2 1 9 5503 5504 5532 5531
5585 3 2 1 9 5504 5505 5533 5532
5586 3 2 1 9 5505 5506 5534 5533
5587 3 2 1 9 5506 5507 5535 5534
5588 3 2 1 9 5507 5508 5536 5535
5589 3 2 1 9 5508 5509 5537 5536
5590 3 2 1 9 5509 5510 5538 5537
5591 3 2 1 9 5510 5511 5539 5538
5592 3 2 1 9 5511 5512 5540 5539
5593 3 2 1 9 5512 5513 5541 5540
5594 3 2 1 9 5513 5514 5542 5541
5595 3 2 1 9 5514 5515 5543 5542
5596 3 2 1 9 5515 5516 5544 5543
5597 3 2 1 9 5516 5517 5545 5544
5598 3 2 1 9 5517 5518 5546 5545
5599 3 2 1 9 5518 5519 5547 5546
5600 3 2 1 9 5519 5520 5548 5547
5601 3 2 1 9 5520 597 598 5548
5602 3 2 1 9 396 5521 5549 397
5603 3 2 1 9 5521 5522 5550 5549
5604 3 2 1 9 5522 5523 5551 5550
5605 3 2 1 9 5523 5524 5552 5551
5606 3 2 1 9 5524 5525 5553 5552
5607 3 2 1 9 5525 5526 5554 5553
5608 3 2 1 9 5526 5527 5555 5554
5609 3 2 1 9 5527 5528 5556 5555
5610 3 2 1 9 5528 5529 5557 5556
5611 3 2 1 9 5529 5530 5558 5557
5612 3 2 1 9 5530 5531 5559 5558
5613 3 2 1 9 5531 5532 5560 5559
5614 3 2 1 9 5532 5533 5561 5560
5615 3 2 1 9 5533 5534 5562 5561
5616 3 2 1 9 5534 5535 5563 5562
5617 3 2 1 9 5535 5536 5564 5563
5618 3 2 1 9 5536 5537 5565 5564
5619 3 2 1 9 5537 5538 5566 5565
5620 3 2 1 9 5538 5539 5567 5566
5621 3 2 1 9 5539 5540 5568 5567
5622 3 2 1 9 5540 5541 5569 5568
5623 3 2 1 9 5541 5542 5570 5569
5624 3 2 1 9 5542 5543 5571 5570
5625 3 2 1 9 5543 5544 5572 5571
5626 3 2 1 9 5544 5545 5573 5572
5627 3 2 1 9 5545 5546 5574 5573
5628 3 2 1 9 5546 5547 5575 5574
5629 3 2 1 9 5547 5548 5576 5575
5630 3 2 1 9 5548 598 599 5576
5631 3 2 1 9 397 5549 5577 398
5632 3 2 1 9 5549 5550 5578 5577
5633 3 2 1 9 5550 5551 5579 5578
5634 3 2 1 9 5551 5552 5580 5579
5635 3 2 1 9 5552 5553 5581 5580
5636 3 2 1 9 5553 5554 5582 5581
5637 3 2 1 9 5554 5555 5583 5582
5638 3 2 1 9 5555 5556 5584 5583
5639 3 2 1 9 5556 5557 5585 5584
5640 3 2 1 9 5557 5558 5586 5585
5641 3 2 1 9 5558 5559 5587 5586
5642 3 2 1 9 5559 5560 5588 5587
5643 3 2 1 9 5560 5561 5589 5588
5644 3 2 1 9 5561 5562 5590 5589
5645 3 2 1 9 5562 5563 5591 5590
5646 3 2 1 9 5563 5564 5592 5591
5647 3 2 1 9 5564 5565 5593 5592
5648 3 2 1 9 5565 5566 5594 5593
5649 3 2 1 9 5566 5567 5595 5594
5650 3 2 1 9 5567 5568 5596 5595
5651 3 2 1 9 5568 5569 5597 5596
5652 3 2 1 9 5569 5570 5598 5597
5653 3 2 1 9 5570 5571 5599 5598
5654 3 2 1 9 5571 5572 5600 5599
5655 3 2 1 9 5572 5573 5601 5600
5656 3 2 1 9 5573 5574 5602 5601
5657 3 2 1 9 5574 5575 5603 5602
5658 3 2 1 9 5575 5576 5604 5603
5659 3 2 1 9 5576 599 600 5604
5660 3 2 1 9 398 5577 5605 399
5661 3 2 1 9 5577 5578 5606 5605
5662 3 2 1 9 5578 5579 5607 5606
5663 3 2 1 9 5579 5580 5608 5607
5664 3 2 1 9 5580 5581 5609 5608
5665 3 2 1 9 5581 5582 5610 5609
5666 3 2 1 9 5582 5583 5611 5610
5667 3 2 1 9 5583 5584 5612 5611
5668 3 2 1 9 5584 5585 5613 5612
5669 3 2 1 9 5585 5586 5614 5613
5670 3 2 1 9 5586 5587 5615 5614
5671 3 2 1 9 5587 5588 5616 5615
5672 3 2 1 9 5588 5589 5617 5616
5673 3 2 1 9 5589 5590 5618 5617
5674 3 2 1 9 5590 5591 5619 5618
5675 3 2 1 9 5591 5592 5620 5619
5676 3 2 1 9 5592 5593 5621 5620
5677 3 2 1 9 5593 5594 5622 5621
5678 3 2 1 9 5594 5595 5623 5622
5679 3 2 1 9 5595 5596 5624 5623
5680 3 2 1 9 5596 5597 5625 5624
5681 3 2 1 9 5597 5598 5626 5625
5682 3 2 1 9 5598 5599 5627 5626
5683 3 2 1 9 5599 5600 5628 5627
5684 3 2 1 9 5600 5601 5629 5628
5685 3 2 1 9 5601 5602 5630 5629
5686 3 2 1 9 5602 5603 5631 5630
5687 3 2 1 9 5603 5604 5632 5631
5688 3 2 1 9 5604 600 601 5632
5689 3 2 1 9 399 5605 5633 400
5690 3 2 1 9 5605 5606 5634 5633
5691 3 2 1 9 5606 5607 5635 5634
5692 3 2 1 9 5607 5608 5636 5635
5693 3 2 1 9 5608 5609 5637 5636
5694 3 2 1 9 5609 5610 5638 5637
5695 3 2 1 9 5610 5611 5639 5638
5696 3 2 1 9 5611 5612 5640 5639
5697 3 2 1 9 5612 5613 5641 5640
5698 3 2 1 9 5613 5614 5642 5641
5699 3 2 1 9 5614 5615 5643 5642
5700 3 2 1 9 5615 5616 5644 5643
5701 3 2 1 9 5616 5617 5645 5644
5702 3 2 1 9 5617 5618 5646 5645
5703 3 2 1 9 5618 5619 5647 5646
5704 3 2 1 9 5619 5620 5648 5647
5705 3 2 1 9 5620 5621 5649 5648
5706 3 2 1 9 5621 5622 5650 5649
5707 3 2 1 9 5622 5623 5651 5650
5708 3 2 1 9 5623 5624 5652 5651
5709 3 2 1 9 5624 5625 5653 5652
5710 3 2 1 9 5625 5626 5654 5653
5711 3 2 1 9 5626 5627 5655 5654
5712 3 2 1 9 5627 5628 5656 5655
5713 3 2 1 9 5628 5629 5657 5656
5714 3 2 1 9 5629 5630 5658 5657
5715 3 2 1 9 5630 5631 5659 5658
5716 3 2 1 9 5631 5632 5660 5659
5717 3 2 1 9 5632 601 602 5660
5718 3 2 1 9 400 5633 5661 401
5719 3 2 1 9 5633 5634 5662 5661
5720 3 2 1 9 5634 5635 5663 5662
5721 3 2 1 9 5635 5636 5664 5663
5722 3 2 1 9 5636 5637 5665 5664
5723 3 2 1 9 5637 5638 5666 5665
5724 3 2 1 9 5638 5639 5667 5666
5725 3 2 1 9 5639 5640 5668 5667
5726 3 2 1 9 5640 5641 5669 5668
5727 3 2 1 9 5641 5642 5670 5669
5728 3 2 1 9 5642 5643 5671 5670
5729 3 2 1 9 5643 5644 5672 5671
5730 3 2 1 9 5644 5645 5673 5672
5731 3 2 1 9 5645 5646 5674 5673
5732 3 2 1 9 5646 5647 5675 5674
5733 3 2 1 9 5647 5648 5676 5675
5734 3 2 1 9 5648 5649 5677 5676
5735 3 2 1 9 5649 5650 5678 5677
5736 3 2 1 9 5650 5651 5679 5678
5737 3 2 1 9 5651 5652 5680 5679
5738 3 2 1 9 5652 5653 5681 5680
5739 3 2 1 9 5653 5654 5682 5681
5740 3 2 1 9 5654 5655 5683 5682
5741 3 2 1 9 5655 5656 5684 5683
5742 3 2 1 9 5656 5657 5685 5684
5743 3 2 1 9 5657 5658 5686 5685
5744 3 2 1 9 5658 5659 5687 5686
5745 3 2 1 9 5659 5660 5688 5687
5746 3 2 1 9 5660 602 603 5688
5747 3 2 1 9 401 5661 5689 402
5748 3 2 1 9 5661 5662 5690 5689
5749 3 2 1 9 5662 5663 5691 5690
5750 3 2 1 9 5663 5664 5692 5691
5751 3 2 1 9 5664 5665 5693 5692
5752 3 2 1 9 5665 5666 5694 5693
5753 3 2 1 9 5666 5667 5695 5694
5754 3 2 1 9 5667 5668 5696 5695
5755 3 2 1 9 5668 5669 5697 5696
5756 3 2 1 9 5669 5670 5698 5697
5757 3 2 1 9 5670 5671 5699 5698
5758 3 2 1 9 5671 5672 5700 5699
5759 3 2 1 9 5672 5673 5701 5700
5760 3 2 1 9 5673 5674 5702 5701
5761 3 2 1 9 5674 5675 5703 5702
5762 3 2 1 9 5675 5676 5704 5703
5763 3 2 1 9 5676 5677 5705 5704
5764 3 2 1 9 5677 5678 5706 5705
5765 3 2 1 9 5678 5679 5707 5706
5766 3 2 1 9 5679 5680 5708 5707
5767 3 2 1 9 5680 5681 5709 5708
5768 3 2 1 9 5681 5682 5710 5709
5769 3 2 1 9 5682 5683 5711 5710
5770 3 2 1 9 5683 5684 5712 5711
5771 3 2 1 9 5684 5685 5713 5712
5772 3 2 1 9 5685 5686 5714 5713
5773 3 2 1 9 5686 5687 5715 5714
5774 3 2 1 9 5687 5688 5716 5715
5775 3 2 1 9 5688 603 604 5716
5776 3 2 1 9 402 5689 5717 403
5777 3 2 1 9 5689 5690 5718 5717
5778 3 2 1 9 5690 5691 5719 5718
5779 3 2 1 9 5691 5692 5720 5719
5780 3 2 1 9 5692 5693 5721 5720
5781 3 2 1 9 5693 5694 5722 5721
5782 3 2 1 9 5694 5695 5723 5722
5783 3 2 1 9 5695 5696 5724 5723
5784 3 2 1 9 5696 5697 5725 5724
5785 3 2 1 9 5697 5698 5726 5725
5786 3 2 1 9 5698 5699 5727 5726
5787 3 2 1 9 5699 5700 5728 5727
5788 3 2 1 9 5700 5701 5729 5728
5789 3 2 1 9 5701 5702 5730 5729
5790 3 2 1 9 5702 5703 5731 5730
5791 3 2 1 9 5703 5704 5732 5731
5792 3 2 1 9 5704 5705 5733 5732
5793 3 2 1 9 5705 5706 5734 5733
5794 3 2 1 9 5706 5707 5735 5734
5795 3 2 1 9 5707 5708 5736 5735
5796 3 2 1 9 5708 5709 5737 5736
5797 3 2 1 9 5709 5710 5738 5737
5798 3 2 1 9 5710 5711 5739 5738
5799 3 2 1 9 5711 5712 5740 5739
5800 3 2 1 9 5712 5713 5741 5740
5801 3 2 1 9 5713 5714 5742 5741
5802 3 2 1 9 5714 5715 5743 5742
5803 3 2 1 9 5715 5716 5744 5743
5804 3 2 1 9 5716 604 605 5744
5805 3 2 1 9 403 5717 5745 404
5806 3 2 1 9 5717 5718 5746 5745
5807 3 2 1 9 5718 5719 5747 5746
5808 3 2 1 9 5719 5720 5748 5747
5809 3 2 1 9 5720 5721 5749 5748
5810 3 2 1 9 5721 5722 5750 5749
5811 3 2 1 9 5722 5723 5751 5750
5812 3 2 1 9 5723 5724 5752 5751
5813 3 2 1 9 5724 5725 5753 5752
5814 3 2 1 9 5725 5726 5754 5753
5815 3 2 1 9 5726 5727 5755 5754
5816 3 2 1 9 5727 5728 5756 5755
5817 3 2 1 9 5728 5729 5757 5756
5818 3 2 1 9 5729 5730 5758 5757
5819 3 2 1 9 5730 5731 5759 5758
5820 3 2 1 9 5731 5732 5760 5759
5821 3 2 1 9 5732 5733 5761 5760
5822 3 2 1 9 5733 5734 5762 5761
5823 3 2 1 9 5734 5735 5763 5762
5824 3 2 1 9 5735 5736 5764 5763
5825 3 2 1 9 5736 5737 5765 5764
5826 3 2 1 9 5737 5738 5766 5765
5827 3 2 1 9 5738 5739 5767 5766
5828 3 2 1 9 5739 5740 5768 5767
5829 3 2 1 9 5740 5741 5769 5768
5830 3 2 1 9 5741 5742 5770 5769
5831 3 2 1 9 5742 5743 5771 5770
5832 3 2 1 9 5743 5744 5772 5771
5833 3 2 1 9 5744 605 606 5772
5834 3 2 1 9 404 5745 5773 405
5835 3 2 1 9 5745 5746 5774 5773
5836 3 2 1 9 5746 5747 5775 5774
5837 3 2 1 9 5747 5748 5776 5775
5838 3 2 1 9 5748 5749 5777 5776
5839 3 2 1 9 5749 5750 5778 5777
5840 3 2 1 9 5750 5751 5779 5778
5841 3 2 1 9 5751 5752 5780 5779
5842 3 2 1 9 5752 5753 5781 5780
5843 3 2 1 9 5753 5754 5782 5781
5844 3 2 1 9 5754 5755 5783 5782
5845 3 2 1 9 5755 5756 5784 5783
5846 3 2 1 9 5756 5757 5785 5784
5847 3 2 1 9 5757 5758 5786 5785
5848 3 2 1 9 5758 5759 5787 5786
5849 3 2 1 9 5759 5760 5788 5787
5850 3 2 1 9 5760 5761 5789 5788
5851 3 2 1 9 5761 5762 5790 5789
5852 3 2 1 9 5762 5763 5791 5790
5853 3 2 1 9 5763 5764 5792 5791
5854 3 2 1 9 5764 5765 5793 5792
5855 3 2 1 9 5765 5766 5794 5793
5856 3 2 1 9 5766 5767 5795 5794
5857 3 2 1 9 5767 5768 5796 5795
5858 3 2 1 9 5768 5769 5797 5796
5859 3 2 1 9 5769 5770 5798 5797
5860 3 2 1 9 5770 5771 5799 5798
5861 3 2 1 9 5771 5772 5800 5799
5862 3 2 1 9 5772 606 607 5800
5863 3 2 1 9 405 5773 5801 406
5864 3 2 1 9 5773 5774 5802 5801
5865 3 2 1 9 5774 5775 5803 5802
5866 3 2 1 9 5775 5776 5804 5803
5867 3 2 1 9 5776 5777 5805 5804
5868 3 2 1 9 5777 5778 5806 5805
5869 3 2 1 9 5778 5779 5807 5806
5870 3 2 1 9 5779 5780 5808 5807
5871 3 2 1 9 5780 5781 5809 5808
5872 3 2 1 9 5781 5782 5810 5809
5873 3 2 1 9 5782 5783 5811 5810
5874 3 2 1 9 5783 5784 5812 5811
5875 3 2 1 9 5784 5785 5813 5812
5876 3 2 1 9 5785 5786 5814 5813
5877 3 2 1 9 5786 5787 5815 5814
5878 3 2 1 9 5787 5788 5816 5815
5879 3 2 1 9 5788 5789 5817 5816
5880 3 2 1 9 5789 5790 5818 5817
5881 3 2 1 9 5790 5791 5819 5818
5882 3 2 1 9 5791 5792 5820 5819
5883 3 2 1 9 5792 5793 5821 5820
5884 3 2 1 9 5793 5794 5822 5821
5885 3 2 1 9 5794 5795 5823 5822
5886 3 2 1 9 5795 5796 5824 5823
5887 3 2 1 9 5796 5797 5825 5824
5888 3 2 1 9 5797 5798 5826 5825
5889 3 2 1 9 5798 5799 5827 5826
5890 3 2 1 9 5799 5800 5828 5827
5891 3 2 1 9 5800 607 608 5828
5892 3 2 1 9 406 5801 479 15
5893 3 2 1 9 5801 5802 480 479
5894 3 2 1 9 5802 5803 481 480
5895 3 2 1 9 5803 5804 482 481
5896 3 2 1 9 5804 5805 483 482
5897 3 2 1 9 5805 5806 484 483
5898 3 2 1 9 5806 5807 485 484
5899 3 2 1 9 5807 5808 486 485
5900 3 2 1 9 5808 5809 487 486
5901 3 2 1 9 5809 5810 488 487
5902 3 2 1 9 5810 5811 489 488
5903 3 2 1 9 5811 5812 490 489
5904 3 2 1 9 5812 5813 491 490
5905 3 2 1 9 5813 5814 492 491
5906 3 2 1 9 5814 5815 493 492
5907 3 2 1 9 5815 5816 494 493
5908 3 2 1 9 5816 5817 495 494
5909 3 2 1 9 5817 5818 496 495
5910 3 2 1 9 5818 5819 497 496
5911 3 2 1 9 5819 5820 498 497
5912 3 2 1 9 5820 5821 499 498
5913 3 2 1 9 5821 5822 500 499
5914 3 2 1 9 5822 5823 501 500
5915 3 2 1 9 5823 5824 502 501
5916 3 2 1 9 5824 5825 503 502
5917 3 2 1 9 5825 5826 504 503
5918 3 2 1 9 5826 5827 505 504
5919 3 2 1 9 5827 5828 506 505
5920 3 2 1 9 5828 608 8 506
$EndElements
